"","DateTime","Identifier","Identifier2","PuzzleType","YEAR","LorD","SiteID","GroupSize","agesex","UniqueID2","Disease","PuzzleSequence"
"1"," 2024-02-06 06:07:37","NE1_EVENT1","NE1_EVENT1_W_2024","W","2024","D","NE1",1,"F","NE1-F1_2024","mangey",1
"2"," 2024-02-06 06:10:24","NE1_EVENT1","NE1_EVENT1_A_2024","A","2024","D","NE1",1,"F","NE1-F1_2024","mangey",2
"3"," 2024-02-06 09:32:06","NE1_EVENT2","NE1_EVENT2_A_2024","A","2024","L","NE1",1,"F","NE1-F1_2024","mangey",0
"4"," 2024-02-10 21:07:04","NE1_EVENT3","NE1_EVENT3_A_2024","A","2024","D","NE1",1,"F","NE1-F1_2024","mangey",0
"5"," 2024-02-16 20:27:06","NE1_EVENT4","NE1_EVENT4_W_2024","W","2024","D","NE1",1,"SF","NE1-SF1_2024","limp",1
"6"," 2024-02-16 20:27:22","NE1_EVENT4","NE1_EVENT4_A_2024","A","2024","D","NE1",1,"SF","NE1-SF1_2024","limp",2
"7"," 2024-02-19 12:49:44","NE1_EVENT5","NE1_EVENT5_A_2024","A","2024","L","NE1",1,"M","NE1-M1_2024","N",0
"8"," 2024-02-21 03:59:41","NE1_EVENT6","NE1_EVENT6_W_2024","W","2024","D","NE1",1,"F","NE1-F1_2024","mangey",0
"9"," 2024-02-22 08:18:30","NE1_EVENT7","NE1_EVENT7_A_2024","A","2024","L","NE1",1,"F","NE1-F1_2024","mangey",0
"10"," 2024-02-23 03:22:28","NE1_EVENT8","NE1_EVENT8_W_2024","W","2024","D","NE1",1,"F","NE1-F1_2024","mangey",1
"11"," 2024-02-23 03:23:42","NE1_EVENT8","NE1_EVENT8_A_2024","A","2024","D","NE1",1,"F","NE1-F1_2024","mangey",2
"12"," 2024-02-28 05:31:24","NE1_EVENT9","NE1_EVENT9_A_2024","A","2024","D","NE1",1,"F","NE1-F1_2024","mangey",0
"13"," 2024-02-06 18:46:24","NE2_EVENT1","NE2_EVENT1_W_2024","W","2024","D","NE2",1,"SM","NE2-SM1_2024","N",0
"14"," 2024-02-06 23:38:12","NE2_EVENT2","NE2_EVENT2_W_2024","W","2024","D","NE2",1,"SM","NE2-SM1_2024","N",1
"15"," 2024-02-06 23:40:52","NE2_EVENT2","NE2_EVENT2_A_2024","A","2024","D","NE2",1,"SM","NE2-SM1_2024","N",2
"16"," 2024-02-07 21:25:38","NE2_EVENT3","NE2_EVENT3_A_2024","A","2024","D","NE2",1,"Unk","NE2-U1_2024","N",0
"17"," 2024-02-08 06:14:00","NE2_EVENT4","NE2_EVENT4_W_2024","W","2024","D","NE2",1,"SM","NE2-SM1_2024","N",0
"18"," 2024-02-08 07:10:44","NE2_EVENT5","NE2_EVENT5_W_2024","W","2024","D","NE2",1,"SM","NE2-SM1_2024","N",0
"19"," 2024-02-09 05:10:16","NE2_EVENT6","NE2_EVENT6_A_2024","A","2024","D","NE2",1,"SF","NE2-SF1_2024","thin shoulder fur",0
"20"," 2024-02-19 18:28:24","NE2_EVENT7","NE2_EVENT7_W_2024","W","2024","D","NE2",1,"SM","NE2-SM1_2024","N",1
"21"," 2024-02-19 18:28:44","NE2_EVENT7","NE2_EVENT7_A_2024","A","2024","D","NE2",1,"SM","NE2-SM1_2024","N",2
"22"," 2024-02-22 04:57:20","NE2_EVENT8","NE2_EVENT8_A_2024","A","2024","D","NE2",1,"SF","NE2-SF1_2024","thin shoulder fur",0
"23"," 2024-02-27 13:14:56","NE2_EVENT9","NE2_EVENT9_A_2024","A","2024","D","NE2",1,"SF","NE2-SF1_2024","thin shoulder fur",0
"24"," 2024-02-13 06:27:48","NE3_EVENT1","NE3_EVENT1_A_2024","A","2024","D","NE3",1,"SM","NE3-SM1_2024","N",0
"25"," 2024-02-25 02:35:20","NE3_EVENT2","NE3_EVENT2_A_2024","A","2024","D","NE3",1,"F","NE3-F1_2024","N",0
"26"," 2024-02-07 23:39:34","NE4_EVENT1","NE4_EVENT1_W_2024","W","2024","D","NE4",1,"M","NE4-M1_2024","N",1
"27"," 2024-02-07 23:39:42","NE4_EVENT1","NE4_EVENT1_A_2024","A","2024","D","NE4",1,"M","NE4-M1_2024","N",2
"28"," 2024-02-08 13:16:18","NE4_EVENT2","NE4_EVENT2_W_2024","W","2024","N","NE4",1,"F","NE4-F1_2024","scruffy, dark bum",0
"29"," 2024-02-08 18:20:56","NE4_EVENT3","NE4_EVENT3_W_2024","W","2024","D","NE4",1,"Unk","NE4-U1_2024","N",0
"30"," 2024-02-08 23:50:16","NE4_EVENT4","NE4_EVENT4_W_2024","W","2024","D","NE4",1,"F","NE4-F1_2024","scruffy, dark bum",0
"31"," 2024-02-10 17:41:50","NE4_EVENT5","NE4_EVENT5_W_2024","W","2024","N","NE4",1,"M","NE4-M1_2024","N",0
"32"," 2024-02-06 02:54:36","NE5_EVENT1","NE5_EVENT1_A_2024","A","2024","D","NE5",1,"F","NE5-F1_2024","N",0
"33"," 2024-02-06 06:26:34","NE5_EVENT2","NE5_EVENT2_A_2024","A","2024","D","NE5",1,"Unk","NE5-U1_2024","N",0
"34"," 2024-02-06 06:53:30","NE5_EVENT3","NE5_EVENT3_A_2024","A","2024","D","NE5",2,"F + U","NE5-F1 + NE5-U1_2024","N",0
"35"," 2024-02-07 06:19:20","NE5_EVENT4","NE5_EVENT4_A_2024","A","2024","D","NE5",1,"U","NE5-U1_2024","N",0
"36"," 2024-02-07 06:47:32","NE5_EVENT5","NE5_EVENT5_A_2024","A","2024","D","NE5",1,"M","NE5-M1_2024","shaggy tail",0
"37"," 2024-02-07 13:28:32","NE5_EVENT6","NE5_EVENT6_A_2024","A","2024","L","NE5",1,"M","NE5-M1_2024","shaggy tail",0
"38"," 2024-02-08 12:08:14","NE5_EVENT7","NE5_EVENT7_A_2024","A","2024","L","NE5",1,"M","NE5-M1_2024","shaggy tail",0
"39"," 2024-02-08 12:59:30","NE5_EVENT8","NE5_EVENT8_A_2024","A","2024","L","NE5",1,"SF","NE5-SF1_2024","N",0
"40"," 2024-02-08 22:49:28","NE5_EVENT9","NE5_EVENT9_A_2024","A","2024","D","NE5",1,"Unk","NE5-U1_2024","N",0
"41"," 2024-02-10 00:52:38","NE5_EVENT10","NE5_EVENT10_A_2024","A","2024","D","NE5",1,"Unk","NE5-U2_2024","N",0
"42"," 2024-02-10 07:19:04","NE5_EVENT11","NE5_EVENT11_A_2024","A","2024","D","NE5",1,"Unk","NE5-U2_2024","N",0
"43"," 2024-02-10 18:19:10","NE5_EVENT12","NE5_EVENT12_A_2024","A","2024","D","NE5",2,"F + Unk","NE5-F1 + NE5-U1_2024","N",0
"44"," 2024-02-11 02:59:44","NE5_EVENT13","NE5_EVENT13_A_2024","A","2024","D","NE5",3,"F + SF + Unk","NE5-F1 + NE5-SF2 + NE5-U1_2024","partial tail",0
"45"," 2024-02-11 04:19:02","NE5_EVENT14","NE5_EVENT14_A_2024","A","2024","D","NE5",2,"F + Unk","NE5-F1 + NE5-U1_2024","N",0
"46"," 2024-02-12 02:06:34","NE5_EVENT15","NE5_EVENT15_A_2024","A","2024","D","NE5",1,"M","NE5-M1_2024","shaggy tail",0
"47"," 2024-02-12 07:27:34","NE5_EVENT16","NE5_EVENT16_A_2024","A","2024","D","NE5",1,"SM","NE5-SM1_2024","N",0
"48"," 2024-02-14 08:42:20","NE5_EVENT17","NE5_EVENT17_A_2024","A","2024","L","NE5",1,"F","NE5-F1_2024","N",0
"49"," 2024-02-14 14:02:08","NE5_EVENT18","NE5_EVENT18_A_2024","A","2024","L","NE5",1,"SM","NE5-SM2_2024","shaggy tail",0
"50"," 2024-02-15 10:05:14","NE5_EVENT19","NE5_EVENT19_A_2024","A","2024","L","NE5",1,"M","NE5-M1_2024","shaggy tail",0
"51"," 2024-02-15 15:17:38","NE5_EVENT20","NE5_EVENT20_A_2024","A","2024","L","NE5",1,"M","NE5-M1_2024","shaggy tail",0
"52"," 2024-02-15 19:16:22","NE5_EVENT21","NE5_EVENT21_A_2024","A","2024","D","NE5",2,"M + Unk","NE5-M1 + NE5-U3_2024","shaggy tail",0
"53"," 2024-02-15 20:54:30","NE5_EVENT22","NE5_EVENT22_A_2024","A","2024","D","NE5",1,"SF","NE5-SF3_2024","hunched",0
"54"," 2024-02-17 07:10:32","NE5_EVENT23","NE5_EVENT23_A_2024","A","2024","D","NE5",2,"M + SF","NE5-M1 + NE5-SF2_2024","shaggy tail, partial tail",0
"55"," 2024-02-18 17:27:44","NE5_EVENT24","NE5_EVENT24_A_2024","A","2024","L","NE5",1,"M","NE5-M1_2024","shaggy tail",0
"56"," 2024-02-18 21:51:06","NE5_EVENT25","NE5_EVENT25_W_2024","W","2024","D","NE5",1,"SF","NE5-SF2_2024","partial tail",0
"57"," 2024-02-19 03:32:28","NE5_EVENT26","NE5_EVENT26_A_2024","A","2024","D","NE5",1,"SF","NE5-SF2_2024","partial tail",0
"58"," 2024-02-19 05:55:14","NE5_EVENT27","NE5_EVENT27_A_2024","A","2024","D","NE5",2,"F + M","NE5-F2 + NE5-M1_2024","shaggy tail",0
"59"," 2024-02-19 22:32:02","NE5_EVENT28","NE5_EVENT28_A_2024","A","2024","D","NE5",2,"F + M","NE5-F2 + NE5-M1_2024","shaggy tail",0
"60"," 2024-02-20 03:14:32","NE5_EVENT29","NE5_EVENT29_A_2024","A","2024","D","NE5",2,"F + M","NE5-F2 + NE5-M1_2024","shaggy tail",0
"61"," 2024-02-21 17:34:56","NE5_EVENT30","NE5_EVENT30_A_2024","A","2024","L","NE5",1,"SM","NE5-SM2_2024","shaggy tail",1
"62"," 2024-02-21 17:35:52","NE5_EVENT30","NE5_EVENT30_W_2024","W","2024","L","NE5",1,"SM","NE5-SM2_2024","shaggy tail",2
"63"," 2024-02-22 13:58:22","NE5_EVENT31","NE5_EVENT31_A_2024","A","2024","L","NE5",1,"SM","NE5-SM2_2024","shaggy tail",0
"64"," 2024-02-22 15:58:22","NE5_EVENT32","NE5_EVENT32_W_2024","W","2024","L","NE5",1,"SM","NE5-SM2_2024","shaggy tail",0
"65"," 2024-02-24 08:29:08","NE5_EVENT33","NE5_EVENT33_A_2024","A","2024","L","NE5",1,"SM","NE5-SM1_2024","N",0
"66"," 2024-02-11 13:37:53","NE6_EVENT1","NE6_EVENT1_W_2024","W","2024","L","NE6",1,"F","NE6-F1_2024","a bit scruffy",0
"67"," 2024-02-17 22:13:54","NE6_EVENT2","NE6_EVENT2_W_2024","W","2024","D","NE6",1,"SF","NE6-SF1_2024","mange",0
"68"," 2024-02-13 01:29:34","NE7_EVENT1","NE7_EVENT1_A_2024","A","2024","D","NE7",1,"Unk","NE7-U1_2024","N",0
"69"," 2024-02-20 13:37:38","NE7_EVENT2","NE7_EVENT2_A_2024","A","2024","L","NE7",1,"M","NE7-M1_2024","N",0
"70"," 2024-02-24 08:11:06","NE7_EVENT3","NE7_EVENT3_A_2024","A","2024","L","NE7",1,"M","NE7-M1_2024","N",0
"71"," 2024-02-28 10:50:02","NE7_EVENT4","NE7_EVENT4_W_2024","W","2024","L","NE7",1,"SF","NE7-SF1_2024","N",0
"72"," 2024-03-21 11:30:42","NW1_EVENT1","NW1_EVENT1_A_2024","A","2024","L","NW1",1,"M","NW1-M1_2024","partial right ear, some missing butt fur",0
"73"," 2024-03-23 01:37:46","NW1_EVENT2","NW1_EVENT2_W_2024","W","2024","D","NW1",1,"M","NW1-M2_2024","N",0
"74"," 2024-03-24 02:55:16","NW1_EVENT3","NW1_EVENT3_A_2024","A","2024","D","NW1",1,"M","NW1-M1_2024","partial right ear, some missing butt fur",0
"75"," 2024-03-04 16:32:01","NW2_EVENT1","NW2_EVENT1_A_2024","A","2024","L","NW2",1,"M","NW2-M1_2024","N",0
"76"," 2024-03-04 17:21:04","NW2_EVENT2","NW2_EVENT2_A_2024","A","2024","L","NW2",1,"M","NW2-M1_2024","N",0
"77"," 2024-03-05 11:41:04","NW2_EVENT3","NW2_EVENT3_W_2024","W","2024","L","NW2",1,"F","NW2-F1_2024","forehead female",1
"78"," 2024-03-05 11:42:18","NW2_EVENT3","NW2_EVENT3_A_2024","A","2024","L","NW2",1,"F","NW2-F1_2024","forehead female",1
"79"," 2024-03-05 13:06:03","NW2_EVENT4","NW2_EVENT4_A_2024","A","2024","L","NW2",1,"F","NW2-F1_2024","forehead female",0
"80"," 2024-03-05 16:31:52","NW2_EVENT5","NW2_EVENT5_A_2024","A","2024","L","NW2",1,"F","NW2-F1_2024","forehead female",0
"81"," 2024-03-06 22:56:42","NW2_EVENT6","NW2_EVENT6_A_2024","A","2024","D","NW2",2,"F + M","NW2-F1 + NW2-M2_2024","forehead female + tufty male",1
"82"," 2024-03-06 22:57:52","NW2_EVENT6","NW2_EVENT6_W_2024","W","2024","D","NW2",2,"F + M","NW2-F1 + NW2-M2_2024","forehead female + tufty male",2
"83"," 2024-03-08 17:58:46","NW2_EVENT7","NW2_EVENT7_A_2024","A","2024","D","NW2",1,"Unk","NW2-U1_2024","N",0
"84"," 2024-03-08 19:04:38","NW2_EVENT8","NW2_EVENT8_A_2024","A","2024","D","NW2",1,"Unk","NW2-U2_2024","N",0
"85"," 2024-03-11 06:31:48","NW2_EVENT9","NW2_EVENT9_A_2024","A","2024","D","NW2",1,"M","NW2-M2_2024","tufty male",1
"86"," 2024-03-11 06:31:48","NW2_EVENT9","NW2_EVENT9_W_2024","W","2024","D","NW2",1,"M","NW2-M2_2024","tufty male",2
"87"," 2024-03-11 19:02:00","NW2_EVENT10","NW2_EVENT10_A_2024","A","2024","D","NW2",3,"F + F + M","NW2-F1 + NW-F2 + NW2-M2_2024","forehead female + tufty male",1
"88"," 2024-03-11 19:05:44","NW2_EVENT10","NW2_EVENT10_W_2024","W","2024","D","NW2",3,"F + F + M","NW2-F1 + NW-F2 + NW2-M2_2024","forehead female + tufty male",2
"89"," 2024-03-12 06:03:54","NW2_EVENT11","NW2_EVENT11_A_2024","A","2024","D","NW2",1,"Unk","NW2-U3_2024","N",0
"90"," 2024-03-18 09:01:02","NW2_EVENT12","NW2_EVENT12_A_2024","A","2024","L","NW2",1,"Unk","NW2-U4_2024","N",0
"91"," 2024-03-18 10:30:24","NW2_EVENT13","NW2_EVENT13_A_2024","A","2024","L","NW2",1,"M","NW2-M1_2024","N",0
"92"," 2024-03-18 10:48:08","NW2_EVENT14","NW2_EVENT14_A_2024","A","2024","L","NW2",1,"M","NW2-M1_2024","N",0
"93"," 2024-03-18 20:00:02","NW2_EVENT15","NW2_EVENT15_A_2024","A","2024","D","NW2",1,"M","NW2-M1_2024","N",0
"94"," 2024-03-25 02:49:10","NW2_EVENT16","NW2_EVENT16_W_2024","W","2024","D","NW2",1,"M","NW2-M1_2024","N",0
"95"," 2024-03-06 18:59:28","NW3_EVENT1","NW3_EVENT1_A_2024","A","2024","D","NW3",1,"SF","NW3-SF1_2024","N",1
"96"," 2024-03-06 19:00:18","NW3_EVENT1","NW3_EVENT1_W_2024","W","2024","D","NW3",1,"SF","NW3-SF1_2024","N",2
"97"," 2024-03-10 03:29:22","NW3_EVENT2","NW3_EVENT2_A_2024","A","2024","D","NW3",1,"Unk","NW3-U1_2024","N",0
"98"," 2024-03-17 07:01:36","NW3_EVENT3","NW3_EVENT3_W_2024","W","2024","L","NW3",1,"SM","NW3-SM1_2024","N",0
"99"," 2024-03-21 04:08:16","NW3_EVENT4","NW3_EVENT4_W_2024","W","2024","D","NW3",2,"F + M","NW3-F1 + NW3-M1_2024","oreo male",0
"100"," 2024-03-23 05:14:46","NW3_EVENT5","NW3_EVENT5_W_2024","W","2024","D","NW3",1,"Unk","NW3-U2_2024","N",0
"101"," 2024-03-24 23:54:02","NW3_EVENT6","NW3_EVENT6_W_2024","W","2024","D","NW3",1,"Unk","NW3-U3_2024","N",0
"102"," 2024-03-29 00:57:49","NW3_EVENT7","NW3_EVENT7_A_2024","A","2024","D","NW3",1,"SF","NW3-SF1_2024","N",1
"103"," 2024-03-29 00:58:18","NW3_EVENT7","NW3_EVENT7_W_2024","W","2024","D","NW3",1,"SF","NW3-SF1_2024","N",2
"104"," 2024-03-31 20:10:42","NW3_EVENT8","NW3_EVENT8_W_2024","W","2024","D","NW3",1,"SM","NW3-SM1_2024","N",1
"105"," 2024-03-31 20:11:48","NW3_EVENT8","NW3_EVENT8_A_2024","A","2024","D","NW3",1,"SM","NW3-SM1_2024","N",2
"106"," 2024-03-09 05:56:44","NW4_EVENT1","NW4_EVENT1_A_2024","A","2024","L","NW4",1,"SM","NW4-SM1_2024","N",1
"107"," 2024-03-09 20:07:48","NW4_EVENT2","NW4_EVENT2_A_2024","A","2024","D","NW4",1,"SM","NW4-SM1_2024","N",2
"108"," 2024-03-09 20:07:48","NW4_EVENT2","NW4_EVENT2_W_2024","W","2024","D","NW4",1,"SM","NW4-SM1_2024","N",1
"109"," 2024-03-11 04:29:48","NW4_EVENT3","NW4_EVENT3_A_2024","A","2024","D","NW4",1,"SM","NW4-SM1_2024","N",1
"110"," 2024-03-11 04:29:48","NW4_EVENT3","NW4_EVENT3_W_2024","W","2024","D","NW4",1,"SM","NW4-SM1_2024","N",2
"111"," 2024-03-12 08:04:58","NW4_EVENT4","NW4_EVENT4_A_2024","A","2024","L","NW4",1,"SM","NW4-SM1_2024","N",1
"112"," 2024-03-12 08:04:58","NW4_EVENT4","NW4_EVENT4_W_2024","W","2024","L","NW4",1,"SM","NW4-SM1_2024","N",2
"113"," 2024-03-16 00:35:50","NW4_EVENT5","NW4_EVENT5_A_2024","A","2024","D","NW4",1,"F","NW4-F1_2024","mange, small, thin shoulders",0
"114"," 2024-03-16 04:58:22","NW4_EVENT6","NW4_EVENT6_A_2024","A","2024","D","NW4",1,"Unk","NW4-U1_2024","mild mange",0
"115"," 2024-03-16 10:26:50","NW4_EVENT7","NW4_EVENT7_A_2024","A","2024","L","NW4",1,"F","NW4-F1_2024","mange, small, thin shoulders",1
"116"," 2024-03-16 10:27:00","NW4_EVENT7","NW4_EVENT7_W_2024","W","2024","L","NW4",1,"F","NW4-F1_2024","mange, small, thin shoulders",2
"117"," 2024-03-19 09:04:08","NW4_EVENT8","NW4_EVENT8_A_2024","A","2024","L","NW4",1,"F","NW4-F1_2024","mange, small, thin shoulders",0
"118"," 2024-03-19 11:29:46","NW4_EVENT9","NW4_EVENT9_A_2024","A","2024","L","NW4",1,"F","NW4-F1_2024","mange, small, thin shoulders",1
"119"," 2024-03-19 11:29:46","NW4_EVENT9","NW4_EVENT9_W_2024","W","2024","L","NW4",1,"F","NW4-F1_2024","mange, small, thin shoulders",2
"120"," 2024-03-20 08:48:28","NW4_EVENT10","NW4_EVENT10_A_2024","A","2024","L","NW4",1,"SM","NW4-SM1_2024","N",0
"121"," 2024-03-20 10:30:26","NW4_EVENT11","NW4_EVENT11_A_2024","A","2024","L","NW4",1,"SM","NW4-SM1_2024","N",0
"122"," 2024-03-20 12:25:02","NW4_EVENT12","NW4_EVENT12_A_2024","A","2024","L","NW4",1,"Unk","NW4-U1_2024","mild mange",2
"123"," 2024-03-20 12:25:02","NW4_EVENT12","NW4_EVENT12_W_2024","W","2024","L","NW4",1,"Unk","NW4-U1_2024","mild mange",1
"124"," 2024-03-21 13:49:58","NW4_EVENT13","NW4_EVENT13_A_2024","A","2024","L","NW4",1,"Unk","NW4-U2_2024","N",0
"125"," 2024-03-21 20:58:26","NW4_EVENT14","NW4_EVENT14_A_2024","A","2024","D","NW4",1,"SM","NW4-SM1_2024","N",2
"126"," 2024-03-21 20:58:26","NW4_EVENT14","NW4_EVENT14_W_2024","W","2024","D","NW4",1,"SM","NW4-SM1_2024","N",1
"127"," 2024-03-23 06:17:12","NW4_EVENT15","NW4_EVENT15_A_2024","A","2024","D","NW4",1,"SM","NW4-SM1_2024","N",1
"128"," 2024-03-23 06:17:12","NW4_EVENT15","NW4_EVENT15_W_2024","W","2024","D","NW4",1,"SM","NW4-SM1_2024","N",2
"129"," 2024-03-23 10:18:48","NW4_EVENT16","NW4_EVENT16_W_2024","W","2024","L","NW4",1,"M","NW4-M1_2024","mottled coat, mange",1
"130"," 2024-03-23 10:19:20","NW4_EVENT16","NW4_EVENT16_A_2024","A","2024","L","NW4",1,"M","NW4-M1_2024","mottled coat, mange",2
"131"," 2024-03-30 18:03:32","NW4_EVENT17","NW4_EVENT17_W_2024","W","2024","L","NW4",1,"F","NW4-F1_2024","mange, small, thin shoulders",1
"132"," 2024-03-30 18:03:44","NW4_EVENT17","NW4_EVENT17_A_2024","A","2024","L","NW4",1,"F","NW4-F1_2024","mange, small, thin shoulders",2
"133"," 2024-03-31 12:15:12","NW4_EVENT18","NW4_EVENT18_W_2024","W","2024","L","NW4",1,"F","NW4-F1_2024","mange, small, thin shoulders",1
"134"," 2024-03-31 12:15:28","NW4_EVENT18","NW4_EVENT18_A_2024","A","2024","L","NW4",1,"F","NW4-F1_2024","mange, small, thin shoulders",2
"135"," 2024-03-31 15:37:00","NW4_EVENT19","NW4_EVENT19_W_2024","W","2024","L","NW4",1,"F","NW4-F1_2024","mange, small, thin shoulders",1
"136"," 2024-03-31 15:37:10","NW4_EVENT19","NW4_EVENT19_A_2024","A","2024","L","NW4",1,"F","NW4-F1_2024","mange, small, thin shoulders",2
"137"," 2024-03-31 18:04:04","NW4_EVENT20","NW4_EVENT20_W_2024","W","2024","L","NW4",1,"M","NW4-M1_2024","mottled coat, mange",1
"138"," 2024-03-31 18:04:58","NW4_EVENT20","NW4_EVENT20_A_2024","A","2024","L","NW4",1,"M","NW4-M1_2024","mottled coat, mange",2
"139"," 2024-04-01 06:37:42","NW4_EVENT21","NW4_EVENT21_A_2024","A","2024","L","NW4",2,"F + M","NW4-F2 + NW4-M1_2024","mottled coat, mange",1
"140"," 2024-04-01 06:37:50","NW4_EVENT21","NW4_EVENT21_W_2024","W","2024","L","NW4",2,"F + M","NW4-F2 + NW4-M1_2024","mottled coat, mange",2
"141"," 2024-04-01 11:24:56","NW4_EVENT22","NW4_EVENT22_A_2024","A","2024","L","NW4",1,"F","NW4-F1_2024","mange, small, thin shoulders",0
"142"," 2024-03-17 22:44:12","NW5_EVENT1","NW5_EVENT1_A_2024","A","2024","D","NW5",1,"SF","NW5-SF1_2024","N",1
"143"," 2024-03-17 22:44:42","NW5_EVENT1","NW5_EVENT1_W_2024","W","2024","D","NW5",1,"SF","NW5-SF1_2024","N",2
"144"," 2024-03-19 06:19:48","NW5_EVENT2","NW5_EVENT2_A_2024","A","2024","D","NW5",1,"Unk","NW5-U1_2024","N",2
"145"," 2024-03-19 06:19:48","NW5_EVENT2","NW5_EVENT2_W_2024","W","2024","D","NW5",1,"Unk","NW5-U1_2024","N",1
"146"," 2024-03-20 04:52:22","NW5_EVENT3","NW5_EVENT3_A_2024","A","2024","D","NW5",1,"Unk","NW5-U2_2024","N",0
"147"," 2024-03-20 10:00:40","NW5_EVENT4","NW5_EVENT4_A_2024","A","2024","N","NW5",1,"M","NW5-M1_2024","N",0
"148"," 2024-03-21 06:33:32","NW5_EVENT10","NW5_EVENT10_A_2024","A","2024","N","NW5",1,"M","NW5-M1_2024","N",0
"149"," 2024-03-23 03:02:40","NW5_EVENT5","NW5_EVENT5_A_2024","A","2024","D","NW5",1,"SF","NW5-SF1_2024","N",0
"150"," 2024-03-24 07:11:18","NW5_EVENT6","NW5_EVENT6_A_2024","A","2024","L","NW5",1,"F","NW5-F1_2024","N",0
"151"," 2024-03-24 19:57:50","NW5_EVENT7","NW5_EVENT7_A_2024","A","2024","D","NW5",1,"SF","NW5-SF1_2024","N",0
"152"," 2024-03-28 13:05:34","NW5_EVENT8","NW5_EVENT8_A_2024","A","2024","L","NW5",1,"F","NW5-F2_2024","N",2
"153"," 2024-03-28 13:05:46","NW5_EVENT8","NW5_EVENT8_W_2024","W","2024","L","NW5",1,"F","NW5-F2_2024","N",1
"154"," 2024-03-28 13:23:38","NW5_EVENT9","NW5_EVENT9_A_2024","A","2024","L","NW5",1,"F","NW5-F2_2024","N",1
"155"," 2024-03-28 13:23:42","NW5_EVENT9","NW5_EVENT9_W_2024","W","2024","L","NW5",1,"F","NW5-F2_2024","N",2
"156"," 2024-03-04 14:31:36","NW6_EVENT1","NW6_EVENT1_W_2024","W","2024","L","NW6",1,"Unk","NW6-U1_2024","N",0
"157"," 2024-03-06 08:05:54","NW6_EVENT2","NW6_EVENT2_W_2024","W","2024","L","NW6",1,"M","NW6-M1_2024","N",0
"158"," 2024-03-07 10:21:44","NW6_EVENT3","NW6_EVENT3_W_2024","W","2024","L","NW6",1,"F","NW6-F1_2024","mangey female",0
"159"," 2024-03-09 07:27:30","NW6_EVENT4","NW6_EVENT4_W_2024","W","2024","L","NW6",1,"M","NW6-M3_2024","N",0
"160"," 2024-03-10 10:37:10","NW6_EVENT5","NW6_EVENT5_A_2024","A","2024","L","NW6",1,"M","NW6-M2_2024","mangey male",0
"161"," 2024-03-10 10:53:32","NW6_EVENT6","NW6_EVENT6_W_2024","W","2024","L","NW6",1,"M","NW6-M2_2024","mangey male",1
"162"," 2024-03-10 10:53:54","NW6_EVENT6","NW6_EVENT6_A_2024","A","2024","L","NW6",1,"M","NW6-M2_2024","mangey male",2
"163"," 2024-03-10 11:38:32","NW6_EVENT7","NW6_EVENT7_W_2024","W","2024","L","NW6",1,"M","NW6-M2_2024","mangey male",1
"164"," 2024-03-10 11:38:56","NW6_EVENT7","NW6_EVENT7_A_2024","A","2024","L","NW6",1,"M","NW6-M2_2024","mangey male",2
"165"," 2024-03-10 11:57:46","NW6_EVENT8","NW6_EVENT8_W_2024","W","2024","L","NW6",2,"M + U","NW-M2 + NW6-U3_2024","one mangey male, other mangey tail",0
"166"," 2024-03-10 12:00:56","NW6_EVENT9","NW6_EVENT9_W_2024","W","2024","L","NW6",1,"M","NW6-M2_2024","mangey male",1
"167"," 2024-03-10 12:02:04","NW6_EVENT9","NW6_EVENT9_A_2024","A","2024","L","NW6",1,"M","NW6-M2_2024","mangey male",2
"168"," 2024-03-10 12:41:46","NW6_EVENT10","NW6_EVENT10_W_2024","W","2024","L","NW6",1,"M","NW6-M2_2024","mangey male",0
"169"," 2024-03-10 13:19:16","NW6_EVENT11","NW6_EVENT11_W_2024","W","2024","L","NW6",1,"M","NW6-M2_2024","mangey male",0
"170"," 2024-03-11 18:10:28","NW6_EVENT12","NW6_EVENT12_W_2024","W","2024","L","NW6",1,"F","NW6-F2_2024","N",1
"171"," 2024-03-11 18:11:32","NW6_EVENT12","NW6_EVENT12_A_2024","A","2024","L","NW6",1,"F","NW6-F2_2024","N",2
"172"," 2024-03-11 19:55:20","NW6_EVENT13","NW6_EVENT13_A_2024","A","2024","L","NW6",1,"F","NW6-F2_2024","N",0
"173"," 2024-03-12 10:37:54","NW6_EVENT14","NW6_EVENT14_W_2024","W","2024","L","NW6",1,"F","NW6-F1_2024","mangey female",0
"174"," 2024-03-15 09:12:49","NW6_EVENT15","NW6_EVENT15_W_2024","W","2024","L","NW6",1,"F","NW6-F1_2024","mangey female",0
"175"," 2024-03-15 09:24:44","NW6_EVENT16","NW6_EVENT16_W_2024","W","2024","L","NW6",1,"F","NW6-F1_2024","mangey female",0
"176"," 2024-03-15 10:29:56","NW6_EVENT17","NW6_EVENT17_W_2024","W","2024","L","NW6",1,"F","NW6-F1_2024","mangey female",0
"177"," 2024-03-15 12:31:04","NW6_EVENT18","NW6_EVENT18_A_2024","A","2024","L","NW6",1,"F","NW6-F1_2024","mangey female",0
"178"," 2024-03-15 13:13:14","NW6_EVENT19","NW6_EVENT19_W_2024","W","2024","L","NW6",2,"F + M","NW6-F1 + NW6-M2_2024","mangey female + mangey male",0
"179"," 2024-03-15 13:44:22","NW6_EVENT20","NW6_EVENT20_W_2024","W","2024","L","NW6",1,"M","NW6-M2_2024","mangey male",0
"180"," 2024-03-15 18:18:48","NW6_EVENT21","NW6_EVENT21_W_2024","W","2024","L","NW6",2,"F + M","NW6-F1 + NW6-M2_2024","mangey female + mangey male",0
"181"," 2024-03-15 20:19:16","NW6_EVENT22","NW6_EVENT22_A_2024","A","2024","L","NW6",1,"M","NW6-M2_2024","mangey male",0
"182"," 2024-03-16 10:52:22","NW6_EVENT23","NW6_EVENT23_W_2024","W","2024","L","NW6",1,"F","NW6-F1_2024","mangey female",0
"183"," 2024-03-17 06:48:06","NW6_EVENT24","NW6_EVENT24_W_2024","W","2024","L","NW6",2,"F + M","NW6-F3 + NW6-M1_2024","oreo male",0
"184"," 2024-03-17 08:49:48","NW6_EVENT25","NW6_EVENT25_A_2024","A","2024","L","NW6",1,"M","NW6-M1_2024","oreo male",0
"185"," 2024-03-17 10:32:04","NW6_EVENT26","NW6_EVENT26_W_2024","W","2024","L","NW6",1,"F","NW6-F1_2024","mangey female",0
"186"," 2024-03-17 13:12:20","NW6_EVENT27","NW6_EVENT27_W_2024","W","2024","L","NW6",2,"F + M","NW6-F1 + NW6-M2_2024","mangey male + mangey female",0
"187"," 2024-03-18 03:04:06","NW6_EVENT28","NW6_EVENT28_W_2024","W","2024","D","NW6",1,"F","NW6-F1_2024","mangey female",0
"188"," 2024-03-18 05:05:06","NW6_EVENT29","NW6_EVENT29_A_2024","A","2024","D","NW6",1,"F","NW6-F1_2024","mangey female",0
"189"," 2024-03-24 10:46:48","NW6_EVENT30","NW6_EVENT30_W_2024","W","2024","L","NW6",1,"M","NW6-M2_2024","mangey male",0
"190"," 2024-03-24 11:19:18","NW6_EVENT31","NW6_EVENT31_W_2024","W","2024","L","NW6",1,"M","NW6-M2_2024","mangey male",0
"191"," 2024-03-24 12:47:50","NW6_EVENT32","NW6_EVENT32_A_2024","A","2024","L","NW6",1,"M","NW6-M2_2024","mangey male",0
"192"," 2024-03-25 11:15:34","NW6_EVENT33","NW6_EVENT33_W_2024","W","2024","L","NW6",1,"M","NW6-M2_2024","mangey male",0
"193"," 2024-03-26 01:34:44","NW6_EVENT34","NW6_EVENT34_A_2024","A","2024","D","NW6",1,"F","NW6-F3_2024","N",0
"194"," 2024-03-28 01:19:08","NW6_EVENT35","NW6_EVENT35_W_2024","W","2024","D","NW6",1,"Unk","NW6-U2_2024","N",0
"195"," 2024-03-28 01:53:42","NW6_EVENT36","NW6_EVENT36_W_2024","W","2024","D","NW6",1,"F","NW6-F3_2024","N",0
"196"," 2024-03-30 12:52:44","NW6_EVENT37","NW6_EVENT37_W_2024","W","2024","L","NW6",2,"F + M","NW6-F1 + NW6-M2_2024","mangey female + mangey male",0
"197"," 2024-03-30 14:05:10","NW6_EVENT38","NW6_EVENT38_W_2024","W","2024","L","NW6",1,"F","NW6-F1_2024","mangey female",0
"198"," 2024-03-31 06:57:32","NW6_EVENT39","NW6_EVENT39_W_2024","W","2024","L","NW6",1,"F","NW6-F3_2024","N",0
"199"," 2024-04-01 09:35:18","NW6_EVENT40","NW6_EVENT40_W_2024","W","2024","L","NW6",1,"M","NW6-M2_2024","mangey female + mangey male",0
"200"," 2024-02-08 04:09:14","SE1_EVENT1","SE1_EVENT1_W_2024","W","2024","D","SE1",1,"Unk","SE1-U1_2024","N",0
"201"," 2024-02-12 22:06:48","SE1_EVENT2","SE1_EVENT2_W_2024","W","2024","D","SE1",1,"Unk","SE1-U1_2024","N",1
"202"," 2024-02-12 22:07:20","SE1_EVENT2","SE1_EVENT2_A_2024","A","2024","D","SE1",1,"Unk","SE1-U1_2024","N",2
"203"," 2024-02-19 09:53:16","SE1_EVENT3","SE1_EVENT3_W_2024","W","2024","L","SE1",1,"Unk","SE1-U1_2024","N",0
"204"," 2024-02-06 05:10:44","SE2_EVENT1","SE2_EVENT1_W_2024","W","2024","D","SE2",1,"SF","SE2-SF1_2024","N",0
"205"," 2024-02-07 02:09:28","SE2_EVENT2","SE2_EVENT2_W_2024","W","2024","D","SE2",1,"SF","SE2-SF2_2024","burry forehead",0
"206"," 2024-02-10 00:54:00","SE2_EVENT3","SE2_EVENT3_W_2024","W","2024","D","SE2",1,"SM","SE2-SM1_2024","N",0
"207"," 2024-02-10 01:23:34","SE2_EVENT4","SE2_EVENT4_W_2024","W","2024","D","SE2",1,"SM","SE2-SM1_2024","N",0
"208"," 2024-02-21 19:53:04","SE2_EVENT5","SE2_EVENT5_A_2024","A","2024","D","SE2",1,"SM","SE2-SM1_2024","N",1
"209"," 2024-02-21 19:53:44","SE2_EVENT5","SE2_EVENT5_W_2024","W","2024","D","SE2",1,"SM","SE2-SM1_2024","N",2
"210"," 2024-02-22 22:11:57","SE2_EVENT6","SE2_EVENT6_A_2024","A","2024","D","SE2",1,"SM","SE2-SM2_2024","N",1
"211"," 2024-02-22 22:12:30","SE2_EVENT6","SE2_EVENT6_W_2024","W","2024","D","SE2",1,"SM","SE2-SM2_2024","N",2
"212"," 2024-02-24 23:38:26","SE2_EVENT7","SE2_EVENT7_A_2024","A","2024","D","SE2",1,"SM","SE2-SM2_2024","N",1
"213"," 2024-02-24 23:41:20","SE2_EVENT7","SE2_EVENT7_W_2024","W","2024","D","SE2",1,"SM","SE2-SM2_2024","N",2
"214"," 2024-02-25 02:09:48","SE2_EVENT8","SE2_EVENT8_W_2024","W","2024","D","SE2",1,"SM","SE2-SM2_2024","N",0
"215"," 2024-02-27 12:22:30","SE2_EVENT9","SE2_EVENT9_A_2024","A","2024","L","SE2",1,"Unk","SE2-U1_2024","mangey tail/ butt",1
"216"," 2024-02-27 12:22:46","SE2_EVENT9","SE2_EVENT9_W_2024","W","2024","L","SE2",1,"Unk","SE2-U1_2024","mangey tail/ butt",2
"217"," 2024-02-15 10:03:36","SE3_EVENT1","SE3_EVENT1_W_2024","W","2024","L","SE3",1,"Unk","SE3-U1_2024","N",0
"218"," 2024-02-06 21:19:40","SE4_EVENT1","SE4_EVENT1_A_2024","A","2024","D","SE4",1,"M","SE4-M1_2024","N",0
"219"," 2024-02-20 08:19:10","SE4_EVENT2","SE4_EVENT2_A_2024","A","2024","L","SE4",1,"Unk","SE4-U1_2024","N",0
"220"," 2024-02-20 15:37:38","SE4_EVENT3","SE4_EVENT3_A_2024","A","2024","L","SE4",1,"M","SE4-M1_2024","N",0
"221"," 2024-02-21 15:12:18","SE4_EVENT4","SE4_EVENT4_W_2024","W","2024","L","SE4",1,"Unk","SE4-U2_2024","mangey tail",0
"222"," 2024-02-23 17:57:48","SE4_EVENT5","SE4_EVENT5_A_2024","A","2024","L","SE4",3,"F + M + UNK","SE4-F1 + SE4-M1 + SE4-U3_2024","N",0
"223"," 2024-02-25 11:27:32","SE4_EVENT6","SE4_EVENT6_A_2024","A","2024","L","SE4",3,"F + M + UNK","SE4-F1 + SE4-M1 + SE4-U3_2024","N",0
"224"," 2024-02-04 05:56:30","SE5_EVENT1","SE5_EVENT1_A_2024","A","2024","D","SE5",1,"F","SE5-F1_2024","N",1
"225"," 2024-02-04 06:02:18","SE5_EVENT1","SE5_EVENT1_W_2024","W","2024","D","SE5",1,"F","SE5-F1_2024","N",2
"226"," 2024-02-04 06:39:38","SE5_EVENT2","SE5_EVENT2_A_2024","A","2024","D","SE5",1,"F","SE5-F1_2024","N",0
"227"," 2024-02-05 05:12:50","SE5_EVENT3","SE5_EVENT3_W_2024","W","2024","D","SE5",1,"Unk","SE5-U1_2024","N",0
"228"," 2024-02-06 23:36:40","SE5_EVENT4","SE5_EVENT4_W_2024","W","2024","D","SE5",1,"SM","SE5-SM1_2024","funny patch of neck fur",0
"229"," 2024-02-07 06:08:10","SE5_EVENT5","SE5_EVENT5_W_2024","W","2024","D","SE5",1,"SM","SE5-SM1_2024","funny patch of neck fur",0
"230"," 2024-02-08 07:07:40","SE5_EVENT6","SE5_EVENT6_W_2024","W","2024","D","SE5",1,"F","SE5-F1_2024","N",0
"231"," 2024-02-11 15:03:46","SE5_EVENT7","SE5_EVENT7_W_2024","W","2024","L","SE5",1,"SM","SE5-SM1_2024","funny patch of neck fur",0
"232"," 2024-02-11 16:24:34","SE5_EVENT8","SE5_EVENT8_W_2024","W","2024","L","SE5",1,"SM","SE5-SM1_2024","funny patch of neck fur",1
"233"," 2024-02-11 16:34:36","SE5_EVENT9","SE5_EVENT9_A_2024","A","2024","L","SE5",1,"SM","SE5-SM1_2024","funny patch of neck fur",1
"234"," 2024-02-11 16:35:00","SE5_EVENT9","SE5_EVENT9_W_2024","W","2024","L","SE5",1,"SM","SE5-SM1_2024","funny patch of neck fur",2
"235"," 2024-02-12 03:23:34","SE5_EVENT10","SE5_EVENT10_A_2024","A","2024","D","SE5",1,"F","SE5-F1_2024","N",0
"236"," 2024-02-14 10:04:26","SE5_EVENT11","SE5_EVENT11_A_2024","A","2024","L","SE5",1,"F","SE5-F1_2024","N",0
"237"," 2024-02-15 23:32:02","SE5_EVENT12","SE5_EVENT12_A_2024","A","2024","D","SE5",1,"F","SE5-F1_2024","N",0
"238"," 2024-02-21 22:25:06","SE5_EVENT13","SE5_EVENT13_W_2024","W","2024","D","SE5",1,"F","SE5-F1_2024","N",0
"239"," 2024-02-11 03:33:36","SE6_EVENT1","SE6_EVENT1_A_2024","A","2024","D","SE6",1,"Unk","SE6-U1_2024","scruffy back",0
"240"," 2024-02-13 15:13:44","SE6_EVENT2","SE6_EVENT2_W_2024","W","2024","L","SE6",1,"M","SE6-M1_2024","N",2
"241"," 2024-02-13 15:14:04","SE6_EVENT2","SE6_EVENT2_A_2024","A","2024","L","SE6",1,"M","SE6-M1_2024","N",1
"242"," 2024-02-13 15:29:42","SE6_EVENT3","SE6_EVENT3_W_2024","W","2024","L","SE6",1,"M","SE6-M1_2024","N",1
"243"," 2024-02-13 15:30:24","SE6_EVENT3","SE6_EVENT3_A_2024","A","2024","L","SE6",1,"M","SE6-M1_2024","N",2
"244"," 2024-02-19 22:57:16","SE6_EVENT4","SE6_EVENT4_A_2024","A","2024","D","SE6",1,"Unk","SE6-U1_2024","scruffy back",1
"245"," 2024-02-19 22:57:34","SE6_EVENT4","SE6_EVENT4_W_2024","W","2024","D","SE6",1,"Unk","SE6-U1_2024","scruffy back",2
"246"," 2024-02-20 23:46:04","SE6_EVENT5","SE6_EVENT5_W_2024","W","2024","D","SE6",1,"M","SE6-M1_2024","N",0
"247"," 2024-02-08 22:45:58","SE7_EVENT1","SE7_EVENT1_A_2024","A","2024","D","SE7",1,"M","SE7-M1_2024","thin tail",0
"248"," 2024-02-09 01:42:25","SE7_EVENT2","SE7_EVENT2_W_2024","W","2024","D","SE7",1,"M","SE7-M2_2024","N",1
"249"," 2024-02-09 01:45:30","SE7_EVENT2","SE7_EVENT2_A_2024","A","2024","D","SE7",1,"M","SE7-M2_2024","N",2
"250"," 2024-02-24 12:33:00","SE7_EVENT3","SE7_EVENT3_A_2024","A","2024","L","SE7",1,"F","SE7-F1_2024","thin fur/ young vibe",1
"251"," 2024-02-24 12:50:06","SE7_EVENT3","SE7_EVENT3_W_2024","W","2024","L","SE7",1,"F","SE7-F1_2024","thin fur/ young vibe",2
"252"," 2024-02-24 15:14:38","SE7_EVENT4","SE7_EVENT4_A_2024","A","2024","L","SE7",1,"F","SE7-F1_2024","thin fur/ young vibe",0
"253"," 2024-03-06 17:53:48","SW1_EVENT1","SW1_EVENT1_W_2024","W","2024","D","SW1",1,"SM","SW1-SM1_2024","N",0
"254"," 2024-03-07 23:37:34","SW1_EVENT2","SW1_EVENT2_W_2024","W","2024","D","SW1",1,"SM","SW1-SM1_2024","N",0
"255"," 2024-03-09 00:24:38","SW1_EVENT3","SW1_EVENT3_W_2024","W","2024","D","SW1",1,"SM","SW1-SM1_2024","N",0
"256"," 2024-03-12 04:26:26","SW1_EVENT4","SW1_EVENT4_W_2024","W","2024","D","SW1",1,"SM","SW1-SM1_2024","N",0
"257"," 2024-03-13 06:19:10","SW1_EVENT5","SW1_EVENT5_A_2024","A","2024","D","SW1",1,"Unk","SW1-U1_2024","N",0
"258"," 2024-03-14 19:13:56","SW1_EVENT6","SW1_EVENT6_W_2024","W","2024","D","SW1",1,"SM","SW1-SM1_2024","N",0
"259"," 2024-03-19 19:15:06","SW1_EVENT7","SW1_EVENT7_W_2024","W","2024","D","SW1",1,"SM","SW1-SM1_2024","N",0
"260"," 2024-03-20 19:42:58","SW1_EVENT8","SW1_EVENT8_W_2024","W","2024","D","SW1",1,"SF","SW1-SF1_2024","N",0
"261"," 2024-03-21 05:15:58","SW1_EVENT9","SW1_EVENT9_W_2024","W","2024","D","SW1",1,"SF","SW1-SF1_2024","N",0
"262"," 2024-03-21 19:52:14","SW1_EVENT10","SW1_EVENT10_A_2024","A","2024","D","SW1",1,"M","SW1-M1_2024","N",0
"263"," 2024-03-22 00:07:34","SW1_EVENT11","SW1_EVENT11_A_2024","A","2024","D","SW1",1,"SM","SW1-SM1_2024","N",0
"264"," 2024-03-23 08:49:44","SW1_EVENT12","SW1_EVENT12_W_2024","W","2024","L","SW1",1,"F","SW1-F1_2024","ratty tail",0
"265"," 2024-03-23 20:53:18","SW1_EVENT13","SW1_EVENT13_W_2024","W","2024","D","SW1",1,"Unk","SW1-U1_2024","N",0
"266"," 2024-03-24 01:38:58","SW1_EVENT14","SW1_EVENT14_W_2024","W","2024","D","SW1",1,"M","SW1-M1_2024","N",0
"267"," 2024-03-30 22:10:58","SW1_EVENT15","SW1_EVENT15_A_2024","A","2024","D","SW1",1,"Unk","SW1-U1_2024","N",0
"268"," 2024-03-06 15:39:46","SW2_EVENT1","SW2_EVENT1_W_2024","W","2024","L","SW2",1,"SF","SW2-SF1_2024","N",0
"269"," 2024-03-06 15:49:42","SW2_EVENT2","SW2_EVENT2_W_2024","W","2024","L","SW2",1,"SF","SW2-SF1_2024","N",0
"270"," 2024-03-20 03:05:36","SW2_EVENT3","SW2_EVENT3_A_2024","A","2024","D","SW2",1,"SF","SW2-SF1_2024","N",0
"271"," 2024-03-20 23:10:32","SW2_EVENT4","SW2_EVENT4_A_2024","A","2024","D","SW2",1,"Unk","SW2-U1_2024","N",0
"272"," 2024-03-22 10:22:02","SW2_EVENT5","SW2_EVENT5_W_2024","W","2024","L","SW2",1,"F","SW2-F1_2024","N",1
"273"," 2024-03-22 10:23:30","SW2_EVENT5","SW2_EVENT5_A_2024","A","2024","L","SW2",1,"F","SW2-F1_2024","N",2
"274"," 2024-03-26 00:17:02","SW2_EVENT6","SW2_EVENT6_W_2024","W","2024","D","SW2",1,"M","SW2-M1_2024","scruffy neck",1
"275"," 2024-03-26 00:17:18","SW2_EVENT6","SW2_EVENT6_A_2024","A","2024","D","SW2",1,"M","SW2-M1_2024","scruffy neck",2
"276"," 2024-03-27 20:20:08","SW2_EVENT7","SW2_EVENT7_W_2024","W","2024","D","SW2",1,"Unk","SW2-U2_2024","N",0
"277"," 2024-03-29 02:09:24","SW2_EVENT8","SW2_EVENT8_W_2024","W","2024","D","SW2",2,"F + M","SW2-F1 + SW2-M1_2024","N",0
"278"," 2024-03-30 05:38:52","SW2_EVENT9","SW2_EVENT9_W_2024","W","2024","D","SW2",1,"Unk","SW2-U2_2024","N",0
"279"," 2024-03-08 01:51:34","SW3_EVENT1","SW3_EVENT1_A_2024","A","2024","D","SW3",1,"F","SW3-F2_2024","tail scruff",1
"280"," 2024-03-08 01:52:26","SW3_EVENT1","SW3_EVENT1_W_2024","W","2024","D","SW3",1,"F","SW3-F2_2024","tail scruff",2
"281"," 2024-03-09 04:28:14","SW3_EVENT2","SW3_EVENT2_A_2024","A","2024","D","SW3",2,"F + M","SW3-F1 + SW3-M1_2024","N",1
"282"," 2024-03-09 04:32:56","SW3_EVENT2","SW3_EVENT2_W_2024","W","2024","D","SW3",2,"F + M","SW3-F1 + SW3-M1_2024","N",2
"283"," 2024-03-15 03:31:56","SW3_EVENT3","SW3_EVENT3_A_2024","A","2024","D","SW3",1,"M","SW3-M1_2024","N",0
"284"," 2024-03-15 16:03:14","SW3_EVENT4","SW3_EVENT4_A_2024","A","2024","L","SW3",1,"SM","SW3-SM1_2024","slightly mangey",1
"285"," 2024-03-15 16:05:50","SW3_EVENT4","SW3_EVENT4_W_2024","W","2024","L","SW3",1,"SM","SW3-SM1_2024","slightly mangey",2
"286"," 2024-03-15 20:05:30","SW3_EVENT5","SW3_EVENT5_A_2024","A","2024","D","SW3",1,"F","SW3-F2_2024","tail scruff",0
"287"," 2024-03-17 00:04:00","SW3_EVENT6","SW3_EVENT6_W_2024","W","2024","D","SW3",1,"F","SW3-F2_2024","tail scruff",0
"288"," 2024-03-19 03:55:49","SW3_EVENT7","SW3_EVENT7_A_2024","A","2024","D","SW3",1,"F","SW3-F2_2024","tail scruff",0
"289"," 2024-03-23 05:12:28","SW3_EVENT8","SW3_EVENT8_W_2024","W","2024","D","SW3",1,"F","SW3-F1_2024","N",0
"290"," 2024-03-24 00:15:18","SW3_EVENT9","SW3_EVENT9_W_2024","W","2024","D","SW3",1,"F","SW3-F1_2024","N",0
"291"," 2024-03-26 01:03:38","SW3_EVENT10","SW3_EVENT10_A_2024","A","2024","D","SW3",2,"F + M","SW3-F1 + SW3-M1_2024","N",1
"292"," 2024-03-26 01:04:20","SW3_EVENT10","SW3_EVENT10_W_2024","W","2024","D","SW3",2,"F + M","SW3-F1 + SW3-M1_2024","N",2
"293"," 2024-03-28 17:40:00","SW3_EVENT11","SW3_EVENT11_A_2024","A","2024","L","SW3",1,"M","SW3-M1_2024","N",0
"294"," 2024-03-29 19:34:20","SW3_EVENT12","SW3_EVENT12_W_2024","W","2024","D","SW3",1,"F","SW3-F1_2024","N",0
"295"," 2024-03-29 20:59:04","SW3_EVENT13","SW3_EVENT13_W_2024","W","2024","D","SW3",1,"F","SW3-F1_2024","N",0
"296"," 2024-03-30 01:15:00","SW3_EVENT14","SW3_EVENT14_W_2024","W","2024","D","SW3",2,"F + M","SW3-F1 + SW3-M1_2024","N",0
"297"," 2024-03-31 01:01:30","SW3_EVENT15","SW3_EVENT15_W_2024","W","2024","D","SW3",2,"F + M","SW3-F1 + SW3-M1_2024","N",0
"298"," 2024-04-01 01:03:32","SW3_EVENT16","SW3_EVENT16_W_2024","W","2024","D","SW3",1,"SM","SW3-SM1_2024","slightly mangey",0
"299"," 2024-04-01 04:29:14","SW3_EVENT17","SW3_EVENT17_W_2024","W","2024","D","SW3",1,"M","SW3-M1_2024","N",0
"300"," 2024-04-01 22:06:28","SW3_EVENT18","SW3_EVENT18_W_2024","W","2024","D","SW3",1,"F","SW3-F2_2024","tail scruff",0
"301"," 2024-04-02 00:48:18","SW3_EVENT19","SW3_EVENT19_A_2024","A","2024","D","SW3",1,"F","SW3-F2_2024","tail scruff",0
"302"," 2024-03-09 14:09:52","SW4_EVENT1","SW4_EVENT1_W_2024","W","2024","L","SW4",1,"F","SW4-U4_2024","N",0
"303"," 2024-03-09 23:09:58","SW4_EVENT2","SW4_EVENT2_W_2024","W","2024","D","SW4",2,"F + M","SW4-F1 + SW4-M1_2024","N",0
"304"," 2024-03-10 07:54:08","SW4_EVENT3","SW4_EVENT3_W_2024","W","2024","L","SW4",2,"F + M","SW4-F1 + SW4-M1_2024","N",0
"305"," 2024-03-10 21:25:31","SW4_EVENT4","SW4_EVENT4_A_2024","A","2024","D","SW4",1,"Unk","SW4-U1_2024","N",1
"306"," 2024-03-10 21:25:38","SW4_EVENT4","SW4_EVENT4_W_2024","W","2024","D","SW4",1,"Unk","SW4-U1_2024","N",2
"307"," 2024-03-11 08:37:00","SW4_EVENT5","SW4_EVENT5_W_2024","W","2024","L","SW4",1,"SM","SW4-SM1_2024","muzzle scar + slight butt scruff",0
"308"," 2024-03-11 21:28:28","SW4_EVENT6","SW4_EVENT6_W_2024","W","2024","D","SW4",1,"SM","SW4-SM1_2024","muzzle scar + slight butt scruff",0
"309"," 2024-03-11 23:49:08","SW4_EVENT7","SW4_EVENT7_W_2024","W","2024","D","SW4",1,"SM","SW4-SM1_2024","muzzle scar + slight butt scruff",0
"310"," 2024-03-12 20:42:16","SW4_EVENT8","SW4_EVENT8_W_2024","W","2024","D","SW4",1,"SM","SW4-SM1_2024","slight butt scruff",0
"311"," 2024-03-14 06:06:34","SW4_EVENT9","SW4_EVENT9_W_2024","W","2024","D","SW4",2,"F + M","SW4-F1 + SW4-M1_2024","N",0
"312"," 2024-03-14 20:22:50","SW4_EVENT10","SW4_EVENT10_W_2024","W","2024","D","SW4",1,"F","SW4-F2_2024","N",0
"313"," 2024-03-14 23:13:26","SW4_EVENT11","SW4_EVENT11_W_2024","W","2024","D","SW4",1,"F","SW4-F2_2024","N",0
"314"," 2024-03-16 19:30:52","SW4_EVENT12","SW4_EVENT12_W_2024","W","2024","D","SW4",2,"F + M","SW4-F1 + SW4-M1_2024","N",1
"315"," 2024-03-16 19:30:56","SW4_EVENT12","SW4_EVENT12_A_2024","A","2024","D","SW4",2,"F + M","SW4-F1 + SW4-M1_2024","N",2
"316"," 2024-03-16 22:24:28","SW4_EVENT13","SW4_EVENT13_W_2024","W","2024","D","SW4",2,"F + M","SW4-F1 + SW4-M1_2024","N",0
"317"," 2024-03-18 22:46:24","SW4_EVENT14","SW4_EVENT14_W_2024","W","2024","D","SW4",2,"F + M","SW4-F1 + SW4-M1_2024","N",0
"318"," 2024-03-19 00:50:38","SW4_EVENT15","SW4_EVENT15_W_2024","W","2024","D","SW4",1,"F","SW4-F2_2024","N",0
"319"," 2024-03-19 22:19:32","SW4_EVENT16","SW4_EVENT16_W_2024","W","2024","D","SW4",1,"M","SW4-M1_2024","N",0
"320"," 2024-03-21 23:20:48","SW4_EVENT17","SW4_EVENT17_W_2024","W","2024","D","SW4",1,"F + M","SW4-F1 + SW4-M1_2024","N",0
"321"," 2024-03-22 20:19:42","SW4_EVENT18","SW4_EVENT18_W_2024","W","2024","D","SW4",1,"Unk","SW4-U3_2024","N",0
"322"," 2024-03-23 09:59:24","SW4_EVENT19","SW4_EVENT19_W_2024","W","2024","L","SW4",1,"M","SW4-M2_2024","N",0
"323"," 2024-03-23 10:20:30","SW4_EVENT20","SW4_EVENT20_W_2024","W","2024","L","SW4",1,"SM","SW4-SM1_2024","slight butt scruff",0
"324"," 2024-03-23 10:37:08","SW4_EVENT21","SW4_EVENT21_W_2024","W","2024","L","SW4",1,"Unk","SW4-U4_2024","very slender",0
"325"," 2024-03-25 20:55:02","SW4_EVENT22","SW4_EVENT22_W_2024","W","2024","D","SW4",2,"F + M","SW4-F1 + SW4-M1_2024","N",0
"326"," 2024-03-26 20:42:32","SW4_EVENT23","SW4_EVENT23_W_2024","W","2024","D","SW4",3,"F + M + SM","SW4-F1 + SW4-M1 + SW4-SM1_2024","N + N + muzzle scar + slightly butt scruff",0
"327"," 2024-03-27 11:38:10","SW4_EVENT24","SW4_EVENT24_W_2024","W","2024","L","SW4",1,"Unk","SW4-U4_2024","very slender",0
"328"," 2024-03-28 18:45:04","SW4_EVENT25","SW4_EVENT25_W_2024","W","2024","L","SW4",3,"F + M + SM","SW4-F1 + SW4-M1 + SW4-SM1_2024","N + N + muzzle scar + slightly butt scruff",0
"329"," 2024-03-29 00:39:22","SW4_EVENT26","SW4_EVENT26_W_2024","W","2024","D","SW4",1,"M","SW4-M2_2024","N",0
"330"," 2024-03-29 19:34:46","SW4_EVENT27","SW4_EVENT27_W_2024","W","2024","D","SW4",1,"M","SW4-M2_2024","N",0
"331"," 2024-03-31 04:24:14","SW4_EVENT28","SW4_EVENT28_W_2024","W","2024","D","SW4",1,"SM","SW4-SM1_2024","slight butt scruff",0
"332"," 2024-03-31 23:17:48","SW4_EVENT29","SW4_EVENT29_W_2024","W","2024","D","SW4",1,"Unk","SW4-U2_2024","N",0
"333"," 2024-04-01 21:43:02","SW4_EVENT30","SW4_EVENT30_W_2024","W","2024","D","SW4",1,"M","SW4-M2_2024","N",0
"334"," 2024-04-02 04:27:38","SW4_EVENT31","SW4_EVENT31_W_2024","W","2024","D","SW4",2,"F + M","SW4-F1 + SW4-M1_2024","N",0
"335"," 2024-03-11 04:12:10","SW5_EVENT1","SW5_EVENT1_W_2024","W","2024","D","SW5",1,"SF","SW5-SF1_2024","N",0
"336"," 2024-03-05 00:45:40","SW6_EVENT1","SW6_EVENT1_A_2024","A","2024","D","SW6",1,"Unk","SW6-U1_2024","N",0
"337"," 2024-03-16 07:03:56","SW6_EVENT2","SW6_EVENT2_W_2024","W","2024","L","SW6",1,"F","SW6-F1_2024","pregnant",0
"338"," 2024-03-17 14:07:00","SW6_EVENT3","SW6_EVENT3_A_2024","A","2024","L","SW6",1,"F","SW6-F1_2024","pregnant",0
"339"," 2024-03-18 11:05:04","SW6_EVENT4","SW6_EVENT4_W_2024","W","2024","L","SW6",2,"F + M","SW6-F1 + SW6-M1_2024","pregnant",0
"340"," 2024-03-18 23:02:08","SW6_EVENT5","SW6_EVENT5_W_2024","W","2024","D","SW6",1,"Unk","SW6-U2_2024","N",0
"341"," 2024-03-19 10:44:14","SW6_EVENT6","SW6_EVENT6_W_2024","W","2024","L","SW6",1,"F","SW6-F1_2024","pregnant",1
"342"," 2024-03-19 10:44:26","SW6_EVENT6","SW6_EVENT6_A_2024","A","2024","L","SW6",1,"F","SW6-F1_2024","pregnant",2
"343"," 2024-03-19 14:33:04","SW6_EVENT7","SW6_EVENT7_A_2024","A","2024","L","SW6",1,"M","SW6-M1_2024","N",0
"344"," 2024-03-20 09:44:54","SW6_EVENT8","SW6_EVENT8_A_2024","A","2024","L","SW6",1,"F","SW6-F1_2024","pregnant",1
"345"," 2024-03-20 09:45:56","SW6_EVENT8","SW6_EVENT8_W_2024","W","2024","L","SW6",1,"F","SW6-F1_2024","pregnant",2
"346"," 2024-03-21 08:04:10","SW6_EVENT9","SW6_EVENT9_A_2024","A","2024","L","SW6",1,"M","SW6-M1_2024","N",0
"347"," 2024-03-22 11:14:30","SW6_EVENT10","SW6_EVENT10_A_2024","A","2024","L","SW6",1,"M","SW6-M1_2024","N",1
"348"," 2024-03-22 11:15:14","SW6_EVENT10","SW6_EVENT10_W_2024","W","2024","L","SW6",1,"M","SW6-M1_2024","N",2
"349"," 2024-03-24 03:28:04","SW6_EVENT11","SW6_EVENT11_A_2024","A","2024","D","SW6",1,"F","SW6-F2_2024","N",0
"350"," 2024-03-24 08:36:48","SW6_EVENT12","SW6_EVENT12_A_2024","A","2024","L","SW6",1,"M","SW6-M1_2024","N",0
"351"," 2024-03-24 08:44:12","SW6_EVENT13","SW6_EVENT13_A_2024","A","2024","L","SW6",1,"M","SW6-M1_2024","N",0
"352"," 2024-03-24 11:18:10","SW6_EVENT14","SW6_EVENT14_A_2024","A","2024","L","SW6",2,"F + M","SW6-F1 + SW6-M1_2024","pregnant",1
"353"," 2024-03-24 11:19:32","SW6_EVENT14","SW6_EVENT14_W_2024","W","2024","L","SW6",2,"F + M","SW6-F1 + SW6-M1_2024","pregnant",2
"354"," 2024-03-25 02:44:04","SW6_EVENT15","SW6_EVENT15_W_2024","W","2024","D","SW6",1,"F","SW6-F2_2024","N",0
"355"," 2024-03-27 04:22:32","SW6_EVENT16","SW6_EVENT16_A_2024","A","2024","D","SW6",1,"F","SW6-F2_2024","N",0
"356"," 2024-03-27 21:15:44","SW6_EVENT17","SW6_EVENT17_W_2024","W","2024","D","SW6",1,"F","SW6-F1_2024","pregnant",1
"357"," 2024-03-27 21:15:52","SW6_EVENT17","SW6_EVENT17_A_2024","A","2024","D","SW6",1,"F","SW6-F1_2024","pregnant",2
"358"," 2024-03-28 05:28:14","SW6_EVENT18","SW6_EVENT18_A_2024","A","2024","D","SW6",1,"F","SW6-F2_2024","N",1
"359"," 2024-03-28 05:28:54","SW6_EVENT18","SW6_EVENT18_W_2024","W","2024","D","SW6",1,"F","SW6-F2_2024","N",2
"360"," 2024-03-28 08:43:32","SW6_EVENT19","SW6_EVENT19_A_2024","A","2024","L","SW6",1,"M","SW6-M1_2024","N",1
"361"," 2024-03-28 08:44:06","SW6_EVENT19","SW6_EVENT19_W_2024","W","2024","L","SW6",1,"M","SW6-M1_2024","N",2
"362"," 2024-03-28 14:51:44","SW6_EVENT20","SW6_EVENT20_W_2024","W","2024","L","SW6",1,"M","SW6-M1_2024","N",2
"363"," 2024-03-28 18:32:14","SW6_EVENT21","SW6_EVENT21_A_2024","A","2024","L","SW6",1,"M","SW6-M1_2024","N",0
"364"," 2024-03-29 02:52:50","SW6_EVENT22","SW6_EVENT22_A_2024","A","2024","D","SW6",1,"M","SW6-M1_2024","N",1
"365"," 2024-03-29 02:53:16","SW6_EVENT22","SW6_EVENT22_W_2024","W","2024","D","SW6",1,"M","SW6-M1_2024","N",2
"366"," 2024-03-29 12:29:16","SW6_EVENT23","SW6_EVENT23_W_2024","W","2024","L","SW6",1,"F","SW6-F2_2024","N",0
"367"," 2024-03-30 17:29:48","SW6_EVENT24","SW6_EVENT24_A_2024","A","2024","L","SW6",1,"M","SW6-M1_2024","N",0
"368"," 2024-04-01 00:09:38","SW6_EVENT25","SW6_EVENT25_A_2024","A","2024","D","SW6",1,"F","SW6-F2_2024","N",1
"369"," 2024-04-01 00:10:44","SW6_EVENT25","SW6_EVENT25_W_2024","W","2024","D","SW6",1,"F","SW6-F2_2024","N",2
"370"," 2024-04-01 10:15:36","SW6_EVENT26","SW6_EVENT26_W_2024","W","2024","L","SW6",1,"M","SW6-M1_2024","N",0
"371"," 2024-04-01 18:10:58","SW6_EVENT27","SW6_EVENT27_A_2024","A","2024","L","SW6",1,"M","SW6-M1_2024","N",0
"372"," 2024-04-01 23:59:46","SW6_EVENT28","SW6_EVENT28_A_2024","A","2024","D","SW6",1,"F","SW6-F2_2024","N",1
"373"," 2024-04-02 00:00:18","SW6_EVENT28","SW6_EVENT28_W_2024","W","2024","D","SW6",1,"F","SW6-F2_2024","N",2
"374"," 2024-04-02 07:24:00","SW6_EVENT29","SW6_EVENT29_W_2024","W","2024","L","SW6",1,"F","SW6-F2_2024","N",1
"375"," 2024-04-02 07:24:16","SW6_EVENT29","SW6_EVENT29_A_2024","A","2024","L","SW6",1,"F","SW6-F2_2024","N",2
"376"," 2024-03-13 07:14:11","SW7_EVENT1","SW7_EVENT1_A_2024","A","2024","L","SW7",1,"SF","SW7_SF1_2024","mangey back and tail",0
"377"," 2024-03-13 08:35:30","SW7_EVENT2","SW7_EVENT2_A_2024","A","2024","L","SW7",1,"F","SW7_F1_2024","pregnant",0
"378"," 2024-03-13 18:55:04","SW7_EVENT3","SW7_EVENT3_A_2024","A","2024","L","SW7",1,"SF","SW7_SF1_2024","mangey back and tail",0
"379"," 2024-03-15 12:50:00","SW7_EVENT4","SW7_EVENT4_W_2024","W","2024","L","SW7",1,"M","SW7_M1_2024","N",0
"380"," 2024-03-18 05:55:00","SW7_EVENT5","SW7_EVENT5_A_2024","A","2024","D","SW7",1,"Unk","SW7_U1_2024","N",0
"381"," 2024-03-18 20:21:35","SW7_EVENT6","SW7_EVENT6_W_2024","W","2024","D","SW7",1,"Unk","SW7_U2_2024","N",0
"382"," 2024-03-22 06:51:00","SW7_EVENT7","SW7_EVENT7_W_2024","W","2024","L","SW7",1,"M","SW7_M1_2024","N",0
"383"," 2024-03-23 13:39:34","SW7_EVENT8","SW7_EVENT8_W_2024","W","2024","L","SW7",1,"F","SW7_F1_2024","pregnant",0
"384"," 2024-03-27 06:12:24","SW7_EVENT9","SW7_EVENT9_W_2024","W","2024","L","SW7",1,"SF","SW7_SF1_2024","mangey back and tail",0
"385"," 2024-03-30 18:26:26","SW7_EVENT10","SW7_EVENT10_W_2024","W","2024","L","SW7",1,"SF","SW7_SF1_2024","mangey back and tail",0
"386"," 2024-02-16 19:10:00","E1_EVENT1","E1_EVENT1_W_2024","W","2024","D","E1",1,"Unk","E1_U1_2024","N",0
"387"," 2024-02-21 22:22:08","E1_EVENT2","E1_EVENT2_A_2024","A","2024","D","E1",1,"M","E1_M1_2024","N",1
"388"," 2024-02-21 22:22:30","E1_EVENT2","E1_EVENT2_W_2024","W","2024","D","E1",1,"M","E1_M1_2024","N",2
"389"," 2024-02-23 00:21:22","E1_EVENT3","E1_EVENT3_A_2024","A","2024","D","E1",1,"SF","E1_SF1_2024","slightly scruffy neck",2
"390"," 2024-02-23 00:21:54","E1_EVENT3","E1_EVENT3_W_2024","W","2024","D","E1",1,"SF","E1_SF1_2024","slightly scruffy neck",1
"391"," 2024-02-27 05:01:02","E1_EVENT4","E1_EVENT4_A_2024","A","2024","D","E1",1,"SF","E1_SF2_2024","N",0
"392"," 2024-02-28 07:28:00","E1_EVENT5","E1_EVENT5_A_2024","A","2024","L","E1",2,"M + M","E1_M2 + E1_M3_2024","N",1
"393"," 2024-02-28 07:28:24","E1_EVENT5","E1_EVENT5_W_2024","W","2024","L","E1",2,"M + M","E1_M2 + E1_M3_2024","N",2
"394"," 2024-02-13 16:47:30","E2_EVENT1","E2_EVENT1_A_2024","A","2024","L","E2",1,"Unk","E2-U1_2024","N",0
"395"," 2024-02-20 00:24:32","E2_EVENT2","E2_EVENT2_W_2024","W","2024","D","E2",2,"F + M","E2-F1 + E2-M1_2024","N",0
"396"," 2024-02-25 19:18:44","E2_EVENT3","E2_EVENT3_A_2024","A","2024","D","E2",1,"F","E2-F2_2024","N",1
"397"," 2024-02-25 19:19:24","E2_EVENT3","E2_EVENT3_W_2024","W","2024","D","E2",1,"F","E2-F2_2024","N",2
"398"," 2024-02-28 21:55:36","E2_EVENT4","E2_EVENT4_A_2024","A","2024","D","E2",3,"F + M + U","E2-F2 + E2-M2 + E2-U2_2024","N",1
"399"," 2024-02-28 21:56:14","E2_EVENT4","E2_EVENT4_W_2024","W","2024","D","E2",3,"F + M + U","E2-F2 + E2-M2 + E2-U2_2024","N",2
"400"," 2024-02-13 20:45:26","E3_EVENT1","E3_EVENT1_W_2024","W","2024","D","E3",1,"FALSE","E3-F1_2024","N",0
"401"," 2024-02-14 15:21:24","E5_EVENT1","E5_EVENT1_W_2024","W","2024","L","E5",1,"Unk","E5-U1_2024","N",0
"402"," 2024-02-23 21:50:58","E5_EVENT2","E5_EVENT2_A_2024","A","2024","D","E5",1,"Unk","E5-U2_2024","N",0
"403"," 2024-02-09 01:49:32","E6_EVENT1","E6_EVENT1_A_2024","A","2024","D","E6",1,"SF","E6-SF1_2024","N",0
"404"," 2024-02-09 03:23:48","E6_EVENT2","E6_EVENT2_W_2024","W","2024","D","E6",1,"Unk","E6-U1_2024","N",0
"405"," 2024-02-09 04:29:52","E6_EVENT3","E6_EVENT3_A_2024","A","2024","D","E6",1,"Unk","E6-U1_2024","N",0
"406"," 2024-02-09 05:17:42","E6_EVENT4","E6_EVENT4_W_2024","W","2024","D","E6",1,"Unk","E6-U1_2024","N",0
"407"," 2024-02-09 05:33:26","E6_EVENT5","E6_EVENT5_A_2024","A","2024","D","E6",1,"SF","E6-SF2_2024","slightly scruffy",2
"408"," 2024-02-09 05:33:56","E6_EVENT5","E6_EVENT5_W_2024","W","2024","D","E6",1,"SF","E6-SF2_2024","slightly scruffy",1
"409"," 2024-02-09 06:23:42","E6_EVENT6","E6_EVENT6_W_2024","W","2024","D","E6",1,"SM","E6-SM1_2024","bowed back",1
"410"," 2024-02-09 06:25:06","E6_EVENT6","E6_EVENT6_A_2024","A","2024","D","E6",1,"SM","E6-SM1_2024","bowed back",2
"411"," 2024-02-19 13:21:54","E6_EVENT7","E6_EVENT7_W_2024","W","2024","L","E6",1,"M","E6-M1_2024","N",1
"412"," 2024-02-19 13:22:28","E6_EVENT7","E6_EVENT7_A_2024","A","2024","L","E6",1,"M","E6-M1_2024","N",2
"413"," 2024-02-08 20:40:40","E7_EVENT1","E7_EVENT1_A_2024","A","2024","D","E7",1,"Unk","E7-U1_2024","N",0
"414"," 2024-02-11 20:22:08","E7_EVENT2","E7_EVENT2_A_2024","A","2024","D","E7",1,"F","E7-F1_2024","burrs",1
"415"," 2024-02-11 20:23:04","E7_EVENT2","E7_EVENT2_W_2024","W","2024","D","E7",1,"F","E7-F1_2024","burrs",2
"416"," 2024-02-14 12:42:00","E7_EVENT3","E7_EVENT3_W_2024","W","2024","L","E7",1,"M","E7-M1_2024","N",0
"417"," 2024-02-22 19:19:56","E7_EVENT4","E7_EVENT4_A_2024","A","2024","D","E7",1,"Unk","E7-U1_2024","N",0
"418"," 2024-03-04 05:55:46","E8_EVENT1","E8_EVENT1_A_2024","A","2024","L","E8",1,"SF","E8-SF1_2024","N",0
"419"," 2024-03-07 07:46:08","E8_EVENT2","E8_EVENT2_A_2024","A","2024","L","E8",1,"Unk","E8-U1_2024","N",0
"420"," 2024-03-11 21:56:44","E8_EVENT3","E8_EVENT3_W_2024","W","2024","D","E8",1,"SM","E8-SM1_2024","N",0
"421"," 2024-03-14 05:07:26","E8_EVENT4","E8_EVENT4_A_2024","A","2024","D","E8",1,"SM","E8-SM1_2024","N",0
"422"," 2024-03-14 21:29:04","E8_EVENT5","E8_EVENT5_W_2024","W","2024","D","E8",1,"SM","E8-SM1_2024","N",0
"423"," 2024-03-16 21:34:46","E8_EVENT6","E8_EVENT6_A_2024","A","2024","D","E8",1,"SF","E8-SF1_2024","N",0
"424"," 2024-03-22 01:49:16","E8_EVENT7","E8_EVENT7_A_2024","A","2024","D","E8",3,"F + M + U","E8-F1 + E8-M1 + E8-U2_2024","N",1
"425"," 2024-03-22 01:49:20","E8_EVENT7","E8_EVENT7_W_2024","W","2024","D","E8",3,"F + M + U","E8-F1 + E8-M1 + E8-U2_2024","N",2
"426"," 2024-03-22 21:24:14","E8_EVENT8","E8_EVENT8_A_2024","A","2024","D","E8",1,"SF","E8-SF2_2024","N",0
"427"," 2024-03-26 23:26:54","E8_EVENT9","E8_EVENT9_W_2024","W","2024","D","E8",4,"F + M + M + U","E8-F1 + E8-M1 + E8-M2 +E8-U2_2024","N",1
"428"," 2024-03-26 23:28:26","E8_EVENT9","E8_EVENT9_A_2024","A","2024","D","E8",4,"F + M + M + U","E8-F1 + E8-M1 + E8-M2 +E8-U2_2024","N",2
"429"," 2024-03-30 19:43:48","E8_EVENT10","E8_EVENT10_W_2024","W","2024","D","E8",3,"F + M + M","E8-F1 + E8-M1 + E8-M2_2024","N",1
"430"," 2024-03-30 19:44:26","E8_EVENT10","E8_EVENT10_A_2024","A","2024","D","E8",3,"F + M + M","E8-F1 + E8-M1 + E8-M2_2024","N",2
"431"," 2024-04-01 02:42:02","E8_EVENT11","E8_EVENT11_A_2024","A","2024","D","E8",1,"Unk","E8-U3_2024","N",0
"432"," 2024-03-07 23:48:26","E9_EVENT1","E9_EVENT1_A_2024","A","2024","D","E9",1,"SF","E9_SF1_2024","N",0
"433"," 2024-03-13 23:34:34","E9_EVENT2","E9_EVENT2_W_2024","W","2024","D","E9",1,"SF","E9_SF2_2024","N",0
"434"," 2024-03-16 17:49:12","E9_EVENT3","E9_EVENT3_W_2024","W","2024","L","E9",1,"M","E9-M1_2024","limp",0
"435"," 2024-03-27 21:01:40","E9_EVENT4","E9_EVENT4_A_2024","A","2024","D","E9",1,"SF","E9_SF3_2024","N",0
"436"," 2024-03-30 01:49:26","E9_EVENT5","E9_EVENT5_A_2024","A","2024","D","E9",1,"SF","E9-SF4_2024","mange",0
"437"," 2024-03-31 22:15:38","E9_EVENT6","E9_EVENT6_A_2024","A","2024","D","E9",1,"SF","E9-SF4_2024","mange",0
"438"," 2024-03-01 15:25:06","E10_EVENT1","E10_EVENT1_W_2024","W","2024","L","E10",1,"M","E10-M1_2024","N",0
"439"," 2024-03-03 16:24:08","E10_EVENT2","E10_EVENT2_W_2024","W","2024","L","E10",1,"F","E10-F1_2024","N",0
"440"," 2024-03-22 02:38:46","E10_EVENT3","E10_EVENT3_W_2024","W","2024","D","E10",1,"Unk","E10-U1_2024","N",0
"441"," 2024-03-17 03:45:28","E11_EVENT1","E11_EVENT1_A_2024","A","2024","D","E11",1,"SM","E11-SM1_2024","N",0
"442"," 2024-03-17 07:25:20","E11_EVENT2","E11_EVENT2_A_2024","A","2024","L","E11",1,"Unk","E11-U1_2024","N",0
"443"," 2024-03-19 13:29:46","E11_EVENT3","E11_EVENT3_W_2024","W","2024","L","E11",1,"Unk","E11-U2_2024","N",0
"444"," 2024-03-21 02:58:30","E11_EVENT4","E11_EVENT4_A_2024","A","2024","D","E11",1,"M","E11-M1_2024","N",0
"445"," 2024-03-22 06:27:58","E11_EVENT5","E11_EVENT5_W_2024","W","2024","L","E11",1,"Unk","E11-U3_2024","wispy tail",0
"446"," 2024-03-22 17:52:28","E11_EVENT6","E11_EVENT6_A_2024","A","2024","L","E11",1,"F","E11-F1_2024","wispy tail",0
"447"," 2024-03-22 21:31:28","E11_EVENT7","E11_EVENT7_A_2024","A","2024","D","E11",1,"M","E11-M2_2024","N",0
"448"," 2024-03-22 22:24:32","E11_EVENT8","E11_EVENT8_A_2024","A","2024","D","E11",4,"F + F + M + M","E11-F1 + E11-F2 + E11-M2 + E11_M3_2024","wispy tail, N",0
"449"," 2024-03-23 04:05:58","E11_EVENT9","E11_EVENT9_W_2024","W","2024","D","E11",1,"F","E11-F2_2024","N",0
"450"," 2024-03-23 04:19:30","E11_EVENT10","E11_EVENT10_W_2024","W","2024","D","E11",1,"M","E11-M2_2024","N",0
"451"," 2024-03-26 20:56:36","E11_EVENT11","E11_EVENT11_A_2024","A","2024","D","E11",1,"M","E11-M2_2024","N",1
"452"," 2024-03-26 20:56:38","E11_EVENT11","E11_EVENT11_W_2024","W","2024","D","E11",1,"M","E11-M2_2024","N",2
"453"," 2024-03-29 17:52:26","E11_EVENT12","E11_EVENT12_A_2024","A","2024","L","E11",1,"M","E11-M3_2024","N",0
"454"," 2024-03-30 04:10:26","E11_EVENT13","E11_EVENT13_A_2024","A","2024","D","E11",1,"Unk","E11-U3_2024","wispy tail",0
"455"," 2024-04-01 05:10:40","E11_EVENT14","E11_EVENT14_A_2024","A","2024","D","E11",1,"M","E11-M4_2024","N",0
"456"," 2024-03-14 05:51:28","E12_EVENT1","E12_EVENT1_A_2024","A","2024","D","E12",1,"Unk","E12-U1_2024","N",1
"457"," 2024-03-14 05:52:24","E12_EVENT1","E12_EVENT1_W_2024","W","2024","D","E12",1,"Unk","E12-U1_2024","N",2
"458"," 2024-03-29 09:38:34","E12_EVENT2","E12_EVENT2_A_2024","A","2024","L","E12",1,"Unk","E12-U2_2024","N",0
"459"," 2024-03-13 15:10:22","E13_EVENT1","E13_EVENT1_A_2024","A","2024","L","E13",1,"SM","E13-SM1_2024","N",0
"460"," 2024-03-08 21:26:38","E14_EVENT1","E14_EVENT1_A_2024","A","2024","D","E14",1,"M","E14-M1_2024","N",0
"461"," 2024-03-22 22:30:34","E14_EVENT2","E14_EVENT2_W_2024","W","2024","D","E14",1,"M","E14-M1_2024","N",0
"462","2025-03-18 22:35:05","NE1_EVENT1","NE1_EVENT1_N_2025","N","2025","D","NE1",1,"M","NE1-M1_2025","N",0
"463","2025-03-29 13:51:38","NE1_EVENT2","NE1_EVENT2_N_2025","N","2025","L","NE1",1,"F","NE1-F1_2025","mange",1
"464","2025-02-19 17:00:59","NE2_EVENT1","NE2_EVENT1_N_2025","N","2025","L","NE2",1,"F","NE2-F1_2025","N",0
"465","2025-02-19 22:18:46","NE2_EVENT2","NE2_EVENT2_A_2025","A","2025","D","NE2",1,"U","NE2-U2_2025","N",1
"466","2025-02-19 22:20:05","NE2_EVENT2","NE2_EVENT2_N_2025","N","2025","D","NE2",1,"U","NE2-U2_2025","N",2
"467","2025-02-20 05:22:42","NE2_EVENT3","NE2_EVENT3_N_2025","N","2025","D","NE2",1,"U","NE2-U2_2025","N",0
"468","2025-02-21 05:05:09","NE2_EVENT4","NE2_EVENT4_A_2025","A","2025","D","NE2",1,"U","NE2-U2_2025","N",0
"469","2025-02-22 02:20:31","NE2_EVENT5","NE2_EVENT5_A_2025","A","2025","D","NE2",1,"U","NE2-U2_2025","N",0
"470","2025-02-24 05:12:33","NE2_EVENT6","NE2_EVENT6_A_2025","A","2025","D","NE2",1,"M","NE2-M1_2025","N",0
"471","2025-03-06 19:05:03","NE2_EVENT7","NE2_EVENT7_N_2025","N","2025","D","NE2",1,"F","NE2-F1_2025","N",0
"472","2025-03-06 20:37:45","NE2_EVENT8","NE2_EVENT8_A_2025","A","2025","D","NE2",1,"M","NE2-M2_2025","N",1
"473","2025-03-06 20:38:36","NE2_EVENT8","NE2_EVENT8_N_2025","N","2025","D","NE2",1,"M","NE2-M2_2025","N",2
"474","2025-03-07 23:55:10","NE2_EVENT9","NE2_EVENT9_A_2025","A","2025","D","NE2",1,"SF","NE2-SF1_2025","light mange?",1
"475","2025-03-07 23:55:19","NE2_EVENT9","NE2_EVENT9_N_2025","N","2025","D","NE2",1,"SF","NE2-SF1_2025","light mange?",2
"476","2025-03-08 18:09:18","NE2_EVENT10","NE2_EVENT10_N_2025","N","2025","D","NE2",1,"M","NE2-M1_2025","N",0
"477","2025-03-20 04:53:35","NE2_EVENT11","NE2_EVENT11_N_2025","N","2025","D","NE2",2,"M, F","NE2-M2, NE2-F1_2025","N",1
"478","2025-03-20 04:53:48","NE2_EVENT11","NE2_EVENT11_A_2025","A","2025","D","NE2",2,"M, F","NE2-M2, NE2-F1_2025","N",2
"479","2025-03-23 06:28:50","NE2_EVENT12","NE2_EVENT12_N_2025","N","2025","L","NE2",2,"M, F","NE2-M2, NE2-F1_2025","N",1
"480","2025-03-23 06:29:34","NE2_EVENT12","NE2_EVENT12_A_2025","A","2025","L","NE2",2,"M, F","NE2-M2, NE2-F1_2025","N",2
"481","2025-03-24 04:07:40","NE2_EVENT13","NE2_EVENT13_N_2025","N","2025","D","NE2",1,"M","NE2-M1_2025","N",1
"482","2025-03-24 04:08:12","NE2_EVENT13","NE2_EVENT13_A_2025","A","2025","D","NE2",1,"M","NE2-M1_2025","N",2
"483","2025-03-26 08:30:52","NE2_EVENT14","NE2_EVENT14_A_2025","A","2025","D","NE2",1,"SF","NE2-SF1_2025","light mange?",0
"484","2025-03-30 04:12:26","NE2_EVENT15","NE2_EVENT15_A_2025","A","2025","D","NE2",1,"SF","NE2-SF1_2025","light mange?",0
"485","2025-03-31 10:41:29","NE2_EVENT16","NE2_EVENT16_N_2025","N","2025","L","NE2",1,"F","NE2-F1_2025","N",0
"486","2025-02-20 02:49:16","NE3_EVENT1","NE3_EVENT1_A_2025","A","2025","D","NE3",1,"F","NE3-F1_2025","N",1
"487","2025-02-20 02:50:56","NE3_EVENT1","NE3_EVENT1_N_2025","N","2025","D","NE3",1,"F","NE3-F1_2025","N",2
"488","2025-03-08 16:48:50","NE3_EVENT2","NE3_EVENT2_A_2025","A","2025","L","NE3",1,"SM","NE3-SM1_2025","N",0
"489","2025-03-20 08:06:36","NE3_EVENT3","NE3_EVENT3_A_2025","A","2025","L","NE3",1,"F","NE3-F1_2025","N",1
"490","2025-03-20 08:09:22","NE3_EVENT3","NE3_EVENT3_N_2025","N","2025","L","NE3",1,"F","NE3-F1_2025","N",2
"491","2025-03-23 00:54:34","NE3_EVENT4","NE3_EVENT4_N_2025","N","2025","D","NE3",1,"F","NE3-F1_2025","N",1
"492","2025-03-23 00:54:50","NE3_EVENT4","NE3_EVENT4_A_2025","A","2025","D","NE3",1,"F","NE3-F1_2025","N",2
"493","2025-03-23 01:18:30","NE3_EVENT5","NE3_EVENT5_A_2025","A","2025","D","NE3",1,"F","NE3-F1_2025","N",1
"494","2025-03-23 01:19:02","NE3_EVENT5","NE3_EVENT5_N_2025","N","2025","D","NE3",1,"F","NE3-F1_2025","N",2
"495","2025-03-24 02:50:40","NE3_EVENT6","NE3_EVENT6_A_2025","A","2025","D","NE3",1,"SM","NE3-SM1_2025","N",1
"496","2025-03-24 02:51:38","NE3_EVENT6","NE3_EVENT6_N_2025","N","2025","D","NE3",1,"SM","NE3-SM1_2025","N",2
"497","2025-03-24 04:21:30","NE3_EVENT7","NE3_EVENT7_N_2025","N","2025","D","NE3",1,"NE3-U1","NE3-U1_2025","N",0
"498","2025-04-08 22:25:00","NE3_EVENT8","NE3_EVENT8_A_2025","A","2025","D","NE3",1,"NE3-U1","NE3-U1_2025","N",0
"499","2025-04-08 22:33:02","NE3_EVENT9","NE3_EVENT9_A_2025","A","2025","D","NE3",2,"F, SM","NE3-F1, NE3-SM1_2025","N",1
"500","2025-04-08 22:34:22","NE3_EVENT9","NE3_EVENT9_N_2025","N","2025","D","NE3",2,"F, SM","NE3-F1, NE3-SM1_2025","N",2
"501","2025-02-20 00:00:10","NE4_EVENT1","NE4_EVENT1_A_2025","A","2025","D","NE4",1,"M","NE4-M2_2025","light mange",0
"502","2025-02-20 15:31:08","NE4_EVENT2","NE4_EVENT2_A_2025","A","2025","L","NE4",1,"F","NE4-F1_2025","established mange",0
"503","2025-02-21 12:26:10","NE4_EVENT3","NE4_EVENT3_A_2025","A","2025","L","NE4",1,"M","NE4-M2_2025","light mange",0
"504","2025-02-22 23:52:00","NE4_EVENT4","NE4_EVENT4_N_2025","N","2025","D","NE4",1,"M","NE4-M2_2025","light mange",1
"505","2025-02-22 23:52:34","NE4_EVENT4","NE4_EVENT4_A_2025","A","2025","D","NE4",1,"M","NE4-M2_2025","light mange",2
"506","2025-02-23 23:02:52","NE4_EVENT5","NE4_EVENT5_N_2025","N","2025","D","NE4",3,"F, F, M","NE4-F2, NE4-F3, NE4-M1_2025","light mange, severe mange, N",1
"507","2025-02-23 23:03:08","NE4_EVENT5","NE4_EVENT5_A_2025","A","2025","D","NE4",3,"F, F, M","NE4-F2, NE4-F3, NE4-M1_2025","light mange, severe mange, N",2
"508","2025-02-24 08:21:40","NE4_EVENT6","NE4_EVENT6_A_2025","A","2025","L","NE4",1,"F","NE4-F3_2025","light mange",0
"509","2025-02-25 18:33:50","NE4_EVENT7","NE4_EVENT7_N_2025","N","2025","D","NE4",1,"M","NE4-M2_2025","light mange",0
"510","2025-02-26 14:25:58","NE4_EVENT8","NE4_EVENT8_N_2025","N","2025","L","NE4",1,"F","NE4-F3_2025","light mange",1
"511","2025-02-26 14:26:29","NE4_EVENT8","NE4_EVENT8_A_2025","A","2025","L","NE4",1,"F","NE4-F3_2025","light mange",2
"512","2025-02-28 17:09:00","NE4_EVENT9","NE4_EVENT9_N_2025","N","2025","L","NE4",1,"M","NE4-M2_2025","light mange",1
"513","2025-02-28 17:09:14","NE4_EVENT9","NE4_EVENT9_A_2025","A","2025","L","NE4",1,"M","NE4-M2_2025","light mange",2
"514","2025-03-04 16:10:20","NE4_EVENT10","NE4_EVENT10_N_2025","N","2025","L","NE4",1,"F","NE4-F1_2025","established mange",0
"515","2025-03-07 23:19:26","NE4_EVENT11","NE4_EVENT11_A_2025","A","2025","D","NE4",1,"M","NE4-M2_2025","light mange",0
"516","2025-03-10 09:32:12","NE4_EVENT12","NE4_EVENT12_A_2025","A","2025","L","NE4",2,"F, M","NE4-F3, NE4-M1_2025","light mange",0
"517","2025-03-10 10:07:10","NE4_EVENT13","NE4_EVENT13_N_2025","N","2025","L","NE4",1,"F","NE4-F1_2025","established mange",1
"518","2025-03-10 10:07:20","NE4_EVENT13","NE4_EVENT13_A_2025","A","2025","L","NE4",1,"F","NE4-F1_2025","established mange",2
"519","2025-03-12 20:48:44","NE4_EVENT14","NE4_EVENT14_A_2025","A","2025","D","NE4",1,"U","NE4-U1_2025","N",0
"520","2025-03-16 00:05:34","NE4_EVENT15","NE4_EVENT15_A_2025","A","2025","D","NE4",1,"U","NE4-U1_2025","N",0
"521","2025-03-17 10:03:54","NE4_EVENT16","NE4_EVENT16_N_2025","N","2025","L","NE4",1,"F","NE4-F1_2025","established mange",1
"522","2025-03-17 10:04:28","NE4_EVENT16","NE4_EVENT16_A_2025","A","2025","L","NE4",1,"F","NE4-F1_2025","established mange",2
"523","2025-03-18 11:54:49","NE4_EVENT17","NE4_EVENT17_N_2025","N","2025","L","NE4",1,"F","NE4-F1_2025","established mange",1
"524","2025-03-18 11:55:26","NE4_EVENT17","NE4_EVENT17_A_2025","A","2025","L","NE4",1,"F","NE4-F1_2025","established mange",2
"525","2025-03-20 15:37:20","NE4_EVENT18","NE4_EVENT18_N_2025","N","2025","L","NE4",1,"F","NE4-F1_2025","established mange",0
"526","2025-03-20 17:19:56","NE4_EVENT19","NE4_EVENT19_N_2025","N","2025","L","NE4",1,"F","NE4-F1_2025","established mange",1
"527","2025-03-20 17:20:18","NE4_EVENT19","NE4_EVENT19_A_2025","A","2025","L","NE4",1,"F","NE4-F1_2025","established mange",2
"528","2025-03-20 19:29:09","NE4_EVENT20","NE4_EVENT20_N_2025","N","2025","D","NE4",1,"F","NE4-F1_2025","established mange",1
"529","2025-03-20 19:29:40","NE4_EVENT20","NE4_EVENT20_A_2025","A","2025","D","NE4",1,"F","NE4-F1_2025","established mange",2
"530","2025-03-21 12:35:44","NE4_EVENT21","NE4_EVENT21_N_2025","N","2025","L","NE4",1,"F","NE4-F1_2025","established mange",1
"531","2025-03-21 12:36:06","NE4_EVENT21","NE4_EVENT21_A_2025","A","2025","L","NE4",1,"F","NE4-F1_2025","established mange",2
"532","2025-03-21 13:44:12","NE4_EVENT22","NE4_EVENT22_A_2025","A","2025","L","NE4",1,"M","NE4-M2_2025","light mange",0
"533","2025-03-21 15:01:12","NE4_EVENT23","NE4_EVENT23_N_2025","N","2025","L","NE4",2,"F, M","NE4-F1, NE4-M2_2025","established mange, light mange",1
"534","2025-03-21 15:01:34","NE4_EVENT23","NE4_EVENT23_A_2025","A","2025","L","NE4",2,"F, M","NE4-F1, NE4-M2_2025","established mange, light mange",2
"535","2025-03-23 09:31:14","NE4_EVENT24","NE4_EVENT24_A_2025","A","2025","L","NE4",1,"F","NE4-F3_2025","light mange",0
"536","2025-03-23 19:21:24","NE4_EVENT25","NE4_EVENT25_N_2025","N","2025","D","NE4",1,"F","NE4-F1_2025","established mange",1
"537","2025-03-23 19:21:52","NE4_EVENT25","NE4_EVENT25_A_2025","A","2025","D","NE4",1,"F","NE4-F1_2025","established mange",2
"538","2025-03-24 10:49:24","NE4_EVENT26","NE4_EVENT26_A_2025","A","2025","L","NE4",1,"F","NE4-F3_2025","light mange",0
"539","2025-03-24 19:11:54","NE4_EVENT27","NE4_EVENT27_A_2025","A","2025","D","NE4",2,"F, M","NE4-F1, NE4-M1_2025","established mange, N",0
"540","2025-03-24 19:27:34","NE4_EVENT28","NE4_EVENT28_A_2025","A","2025","D","NE4",1,"M","NE4-M2_2025","light mange",0
"541","2025-03-24 21:15:10","NE4_EVENT29","NE4_EVENT29_A_2025","A","2025","D","NE4",1,"U","NE4-U2_2025","established mange",0
"542","2025-03-25 08:18:46","NE4_EVENT30","NE4_EVENT30_A_2025","A","2025","L","NE4",3,"U, M, F","NE4-U2, NE4-M2, NE4-F3_2025","established mange, light mange, light mange",0
"543","2025-03-25 19:51:30","NE4_EVENT31","NE4_EVENT31_N_2025","N","2025","D","NE4",1,"F","NE4-F1_2025","established mange, light mange",1
"544","2025-03-25 19:52:02","NE4_EVENT31","NE4_EVENT31_A_2025","A","2025","D","NE4",1,"F","NE4-F1_2025","established mange, light mange",2
"545","2025-03-28 16:24:48","NE4_EVENT32","NE4_EVENT32_N_2025","N","2025","L","NE4",1,"U","NE4-U2_2025","established mange",1
"546","2025-03-28 16:25:18","NE4_EVENT32","NE4_EVENT32_A_2025","A","2025","L","NE4",1,"U","NE4-U2_2025","established mange",2
"547","2025-03-28 16:33:40","NE4_EVENT33","NE4_EVENT33_N_2025","N","2025","L","NE4",2,"F, M","NE4-F1, NE4-M2_2025","established mange, light mange",1
"548","2025-03-28 16:34:00","NE4_EVENT33","NE4_EVENT33_A_2025","A","2025","L","NE4",2,"F, M","NE4-F1, NE4-M2_2025","established mange, light mange",2
"549","2025-03-30 11:31:26","NE4_EVENT34","NE4_EVENT34_A_2025","A","2025","L","NE4",1,"F","NE4-F4_2025","established mange",0
"550","2025-04-04 15:25:06","NE4_EVENT35","NE4_EVENT35_N_2025","N","2025","L","NE4",1,"F","NE4-F1_2025","established mange",1
"551","2025-04-04 15:25:24","NE4_EVENT35","NE4_EVENT35_A_2025","A","2025","L","NE4",1,"F","NE4-F1_2025","established mange",2
"552","2025-04-05 16:44:06","NE4_EVENT36","NE4_EVENT36_N_2025","N","2025","L","NE4",1,"F","NE4-F1_2025","established mange",1
"553","2025-04-05 16:44:36","NE4_EVENT36","NE4_EVENT36_A_2025","A","2025","L","NE4",1,"F","NE4-F1_2025","established mange",2
"554","2025-04-05 19:39:10","NE4_EVENT37","NE4_EVENT37_A_2025","A","2025","D","NE4",2,"U, M","NE4-U2, NE4-M2_2025","established mange, light mange",0
"555","2025-04-07 05:30:54","NE4_EVENT38","NE4_EVENT38_A_2025","A","2025","D","NE4",1,"U","NE4-U2_2025","established mange",0
"556","2025-04-07 19:38:30","NE4_EVENT39","NE4_EVENT39_A_2025","A","2025","D","NE4",1,"F","NE4-F4_2025","established mange",0
"557","2025-04-08 23:09:38","NE4_EVENT40","NE4_EVENT40_A_2025","A","2025","D","NE4",1,"F","NE4-F4_2025","established mange",0
"558","2025-02-19 20:43:54","NE5_EVENT1","NE5_EVENT1_A_2025","A","2025","D","NE5",1,"SF","NE5-SF1_2025","mange",0
"559","2025-02-24 07:04:14","NE5_EVENT2","NE5_EVENT2_N_2025","N","2025","L","NE5",1,"F","NE5-F1_2025","mange",1
"560","2025-02-24 07:07:08","NE5_EVENT2","NE5_EVENT2_A_2025","A","2025","L","NE5",1,"F","NE5-F1_2025","mange",2
"561","2025-02-27 22:48:56","NE5_EVENT3","NE5_EVENT3_A_2025","A","2025","D","NE5",1,"M","NE5-M1_2025","N",0
"562","2025-02-28 06:37:00","NE5_EVENT4","NE5_EVENT4_N_2025","N","2025","L","NE5",1,"F","NE5-F1_2025","mange",1
"563","2025-02-28 06:39:10","NE5_EVENT4","NE5_EVENT4_A_2025","A","2025","L","NE5",1,"F","NE5-F1_2025","mange",2
"564","2025-03-04 02:28:52","NE5_EVENT5","NE5_EVENT5_A_2025","A","2025","D","NE5",1,"F","NE5-F1_2025","mange",0
"565","2025-03-06 22:39:32","NE5_EVENT6","NE5_EVENT6_A_2025","A","2025","D","NE5",1,"M","NE5-M1_2025","N",0
"566","2025-03-06 23:23:42","NE5_EVENT7","NE5_EVENT7_A_2025","A","2025","D","NE5",1,"F","NE5-F1_2025","mange",0
"567","2025-03-07 16:11:36","NE5_EVENT8","NE5_EVENT8_N_2025","N","2025","L","NE5",2,"F, M","NE5-F1, NE5-M1_2025","mange",1
"568","2025-03-07 16:14:08","NE5_EVENT8","NE5_EVENT8_A_2025","A","2025","L","NE5",2,"F, M","NE5-F1, NE5-M1_2025","mange",2
"569","2025-03-07 19:41:14","NE5_EVENT9","NE5_EVENT9_A_2025","A","2025","D","NE5",1,"F","NE5-F1_2025","mange",0
"570","2025-03-10 05:22:42","NE5_EVENT10","NE5_EVENT10_A_2025","A","2025","D","NE5",2,"F, M","NE5-F1, NE5-M1_2025","N, mange",0
"571","2025-03-11 21:39:30","NE5_EVENT11","NE5_EVENT11_A_2025","A","2025","D","NE5",1,"M","NE5-M1_2025","N",0
"572","2025-03-12 07:10:48","NE5_EVENT12","NE5_EVENT12_N_2025","N","2025","L","NE5",1,"F","NE5-F1_2025","mange",1
"573","2025-03-12 13:12:08","NE5_EVENT12","NE5_EVENT12_A_2025","A","2025","L","NE5",1,"F","NE5-F1_2025","mange",2
"574","2025-03-12 21:10:02","NE5_EVENT13","NE5_EVENT13_A_2025","A","2025","D","NE5",1,"F","NE5-F1_2025","mange",0
"575","2025-03-13 18:39:44","NE5_EVENT14","NE5_EVENT14_N_2025","N","2025","L","NE5",2,"U, F","NE5-U1, NE5-F1_2025","light mange, mange",1
"576","2025-03-13 18:40:42","NE5_EVENT14","NE5_EVENT14_A_2025","A","2025","L","NE5",2,"U, F","NE5-U1, NE5-F1_2025","light mange, mange",2
"577","2025-03-15 20:24:00","NE5_EVENT15","NE5_EVENT15_A_2025","A","2025","D","NE5",1,"M","NE5-M1_2025","N",0
"578","2025-03-20 04:02:16","NE5_EVENT16","NE5_EVENT16_N_2025","N","2025","D","NE5",1,"F","NE5-F1_2025","mange",1
"579","2025-03-20 04:03:24","NE5_EVENT16","NE5_EVENT16_A_2025","A","2025","D","NE5",1,"F","NE5-F1_2025","mange",2
"580","2025-03-20 16:53:52","NE5_EVENT17","NE5_EVENT17_N_2025","N","2025","L","NE5",1,"F","NE5-F1_2025","mange",1
"581","2025-03-20 16:55:12","NE5_EVENT17","NE5_EVENT17_A_2025","A","2025","L","NE5",1,"F","NE5-F1_2025","mange",2
"582","2025-03-20 17:23:20","NE5_EVENT18","NE5_EVENT18_N_2025","N","2025","L","NE5",1,"F","NE5-F1_2025","mange",1
"583","2025-03-20 17:24:13","NE5_EVENT18","NE5_EVENT18_A_2025","A","2025","L","NE5",1,"F","NE5-F1_2025","mange",2
"584","2025-03-20 19:24:28","NE5_EVENT19","NE5_EVENT19_A_2025","A","2025","D","NE5",1,"F","NE5-F1_2025","mange",0
"585","2025-03-21 03:06:18","NE5_EVENT20","NE5_EVENT20_N_2025","N","2025","D","NE5",1,"M","NE5-M1_2025","N",0
"586","2025-03-21 19:00:31","NE5_EVENT21","NE5_EVENT21_A_2025","A","2025","D","NE5",1,"M","NE5-M1_2025","N",0
"587","2025-03-21 19:22:52","NE5_EVENT22","NE5_EVENT22_A_2025","A","2025","D","NE5",1,"M","NE5-M1_2025","N",0
"588","2025-03-23 12:42:52","NE5_EVENT23","NE5_EVENT23_A_2025","A","2025","L","NE5",1,"F","NE5-F1_2025","N",0
"589","2025-03-23 19:10:16","NE5_EVENT24","NE5_EVENT24_A_2025","A","2025","D","NE5",1,"F","NE5-F1_2025","N",0
"590","2025-03-25 14:30:06","NE5_EVENT25","NE5_EVENT25_A_2025","A","2025","L","NE5",1,"F","NE5-F1_2025","N",1
"591","2025-03-25 14:37:26","NE5_EVENT25","NE5_EVENT25_N_2025","N","2025","L","NE5",1,"F","NE5-F1_2025","N",2
"592","2025-03-25 19:21:18","NE5_EVENT26","NE5_EVENT26_A_2025","A","2025","D","NE5",1,"M","NE5-M1_2025","N",0
"593","2025-03-25 19:57:18","NE5_EVENT27","NE5_EVENT27_A_2025","A","2025","D","NE5",2,"M, U","NE5-M1, NE5-U1_2025","N",0
"594","2025-03-25 20:09:58","NE5_EVENT28","NE5_EVENT28_A_2025","A","2025","D","NE5",1,"U","NE5-U1_2025","N",0
"595","2025-03-28 13:14:37","NE5_EVENT29","NE5_EVENT29_A_2025","A","2025","L","NE5",1,"F","NE5-F1_2025","mange",1
"596","2025-03-28 13:43:00","NE5_EVENT29","NE5_EVENT29_N_2025","N","2025","L","NE5",1,"F","NE5-F1_2025","mange",2
"597","2025-03-28 14:09:44","NE5_EVENT30","NE5_EVENT30_N_2025","N","2025","L","NE5",1,"F","NE5-F1_2025","mange",1
"598","2025-03-28 14:11:04","NE5_EVENT30","NE5_EVENT30_A_2025","A","2025","L","NE5",1,"F","NE5-F1_2025","mange",2
"599","2025-03-28 19:41:06","NE5_EVENT31","NE5_EVENT31_A_2025","A","2025","D","NE5",1,"U","NE5-U2_2025","N",0
"600","2025-03-30 11:44:44","NE5_EVENT32","NE5_EVENT32_A_2025","A","2025","L","NE5",1,"F","NE5-F1_2025","mange",0
"601","2025-03-30 13:37:58","NE5_EVENT33","NE5_EVENT33_A_2025","A","2025","L","NE5",1,"F","NE5-F1_2025","mange",1
"602","2025-03-30 13:43:02","NE5_EVENT33","NE5_EVENT33_N_2025","N","2025","L","NE5",1,"F","NE5-F1_2025","mange",2
"603","2025-03-30 17:35:14","NE5_EVENT34","NE5_EVENT34_N_2025","N","2025","L","NE5",1,"F","NE5-F1_2025","mange",1
"604","2025-03-30 17:38:00","NE5_EVENT34","NE5_EVENT34_A_2025","A","2025","L","NE5",1,"F","NE5-F1_2025","mange",2
"605","2025-04-01 14:25:46","NE5_EVENT35","NE5_EVENT35_N_2025","N","2025","L","NE5",1,"F","NE5-F1_2025","mange",1
"606","2025-04-01 14:27:28","NE5_EVENT35","NE5_EVENT35_A_2025","A","2025","L","NE5",1,"F","NE5-F1_2025","mange",2
"607","2025-04-01 15:13:18","NE5_EVENT36","NE5_EVENT36_A_2025","A","2025","L","NE5",1,"F","NE5-F1_2025","mange",0
"608","2025-04-01 18:31:58","NE5_EVENT37","NE5_EVENT37_N_2025","N","2025","L","NE5",1,"F","NE5-F1_2025","mange",1
"609","2025-04-01 18:33:34","NE5_EVENT37","NE5_EVENT37_A_2025","A","2025","L","NE5",1,"F","NE5-F1_2025","mange",2
"610","2025-04-05 20:36:58","NE5_EVENT38","NE5_EVENT38_A_2025","A","2025","D","NE5",1,"M","NE5-M1_2025","N",0
"611","2025-04-06 17:02:58","NE5_EVENT39","NE5_EVENT39_A_2025","A","2025","L","NE5",1,"M","NE5-M1_2025","N",0
"612","2025-04-09 06:14:54","NE5_EVENT40","NE5_EVENT40_A_2025","A","2025","L","NE5",1,"M","NE5-M1_2025","N",0
"613","2025-04-09 08:37:02","NE5_EVENT41","NE5_EVENT41_A_2025","A","2025","L","NE5",1,"F","NE5-F1_2025","mange",0
"614","2025-02-20 22:20:16","NE6_EVENT1","NE6_EVENT1_A_2025","A","2025","D","NE6",1,"SM","NE6-SM1_2025","mange on tail",0
"615","2025-02-21 01:10:50","NE6_EVENT2","NE6_EVENT2_A_2025","A","2025","D","NE6",1,"U","NE6-U1_2025","N",0
"616","2025-02-22 23:30:10","NE6_EVENT3","NE6_EVENT3_A_2025","A","2025","D","NE6",1,"F","NE6-F1_2025","N",0
"617","2025-02-23 18:38:44","NE6_EVENT4","NE6_EVENT4_A_2025","A","2025","D","NE6",1,"SM","NE6-SM2_2025","N",0
"618","2025-02-23 21:12:15","NE6_EVENT5","NE6_EVENT5_A_2025","A","2025","D","NE6",1,"SM","NE6-SM2_2025","N",0
"619","2025-03-01 20:57:29","NE6_EVENT6","NE6_EVENT6_A_2025","A","2025","D","NE6",1,"SM","NE6-SM2_2025","N",0
"620","2025-03-12 01:24:58","NE6_EVENT7","NE6_EVENT7_A_2025","A","2025","D","NE6",1,"SM","NE6-SM2_2025","N",0
"621","2025-03-12 21:40:44","NE6_EVENT8","NE6_EVENT8_N_2025","N","2025","D","NE6",1,"SM","NE6-SM2_2025","N",0
"622","2025-03-21 00:40:07","NE6_EVENT9","NE6_EVENT9_A_2025","A","2025","D","NE6",1,"SM","NE6-SM2_2025","N",0
"623","2025-03-22 01:30:24","NE6_EVENT10","NE6_EVENT10_A_2025","A","2025","D","NE6",1,"SF","NE6-SF1_2025","s. mange on body",0
"624","2025-03-22 04:19:36","NE6_EVENT11","NE6_EVENT11_A_2025","A","2025","D","NE6",1,"SM","NE6-SM1_2025","N",0
"625","2025-03-22 20:39:12","NE6_EVENT12","NE6_EVENT12_A_2025","A","2025","D","NE6",1,"SF","NE6-SF1_2025","s. mange on tail",0
"626","2025-03-23 22:50:24","NE6_EVENT13","NE6_EVENT13_N_2025","N","2025","D","NE6",1,"SF","NE6-SF1_2025","s. mange on tail",0
"627","2025-03-25 21:05:22","NE6_EVENT14","NE6_EVENT14_N_2025","N","2025","D","NE6",1,"U","NE6-U1_2025","N",0
"628","2025-03-25 23:33:22","NE6_EVENT15","NE6_EVENT15_N_2025","N","2025","D","NE6",1,"SM","NE6-SM1_2025","N",0
"629","2025-03-26 20:16:58","NE6_EVENT16","NE6_EVENT16_N_2025","N","2025","D","NE6",1,"U","NE6-U1_2025","N",0
"630","2025-04-02 04:39:54","NE6_EVENT17","NE6_EVENT17_N_2025","N","2025","D","NE6",1,"F","NE6-F1_2025","N",0
"631","2025-03-12 21:06:08","NE7_EVENT1","NE7_EVENT1_N_2025","N","2025","D","NE7",1,"FALSE","NE7-F1_2025","N",NA
"632","2025-03-14 10:59:02","NE7_EVENT2","NE7_EVENT2_A_2025","A","2025","L","NE7",1,"FALSE","NE7-F1_2025","N",0
"633","2025-03-15 21:29:26","NE7_EVENT3","NE7_EVENT3_N_2025","N","2025","D","NE7",1,"FALSE","NE7-F1_2025","N",0
"634","2025-03-16 15:35:38","NE7_EVENT4","NE7_EVENT4_A_2025","A","2025","L","NE7",1,"FALSE","NE7-F1_2025","N",0
"635","2025-03-20 00:13:48","NE7_EVENT5","NE7_EVENT5_N_2025","N","2025","D","NE7",1,"FALSE","NE7-F1_2025","N",1
"636","2025-03-20 00:13:48","NE7_EVENT5","NE7_EVENT5_A_2025","A","2025","D","NE7",1,"FALSE","NE7-F1_2025","N",2
"637","2025-03-21 06:59:04","NE7_EVENT6","NE7_EVENT6_N_2025","N","2025","L","NE7",1,"FALSE","NE7-F1_2025","N",1
"638","2025-03-21 06:59:36","NE7_EVENT6","NE7_EVENT6_A_2025","A","2025","L","NE7",1,"FALSE","NE7-F1_2025","N",2
"639","2025-03-27 06:48:34","NE7_EVENT7","NE7_EVENT7_A_2025","A","2025","L","NE7",1,"FALSE","NE7-F1_2025","N",0
"640","2025-03-30 21:06:18","NE7_EVENT8","NE7_EVENT8_A_2025","A","2025","D","NE7",1,"FALSE","NE7-F1_2025","N",0
"641","2025-04-01 01:09:38","NE7_EVENT9","NE7_EVENT9_A_2025","A","2025","D","NE7",1,"FALSE","NE7-F1_2025","N",0
"642","2025-04-05 10:54:20","NE7_EVENT10","NE7_EVENT10_A_2025","A","2025","L","NE7",1,"FALSE","NE7-F1_2025","N",0
"643","2025-01-05 22:47:08","NW1_EVENT1","NW1_EVENT1_N_2025","N","2025","D","NW1",1,"U","NW1-U1_2025","N",0
"644","2025-02-05 15:50:42","NW1_EVENT2","NW1_EVENT2_A_2025","A","2025","L","NW1",1,"SF","NW1-SF1_2025","light mange",0
"645","2025-02-07 04:29:58","NW1_EVENT3","NW1_EVENT3_A_2025","A","2025","D","NW1",1,"SF","NW1-SF1_2025","light mange",0
"646","2024-12-30 19:12:48","NW2_EVENT1","NW2_EVENT1_A_2025","A","2025","D","NW2",1,"SF","NW2-SF1_2025","N",0
"647","2025-01-03 08:04:30","NW2_EVENT2","NW2_EVENT2_A_2025","A","2025","D","NW2",1,"SF","NW2-SF1_2025","N",0
"648","2025-01-08 17:48:22","NW2_EVENT3","NW2_EVENT3_N_2025","N","2025","D","NW2",1,"U","NW2-U1_2025","light mange",1
"649","2025-01-08 17:50:16","NW2_EVENT3","NW2_EVENT3_A_2025","A","2025","D","NW2",1,"U","NW2-U1_2025","light mange",2
"650","2025-01-08 20:44:30","NW2_EVENT4","NW2_EVENT4_A_2025","A","2025","D","NW2",1,"U","NW2-U1_2025","light mange",1
"651","2025-01-08 20:46:14","NW2_EVENT4","NW2_EVENT4_N_2025","N","2025","D","NW2",1,"U","NW2-U1_2025","light mange",2
"652","2025-01-16 08:42:24","NW2_EVENT5","NW2_EVENT5_N_2025","N","2025","L","NW2",1,"SM","NW2-SM1_2025","mange",1
"653","2025-01-16 08:43:48","NW2_EVENT5","NW2_EVENT5_A_2025","A","2025","L","NW2",1,"SM","NW2-SM1_2025","mange",2
"654","2025-01-17 11:31:23","NW2_EVENT6","NW2_EVENT6_A_2025","A","2025","L","NW2",1,"SM","NW2-SM1_2025","mange",1
"655","2025-01-17 11:32:17","NW2_EVENT6","NW2_EVENT6_N_2025","N","2025","L","NW2",1,"SM","NW2-SM1_2025","mange",2
"656","2025-01-20 05:56:32","NW2_EVENT7","NW2_EVENT7_N_2025","N","2025","D","NW2",1,"U","NW2-U1_2025","light mange",1
"657","2025-01-20 05:57:48","NW2_EVENT7","NW2_EVENT7_A_2025","A","2025","D","NW2",1,"U","NW2-U1_2025","light mange",2
"658","2025-01-20 10:50:44","NW2_EVENT8","NW2_EVENT8_N_2025","N","2025","L","NW2",1,"M","NW2-M1_2025","N",0
"659","2025-01-31 23:27:40","NW2_EVENT9","NW2_EVENT9_N_2025","N","2025","D","NW2",1,"U","NW2-U2_2025","N",0
"660","2025-02-12 06:26:44","NW2_EVENT10","NW2_EVENT10_N_2025","N","2025","D","NW2",1,"U","NW2-U2_2025","N",0
"661","2025-02-12 14:48:46","NW2_EVENT11","NW2_EVENT11_N_2025","N","2025","L","NW2",1,"M","NW2-M1_2025","N",0
"662","2025-01-01 06:37:32","NW3_EVENT1","NW3_EVENT1_A_2025","A","2025","D","NW3",1,"U","NW3-U1_2025","N",0
"663","2025-01-04 05:02:38","NW3_EVENT2","NW3_EVENT2_A_2025","A","2025","D","NW3",1,"M","NW3-M1_2025","N",1
"664","2025-01-04 05:02:41","NW3_EVENT2","NW3_EVENT2_N_2025","N","2025","D","NW3",1,"M","NW3-M1_2025","N",2
"665","2025-01-04 19:33:00","NW3_EVENT3","NW3_EVENT3_A_2025","A","2025","D","NW3",1,"M","NW3-M1_2025","N",1
"666","2025-01-04 19:33:08","NW3_EVENT3","NW3_EVENT3_N_2025","N","2025","D","NW3",1,"M","NW3-M1_2025","N",2
"667","2025-01-07 20:07:22","NW3_EVENT4","NW3_EVENT4_N_2025","N","2025","D","NW3",2,"F, M","NW3-F1, NW3-M1_2025","back mange, N",1
"668","2025-01-07 20:09:06","NW3_EVENT4","NW3_EVENT4_A_2025","A","2025","D","NW3",2,"F, M","NW3-F1, NW3-M1_2025","back mange, N",2
"669","2025-01-08 04:19:18","NW3_EVENT5","NW3_EVENT5_N_2025","N","2025","D","NW3",1,"F","NW3-F1_2025","back mange",1
"670","2025-01-08 04:19:54","NW3_EVENT5","NW3_EVENT5_A_2025","A","2025","D","NW3",1,"F","NW3-F1_2025","back mange",2
"671","2025-01-10 20:05:20","NW3_EVENT6","NW3_EVENT6_N_2025","N","2025","D","NW3",1,"SM","NW3-SM1_2025","N",1
"672","2025-01-10 20:06:28","NW3_EVENT6","NW3_EVENT6_A_2025","A","2025","D","NW3",1,"SM","NW3-SM1_2025","N",2
"673","2025-01-11 06:23:22","NW3_EVENT7","NW3_EVENT7_A_2025","A","2025","D","NW3",1,"SM","NW3-SM1_2025","N",1
"674","2025-01-11 06:23:23","NW3_EVENT7","NW3_EVENT7_N_2025","N","2025","D","NW3",1,"SM","NW3-SM1_2025","N",2
"675","2025-01-12 04:03:14","NW3_EVENT8","NW3_EVENT8_N_2025","N","2025","D","NW3",1,"M","NW3-M1_2025","N",0
"676","2025-01-12 07:37:48","NW3_EVENT9","NW3_EVENT9_N_2025","N","2025","D","NW3",1,"SM","NW3-SM1_2025","N",1
"677","2025-01-12 07:38:26","NW3_EVENT9","NW3_EVENT9_A_2025","A","2025","D","NW3",1,"SM","NW3-SM1_2025","N",2
"678","2025-01-14 00:30:08","NW3_EVENT10","NW3_EVENT10_N_2025","N","2025","D","NW3",1,"F","NW3-F1_2025","back mange",0
"679","2025-01-17 00:12:54","NW3_EVENT11","NW3_EVENT11_N + A_2025","N + A","2025","D","NW3",1,"M","NW3-M1_2025","N",1
"680","2025-01-18 13:57:51","NW3_EVENT33","NW3_EVENT33_N_2025","N","2025","L","NW3",1,"F","NW3-F1_2025","back mange",0
"681","2025-01-19 12:06:54","NW3_EVENT12","NW3_EVENT12_N_2025","N","2025","L","NW3",1,"F","NW3-F1_2025","back mange",1
"682","2025-01-19 12:07:34","NW3_EVENT12","NW3_EVENT12_A_2025","A","2025","L","NW3",1,"F","NW3-F1_2025","back mange",2
"683","2025-01-20 18:50:04","NW3_EVENT13","NW3_EVENT13_A_2025","A","2025","D","NW3",1,"M","NW3-M1_2025","N",1
"684","2025-01-20 18:50:42","NW3_EVENT13","NW3_EVENT13_N_2025","N","2025","D","NW3",1,"M","NW3-M1_2025","N",2
"685","2025-01-21 01:33:36","NW3_EVENT14","NW3_EVENT14_A_2025","A","2025","D","NW3",1,"F","NW3-F1_2025","back mange",0
"686","2025-01-24 21:57:38","NW3_EVENT15","NW3_EVENT15_N_2025","N","2025","D","NW3",1,"M","NW3-M1_2025","N",1
"687","2025-01-24 21:58:40","NW3_EVENT15","NW3_EVENT15_A_2025","A","2025","D","NW3",1,"M","NW3-M1_2025","N",2
"688","2025-01-25 05:10:36","NW3_EVENT16","NW3_EVENT16_N_2025","N","2025","D","NW3",1,"M","NW3-M1_2025","N",0
"689","2025-01-25 22:52:30","NW3_EVENT17","NW3_EVENT17_A_2025","A","2025","D","NW3",1,"SM","NW3-SM1_2025","N",0
"690","2025-01-26 19:28:18","NW3_EVENT18","NW3_EVENT18_N_2025","N","2025","D","NW3",1,"SM","NW3-SM1_2025","N",0
"691","2025-01-27 07:07:12","NW3_EVENT19","NW3_EVENT19_N_2025","N","2025","D","NW3",1,"F","NW3-F2_2025","N",1
"692","2025-01-27 07:07:52","NW3_EVENT19","NW3_EVENT19_A_2025","A","2025","D","NW3",1,"F","NW3-F2_2025","N",2
"693","2025-01-28 05:21:16","NW3_EVENT20","NW3_EVENT20_N_2025","N","2025","D","NW3",1,"M","NW3-M1_2025","N",1
"694","2025-01-28 05:22:44","NW3_EVENT20","NW3_EVENT20_A_2025","A","2025","D","NW3",1,"M","NW3-M1_2025","N",2
"695","2025-01-31 06:31:40","NW3_EVENT21","NW3_EVENT21_N_2025","N","2025","D","NW3",1,"U","NW3-U1_2025","very mangey",0
"696","2025-01-31 22:14:54","NW3_EVENT22","NW3_EVENT22_N + A_2025","N + A","2025","D","NW3",1,"SM","NW3-SM1_2025","N",1
"697","2025-02-06 07:37:54","NW3_EVENT23","NW3_EVENT23_N_2025","N","2025","D","NW3",1,"F","NW3-F2_2025","N",0
"698","2025-02-06 08:31:56","NW3_EVENT24","NW3_EVENT24_N_2025","N","2025","D","NW3",1,"SM","NW3-SM1_2025","N",0
"699","2025-02-06 22:55:32","NW3_EVENT25","NW3_EVENT25_N_2025","N","2025","D","NW3",1,"M","NW3-M1_2025","N",0
"700","2025-02-08 19:08:40","NW3_EVENT26","NW3_EVENT26_N_2025","N","2025","D","NW3",1,"F","NW3-F2_2025","N",1
"701","2025-02-08 19:09:24","NW3_EVENT26","NW3_EVENT26_A_2025","A","2025","D","NW3",1,"F","NW3-F2_2025","N",2
"702","2025-02-08 19:32:58","NW3_EVENT27","NW3_EVENT27_N_2025","N","2025","D","NW3",1,"F","NW3-F2_2025","N",0
"703","2025-02-08 21:45:48","NW3_EVENT28","NW3_EVENT28_N_2025","N","2025","D","NW3",1,"U","NW3-U3_2025","N",1
"704","2025-02-08 21:46:32","NW3_EVENT28","NW3_EVENT28_A_2025","A","2025","D","NW3",1,"U","NW3-U3_2025","N",2
"705","2025-02-09 22:11:12","NW3_EVENT29","NW3_EVENT29_N_2025","N","2025","D","NW3",1,"M","NW3-M1_2025","N",0
"706","2025-02-10 22:52:42","NW3_EVENT30","NW3_EVENT30_N_2025","N","2025","D","NW3",1,"M","NW3-M1_2025","N",0
"707","2025-02-10 23:33:22","NW3_EVENT31","NW3_EVENT31_N_2025","N","2025","D","NW3",1,"SM","NW3-SM1_2025","N",0
"708","2025-02-13 21:04:02","NW3_EVENT32","NW3_EVENT32_N_2025","N","2025","D","NW3",1,"SM","NW3-SM1_2025","N",0
"709","2025-01-10 05:13:16","NW4_EVENT4","NW4_EVENT4_N_2025","N","2025","D","NW4",1,"SM","NW4-SM1_2025","light mange",0
"710","2025-01-21 03:38:10","NW4_EVENT5","NW4_EVENT5_N_2025","N","2025","D","NW4",1,"SM","NW4-SM1_2025","light mange",0
"711","2025-01-21 06:56:50","NW4_EVENT6","NW4_EVENT6_N_2025","N","2025","D","NW4",1,"SM","NW4-SM1_2025","light mange",0
"712","2025-01-21 06:59:14","NW4_EVENT1","NW4_EVENT1_A_2025","A","2025","D","NW4",1,"SM","NW4-SM1_2025","light mange",0
"713","2025-01-22 03:05:50","NW4_EVENT7","NW4_EVENT7_N_2025","N","2025","D","NW4",1,"U","NW4-U1_2025","N",0
"714","2025-01-27 16:45:16","NW4_EVENT8","NW4_EVENT8_N_2025","N","2025","L","NW4",1,"M","NW4-M1_2025","partial tail",0
"715","2025-01-27 16:45:48","NW4_EVENT2","NW4_EVENT2_A_2025","A","2025","L","NW4",1,"M","NW4-M1_2025","partial tail",0
"716","2025-02-05 19:37:36","NW4_EVENT9","NW4_EVENT9_N_2025","N","2025","D","NW4",1,"U","NW4-U1_2025","N",0
"717","2025-02-05 19:38:54","NW4_EVENT3","NW4_EVENT3_A_2025","A","2025","D","NW4",1,"SM","NW4-SM1_2025","light mange",0
"718","2025-01-01 23:12:50","NW5_EVENT1","NW5_EVENT1_N_2025","N","2025","D","NW5",1,"U","NW5-U1_2025","N",0
"719","2025-01-10 05:09:06","NW5_EVENT2","NW5_EVENT2_N_2025","N","2025","D","NW5",3,"F, M, U","NW5-F1, NW5-M2, NW5-U5_2025","N, N, mange",0
"720","2025-01-11 07:13:32","NW5_EVENT3","NW5_EVENT3_N_2025","N","2025","D","NW5",2,"M, U","NW5-M1, NW5-U1_2025","N",0
"721","2025-01-11 07:29:52","NW5_EVENT4","NW5_EVENT4_N_2025","N","2025","D","NW5",1,"U","NW5-U2_2025","N",0
"722","2025-01-13 22:35:10","NW5_EVENT5","NW5_EVENT5_N_2025","N","2025","D","NW5",1,"U","NW5-U1_2025","N",0
"723","2025-01-15 05:30:46","NW5_EVENT6","NW5_EVENT6_N_2025","N","2025","D","NW5",1,"M","NW5-M1_2025","N",0
"724","2025-01-15 23:42:42","NW5_EVENT7","NW5_EVENT7_A_2025","A","2025","D","NW5",1,"U","NW5-U1_2025","N",1
"725","2025-01-15 23:45:52","NW5_EVENT7","NW5_EVENT7_N_2025","N","2025","D","NW5",1,"U","NW5-U1_2025","N",2
"726","2025-01-17 10:48:16","NW5_EVENT8","NW5_EVENT8_N_2025","N","2025","L","NW5",1,"U","NW5-U3_2025","N",0
"727","2025-01-20 13:32:02","NW5_EVENT9","NW5_EVENT9_N_2025","N","2025","L","NW5",2,"M, U","NW5-M2, NW5-U5_2025","N, mange",0
"728","2025-01-20 18:55:14","NW5_EVENT10","NW5_EVENT10_N_2025","N","2025","D","NW5",1,"M","NW5-M1_2025","N",0
"729","2025-01-22 23:09:10","NW5_EVENT11","NW5_EVENT11_N_2025","N","2025","D","NW5",1,"M","NW5-M1_2025","N",1
"730","2025-01-22 23:17:14","NW5_EVENT11","NW5_EVENT11_A_2025","A","2025","D","NW5",1,"M","NW5-M1_2025","N",2
"731","2025-01-23 20:57:16","NW5_EVENT12","NW5_EVENT12_N_2025","N","2025","D","NW5",1,"U","NW5-U4_2025","N",0
"732","2025-01-24 03:30:44","NW5_EVENT13","NW5_EVENT13_A_2025","A","2025","D","NW5",1,"U","NW5-U1_2025","N",1
"733","2025-01-24 03:31:04","NW5_EVENT13","NW5_EVENT13_N_2025","N","2025","D","NW5",1,"U","NW5-U1_2025","N",2
"734","2025-01-25 04:46:18","NW5_EVENT14","NW5_EVENT14_A_2025","A","2025","D","NW5",1,"U","NW5-U1_2025","N",0
"735","2025-01-25 22:54:08","NW5_EVENT15","NW5_EVENT15_N_2025","N","2025","D","NW5",2,"F, M","NW5-F1, NW5-M2_2025","N",0
"736","2025-02-03 22:34:02","NW5_EVENT16","NW5_EVENT16_N_2025","N","2025","D","NW5",1,"M","NW5-M1_2025","N",1
"737","2025-02-03 22:34:06","NW5_EVENT16","NW5_EVENT16_A_2025","A","2025","D","NW5",1,"M","NW5-M1_2025","N",2
"738","2025-02-06 05:24:40","NW5_EVENT17","NW5_EVENT17_N_2025","N","2025","D","NW5",1,"U","NW5-U1_2025","N",0
"739","2025-02-08 22:54:52","NW5_EVENT18","NW5_EVENT18_N_2025","N","2025","D","NW5",1,"U","NW5-U5_2025","mange",0
"740","2025-02-09 20:48:04","NW5_EVENT19","NW5_EVENT19_N_2025","N","2025","D","NW5",1,"U","NW5-U1_2025","N",0
"741","2020-01-02 15:08:28","NW6_EVENT1","NW6_EVENT1_A_2025","A","2025","D","NW6",1,"U","NW6-U1_2025","N",0
"742","2024-12-31 16:27:16","NW6_EVENT2","NW6_EVENT2_A_2025","A","2025","L","NW6",1,"U","NW6-U1_2025","N",0
"743","2025-01-01 05:59:18","NW6_EVENT3","NW6_EVENT3_A_2025","A","2025","D","NW6",1,"U","NW6-U1_2025","N",0
"744","2025-01-01 23:17:48","NW6_EVENT4","NW6_EVENT4_N_2025","N","2025","D","NW6",1,"SM","NW6-SM1_2025","N",1
"745","2025-01-01 23:19:06","NW6_EVENT4","NW6_EVENT4_A_2025","A","2025","D","NW6",1,"SM","NW6-SM1_2025","N",2
"746","2025-01-02 10:27:20","NW6_EVENT5","NW6_EVENT5_N_2025","N","2025","L","NW6",1,"F","NW6-F1_2025","established mange",1
"747","2025-01-02 10:27:44","NW6_EVENT5","NW6_EVENT5_A_2025","A","2025","L","NW6",1,"F","NW6-F1_2025","established mange",2
"748","2025-01-02 11:41:44","NW6_EVENT6","NW6_EVENT6_N_2025","N","2025","L","NW6",1,"F","NW6-F1_2025","established mange",0
"749","2025-01-02 11:49:14","NW6_EVENT7","NW6_EVENT7_N_2025","N","2025","L","NW6",1,"F","NW6-F2_2025","N",1
"750","2025-01-02 11:49:42","NW6_EVENT7","NW6_EVENT7_A_2025","A","2025","L","NW6",1,"F","NW6-F2_2025","N",2
"751","2025-01-03 10:40:52","NW6_EVENT8","NW6_EVENT8_N_2025","N","2025","L","NW6",2,"F, M","NW6-F2, NW6-M1_2025","N, N",1
"752","2025-01-03 10:41:26","NW6_EVENT8","NW6_EVENT8_A_2025","A","2025","L","NW6",2,"F, M","NW6-F2, NW6-M1_2025","N, N",2
"753","2025-01-03 16:57:54","NW6_EVENT9","NW6_EVENT9_N_2025","N","2025","D","NW6",1,"M","NW6-M1_2025","N",1
"754","2025-01-03 16:58:42","NW6_EVENT9","NW6_EVENT9_A_2025","A","2025","D","NW6",1,"M","NW6-M1_2025","N",2
"755","2025-01-04 03:14:44","NW6_EVENT10","NW6_EVENT10_A_2025","A","2025","D","NW6",1,"U","NW6-U1_2025","N",0
"756","2025-01-04 10:48:36","NW6_EVENT11","NW6_EVENT11_N_2025","N","2025","L","NW6",2,"F, M","NW6-F2, NW6-M_2025","N, N",1
"757","2025-01-04 10:48:52","NW6_EVENT11","NW6_EVENT11_A_2025","A","2025","L","NW6",2,"F, M","NW6-F2, NW6-M_2025","N, N",2
"758","2025-01-04 18:38:28","NW6_EVENT12","NW6_EVENT12_A_2025","A","2025","D","NW6",1,"U","NW6-U1_2025","",0
"759","2025-01-04 20:21:29","NW6_EVENT13","NW6_EVENT13_N_2025","N","2025","D","NW6",1,"M","NW6-M1_2025","N",1
"760","2025-01-04 20:22:24","NW6_EVENT13","NW6_EVENT13_A_2025","A","2025","D","NW6",1,"M","NW6-M1_2025","N",2
"761","2025-01-05 10:30:12","NW6_EVENT14","NW6_EVENT14_N_2025","N","2025","L","NW6",1,"F","NW6-F1_2025","established mange",0
"762","2025-01-05 13:48:20","NW6_EVENT15","NW6_EVENT15_N_2025","N","2025","L","NW6",1,"F","NW6-F2_2025","N",0
"763","2025-01-06 06:11:26","NW6_EVENT16","NW6_EVENT16_A_2025","A","2025","D","NW6",1,"U","NW6-U1_2025","N",0
"764","2025-01-07 12:49:16","NW6_EVENT17","NW6_EVENT17_A_2025","A","2025","L","NW6",2,"F, M","NW6-F2, NW6-M1_2025","N",0
"765","2025-01-08 02:37:46","NW6_EVENT18","NW6_EVENT18_A_2025","A","2025","D","NW6",1,"U","NW6-U1_2025","N",0
"766","2025-01-08 04:41:39","NW6_EVENT19","NW6_EVENT19_A_2025","A","2025","D","NW6",1,"U","NW6-U1_2025","N",0
"767","2025-01-09 23:21:14","NW6_EVENT20","NW6_EVENT20_A_2025","A","2025","D","NW6",1,"U","NW6-U1_2025","N",0
"768","2025-01-10 00:47:42","NW6_EVENT21","NW6_EVENT21_A_2025","A","2025","D","NW6",1,"U","NW6-U1_2025","N",0
"769","2025-01-10 05:47:20","NW6_EVENT22","NW6_EVENT22_A_2025","A","2025","D","NW6",1,"F","NW6-F2_2025","N",0
"770","2025-01-10 06:41:00","NW6_EVENT23","NW6_EVENT23_A_2025","A","2025","D","NW6",1,"F","NW6-F2_2025","N",0
"771","2025-01-12 11:46:12","NW6_EVENT24","NW6_EVENT24_A_2025","A","2025","L","NW6",1,"U","NW6-M2_2025","established mange",0
"772","2025-01-13 18:18:02","NW6_EVENT25","NW6_EVENT25_A_2025","A","2025","D","NW6",1,"U","NW6-U1_2025","N",0
"773","2025-01-16 13:14:16","NW6_EVENT26","NW6_EVENT26_N_2025","N","2025","L","NW6",1,"F","NW6-M2_2025","established mange",1
"774","2025-01-16 13:15:00","NW6_EVENT26","NW6_EVENT26_A_2025","A","2025","L","NW6",1,"F","NW6-M2_2025","established mange",2
"775","2025-01-16 13:40:22","NW6_EVENT27","NW6_EVENT27_N_2025","N","2025","L","NW6",1,"F","NW6-M2_2025","established mange",1
"776","2025-01-16 13:41:18","NW6_EVENT27","NW6_EVENT27_A_2025","A","2025","L","NW6",1,"F","NW6-M2_2025","established mange",2
"777","2025-01-16 14:07:50","NW6_EVENT28","NW6_EVENT28_N_2025","N","2025","L","NW6",1,"M","NW6-M2_2025","established mange",1
"778","2025-01-16 14:08:24","NW6_EVENT28","NW6_EVENT28_A_2025","A","2025","L","NW6",1,"M","NW6-M2_2025","established mange",2
"779","2025-01-16 14:26:32","NW6_EVENT29","NW6_EVENT29_N_2025","N","2025","L","NW6",1,"M","NW6-M2_2025","established mange",1
"780","2025-01-16 14:27:36","NW6_EVENT29","NW6_EVENT29_A_2025","A","2025","L","NW6",1,"M","NW6-M2_2025","established mange",2
"781","2025-01-19 14:02:17","NW6_EVENT30","NW6_EVENT30_A_2025","A","2025","L","NW6",1,"U","NW6-U1_2025","N",0
"782","2025-01-19 14:48:54","NW6_EVENT31","NW6_EVENT31_A_2025","A","2025","L","NW6",1,"F","NW6-F2_2025","N",1
"783","2025-01-19 14:50:51","NW6_EVENT31","NW6_EVENT31_N_2025","N","2025","L","NW6",1,"F","NW6-F2_2025","N",2
"784","2025-02-02 09:05:16","NW6_EVENT32","NW6_EVENT32_N_2025","N","2025","L","NW6",1,"F","NW6-F2_2025","N",0
"785","2025-02-06 09:55:14","NW6_EVENT33","NW6_EVENT33_N_2025","N","2025","L","NW6",1,"F","NW6-F2_2025","N",0
"786","2025-02-09 07:22:54","NW6_EVENT34","NW6_EVENT34_N_2025","N","2025","D","NW6",1,"M","NW6-M1_2025","N",0
"787","2025-02-10 13:09:56","NW6_EVENT35","NW6_EVENT35_N_2025","N","2025","L","NW6",1,"F","NW6-F1_2025","established mange",0
"788","2025-02-11 21:51:16","NW6_EVENT36","NW6_EVENT36_N_2025","N","2025","D","NW6",1,"F","NW6-F2_2025","N",0
"789","2025-02-12 01:44:36","NW6_EVENT37","NW6_EVENT37_N_2025","N","2025","D","NW6",1,"M","NW6-M1_2025","N",0
"790","2020-01-03 23:41:24","NW7_EVENT1","NW7_EVENT1_N_2025","N","2025","L","NW7",1,"SF","NW7-SF1_2025","thin back fur",0
"791","2024-12-31 21:35:12","NW7_EVENT2","NW7_EVENT2_A_2025","A","2025","D","NW7",1,"U","NW7-U1_2025","N",0
"792","2025-01-09 04:02:56","NW7_EVENT3","NW7_EVENT3_N_2025","N","2025","D","NW7",1,"SF","NW7-SF1_2025","thin back fur",0
"793","2025-01-17 03:36:58","NW7_EVENT4","NW7_EVENT4_A_2025","A","2025","D","NW7",1,"SF","NW7-SF1_2025","thin back fur",0
"794","2025-01-17 15:25:32","NW7_EVENT5","NW7_EVENT5_A_2025","A","2025","L","NW7",1,"U","NW7-U1_2025","",0
"795","2025-01-17 17:55:58","NW7_EVENT6","NW7_EVENT6_N_2025","N","2025","D","NW7",1,"M","NW7-M1_2025","N",0
"796","2025-01-20 14:10:12","NW7_EVENT7","NW7_EVENT7_N_2025","N","2025","L","NW7",1,"SF","NW7-SF1_2025","N",0
"797","2025-01-20 18:13:00","NW7_EVENT8","NW7_EVENT8_A_2025","A","2025","D","NW7",1,"M","NW7-M1_2025","N",0
"798","2025-01-20 18:41:58","NW7_EVENT9","NW7_EVENT9_A_2025","A","2025","D","NW7",1,"F","NW7-F1_2025","mange no tail",1
"799","2025-01-20 18:42:46","NW7_EVENT9","NW7_EVENT9_N_2025","N","2025","D","NW7",1,"F","NW7-F1_2025","mange no tail",2
"800","2025-01-20 21:35:34","NW7_EVENT10","NW7_EVENT10_N_2025","N","2025","D","NW7",1,"SF","NW7-SF1_2025","thin back fur",1
"801","2025-01-20 21:37:50","NW7_EVENT10","NW7_EVENT10_A_2025","A","2025","D","NW7",1,"SF","NW7-SF1_2025","thin back fur",2
"802","2025-01-23 10:05:24","NW7_EVENT11","NW7_EVENT11_N_2025","N","2025","L","NW7",1,"M","NW7-M1_2025","N",0
"803","2025-01-23 14:01:24","NW7_EVENT12","NW7_EVENT12_N_2025","N","2025","L","NW7",1,"M","NW7-M1_2025","N",0
"804","2025-01-25 17:38:00","NW7_EVENT13","NW7_EVENT13_A_2025","A","2025","D","NW7",1,"M","NW7-M1_2025","N",0
"805","2025-01-25 18:04:30","NW7_EVENT14","NW7_EVENT14_N_2025","N","2025","D","NW7",1,"SF","NW7-SF1_2025","thin back fur",1
"806","2025-01-25 18:05:18","NW7_EVENT14","NW7_EVENT14_A_2025","A","2025","D","NW7",1,"SF","NW7-SF1_2025","thin back fur",2
"807","2025-01-25 18:49:32","NW7_EVENT15","NW7_EVENT15_N_2025","N","2025","D","NW7",1,"SF","NW7-SF1_2025","thin back fur",1
"808","2025-01-25 18:50:28","NW7_EVENT15","NW7_EVENT15_A_2025","A","2025","D","NW7",1,"SF","NW7-SF1_2025","thin back fur",2
"809","2025-01-25 20:14:42","NW7_EVENT16","NW7_EVENT16_A_2025","A","2025","D","NW7",1,"SF","NW7-SF1_2025","thin back fur",0
"810","2025-01-26 19:50:46","NW7_EVENT17","NW7_EVENT17_A_2025","A","2025","D","NW7",1,"U","NW7-U1_2025","N",0
"811","2025-01-27 00:00:26","NW7_EVENT18","NW7_EVENT18_N_2025","N","2025","D","NW7",1,"SF","NW7-SF1_2025","thin back fur",0
"812","2025-01-27 22:00:14","NW7_EVENT19","NW7_EVENT19_N_2025","N","2025","D","NW7",1,"SF","NW7-SF1_2025","thin back fur",1
"813","2025-01-27 22:00:34","NW7_EVENT19","NW7_EVENT19_A_2025","A","2025","D","NW7",1,"SF","NW7-SF1_2025","thin back fur",2
"814","2025-01-28 06:56:20","NW7_EVENT20","NW7_EVENT20_A_2025","A","2025","D","NW7",1,"M","NW7-M1_2025","N",0
"815","2025-01-28 07:51:14","NW7_EVENT21","NW7_EVENT21_N_2025","N","2025","D","NW7",1,"M","NW7-M1_2025","N",1
"816","2025-01-28 07:51:32","NW7_EVENT21","NW7_EVENT21_A_2025","A","2025","D","NW7",1,"M","NW7-M1_2025","N",2
"817","2025-01-30 07:49:06","NW7_EVENT22","NW7_EVENT22_A_2025","A","2025","D","NW7",1,"U","NW7-U1_2025","N",0
"818","2025-02-05 20:22:54","NW7_EVENT23","NW7_EVENT23_A_2025","A","2025","D","NW7",1,"SF","NW7-SF2_2025","scruffy",0
"819","2025-02-05 21:09:22","NW7_EVENT24","NW7_EVENT24_A_2025","A","2025","D","NW7",1,"SF","NW7-SF2_2025","scruffy",0
"820","2025-02-06 03:11:42","NW7_EVENT25","NW7_EVENT25_A_2025","A","2025","D","NW7",1,"F","NW7-F1_2025","mange no tail",0
"821","2025-02-06 07:45:44","NW7_EVENT26","NW7_EVENT26_A_2025","A","2025","D","NW7",1,"SF","NW7-SF2_2025","scruffy",0
"822","2025-02-06 13:18:44","NW7_EVENT27","NW7_EVENT27_A_2025","A","2025","L","NW7",1,"U","NW7-U1_2025","N",0
"823","2025-02-07 05:45:48","NW7_EVENT28","NW7_EVENT28_A_2025","A","2025","D","NW7",1,"SF","NW7-SF1_2025","scruffy",0
"824","2025-02-07 11:09:58","NW7_EVENT29","NW7_EVENT29_A_2025","A","2025","L","NW7",1,"U","NW7-U1_2025","N",0
"825","2025-02-07 18:37:02","NW7_EVENT30","NW7_EVENT30_A_2025","A","2025","D","NW7",1,"M","NW7-M1_2025","N",0
"826","2025-02-08 11:13:16","NW7_EVENT31","NW7_EVENT31_A_2025","A","2025","D","NW7",1,"SF","NW7-SF1_2025","thin back fur",0
"827","2025-02-13 00:57:54","NW7_EVENT32","NW7_EVENT32_A_2025","A","2025","D","NW7",1,"F","NW7-F1_2025","mange no tail",0
"828","2025-02-18 18:45:52","SE2_EVENT1","SE2_EVENT1_N_2025","N","2025","D","SE2",1,"SF","SE2-SF1_2025","scruffy mange?",0
"829","2025-02-20 02:22:30","SE2_EVENT2","SE2_EVENT2_A_2025","A","2025","D","SE2",1,"SF","SE2-SF1_2025","scruffy mange?",0
"830","2025-03-09 05:55:40","SE2_EVENT3","SE2_EVENT3_A_2025","A","2025","D","SE2",2,"M, F","SE2-M1, SE2-F1_2025","N",1
"831","2025-03-09 05:55:52","SE2_EVENT3","SE2_EVENT3_N_2025","N","2025","D","SE2",2,"M, F","SE2-M1, SE2-F1_2025","N",2
"832","2025-03-13 05:39:58","SE2_EVENT4","SE2_EVENT4_A_2025","A","2025","D","SE2",1,"M","SE2-M1_2025","N",1
"833","2025-03-13 05:40:10","SE2_EVENT4","SE2_EVENT4_N_2025","N","2025","D","SE2",1,"M","SE2-M1_2025","N",2
"834","2025-03-29 16:02:30","SE2_EVENT5","SE2_EVENT5_N_2025","N","2025","D","SE2",1,"SF","SE2-SF1_2025","scruffy mange?",1
"835","2025-03-29 16:03:20","SE2_EVENT5","SE2_EVENT5_A_2025","A","2025","D","SE2",1,"SF","SE2-SF1_2025","scruffy mange?",2
"836","2025-02-19 06:21:34","SE4_EVENT1","SE4_EVENT1_A_2025","A","2025","D","SE4",1,"U","SE4-U1_2025","N",1
"837","2025-02-19 06:22:18","SE4_EVENT1","SE4_EVENT1_N_2025","N","2025","D","SE4",1,"U","SE4-U1_2025","N",2
"838","2025-02-19 07:06:06","SE4_EVENT2","SE4_EVENT2_A_2025","A","2025","L","SE4",1,"U","SE4-U1_2025","N",0
"839","2025-02-19 23:07:16","SE4_EVENT3","SE4_EVENT3_N_2025","N","2025","D","SE4",1,"U","SE4-U1_2025","N",0
"840","2025-02-21 05:40:08","SE4_EVENT4","SE4_EVENT4_N_2025","N","2025","D","SE4",1,"SF","SE4-SF1_2025","mange",0
"841","2025-02-22 19:50:24","SE4_EVENT5","SE4_EVENT5_A_2025","A","2025","D","SE4",1,"SF","SE4-SF2_2025","mange",1
"842","2025-02-22 19:51:10","SE4_EVENT5","SE4_EVENT5_N_2025","N","2025","D","SE4",1,"SF","SE4-SF2_2025","mange",2
"843","2025-02-22 20:33:08","SE4_EVENT6","SE4_EVENT6_N_2025","N","2025","D","SE4",1,"SF","SE4-SF2_2025","mange",0
"844","2025-02-22 23:04:30","SE4_EVENT7","SE4_EVENT7_A_2025","A","2025","D","SE4",1,"U","SE4-U1_2025","N",2
"845","2025-02-23 17:11:32","SE4_EVENT8","SE4_EVENT8_A_2025","A","2025","L","SE4",1,"SF","SE4-SF2_2025","mange",0
"846","2025-02-23 21:57:20","SE4_EVENT9","SE4_EVENT9_A_2025","A","2025","D","SE4",1,"SF","SE4-SF2_2025","mange",0
"847","2025-02-24 01:27:46","SE4_EVENT10","SE4_EVENT10_N_2025","N","2025","D","SE4",1,"U","SE4-U1_2025","N",0
"848","2025-02-24 20:50:28","SE4_EVENT11","SE4_EVENT11_N_2025","N","2025","D","SE4",1,"SM","SE4-SM1_2025","N",0
"849","2025-02-25 22:54:14","SE4_EVENT12","SE4_EVENT12_N_2025","N","2025","D","SE4",1,"SM","SE4-SM1_2025","N",1
"850","2025-02-25 22:54:20","SE4_EVENT12","SE4_EVENT12_A_2025","A","2025","D","SE4",1,"SM","SE4-SM1_2025","N",2
"851","2025-02-26 00:26:28","SE4_EVENT13","SE4_EVENT13_A_2025","A","2025","D","SE4",1,"SF","SE4-SF2_2025","mange",1
"852","2025-02-26 00:26:32","SE4_EVENT13","SE4_EVENT13_N_2025","N","2025","D","SE4",1,"SF","SE4-SF2_2025","mange",2
"853","2025-02-27 00:10:46","SE4_EVENT14","SE4_EVENT14_A_2025","A","2025","D","SE4",1,"SM","SE4-SM1_2025","N",1
"854","2025-02-27 00:10:48","SE4_EVENT14","SE4_EVENT14_N_2025","N","2025","D","SE4",1,"SM","SE4-SM1_2025","N",2
"855","2025-03-01 22:37:12","SE4_EVENT15","SE4_EVENT15_N_2025","N","2025","D","SE4",1,"U","SE4-U1_2025","N",0
"856","2025-03-02 03:05:42","SE4_EVENT16","SE4_EVENT16_A_2025","A","2025","D","SE4",1,"SF","SE4-SF1_2025","mange",1
"857","2025-03-02 03:06:10","SE4_EVENT16","SE4_EVENT16_N_2025","N","2025","D","SE4",1,"SF","SE4-SF1_2025","mange",2
"858","2025-03-03 06:12:26","SE4_EVENT17","SE4_EVENT17_A_2025","A","2025","L","SE4",1,"SF","SE4-SF1_2025","mange",0
"859","2025-03-05 08:47:08","SE4_EVENT18","SE4_EVENT18_A_2025","A","2025","L","SE4",1,"U","SE4-U1_2025","N",0
"860","2025-03-06 05:25:46","SE4_EVENT19","SE4_EVENT19_A_2025","A","2025","D","SE4",1,"SM","SE4-SM1_2025","N",1
"861","2025-03-06 05:26:15","SE4_EVENT19","SE4_EVENT19_N_2025","N","2025","D","SE4",1,"SM","SE4-SM1_2025","N",2
"862","2025-03-06 09:36:34","SE4_EVENT20","SE4_EVENT20_A_2025","A","2025","L","SE4",1,"U","SE4-U1_2025","N",0
"863","2025-03-09 03:51:06","SE4_EVENT21","SE4_EVENT21_A_2025","A","2025","D","SE4",1,"SM","SE4-SM1_2025","N",1
"864","2025-03-09 03:53:40","SE4_EVENT21","SE4_EVENT21_N_2025","N","2025","D","SE4",1,"SM","SE4-SM1_2025","N",2
"865","2025-03-09 04:09:54","SE4_EVENT22","SE4_EVENT22_A_2025","A","2025","D","SE4",1,"SM","SE4-SM1_2025","N",1
"866","2025-03-09 04:11:30","SE4_EVENT22","SE4_EVENT22_N_2025","N","2025","D","SE4",1,"SM","SE4-SM1_2025","N",2
"867","2025-03-09 23:09:38","SE4_EVENT23","SE4_EVENT23_N_2025","N","2025","D","SE4",1,"U","SE4-U1_2025","N",0
"868","2025-03-09 23:17:34","SE4_EVENT24","SE4_EVENT24_N_2025","N","2025","D","SE4",1,"SM","SE4-SM1_2025","N",1
"869","2025-03-09 23:20:34","SE4_EVENT24","SE4_EVENT24_A_2025","A","2025","D","SE4",1,"SM","SE4-SM1_2025","N",2
"870","2025-03-10 22:56:26","SE4_EVENT25","SE4_EVENT25_A_2025","A","2025","D","SE4",1,"SM","SE4-SM1_2025","N",1
"871","2025-03-10 22:56:54","SE4_EVENT25","SE4_EVENT25_N_2025","N","2025","D","SE4",1,"SM","SE4-SM1_2025","N",2
"872","2025-03-13 19:08:20","SE4_EVENT26","SE4_EVENT26_N_2025","N","2025","D","SE4",1,"U","SE4-U1_2025","N",0
"873","2025-03-26 00:01:09","SE4_EVENT27","SE4_EVENT27_N_2025","N","2025","D","SE4",1,"SM","SE4-SM1_2025","N",0
"874","2025-02-25 23:01:42","SE5_EVENT1","SE5_EVENT1_N_2025","N","2025","D","SE5",1,"U","SE5-U1_2025","N",0
"875","2025-03-01 06:52:52","SE5_EVENT2","SE5_EVENT2_N_2025","N","2025","L","SE5",1,"SM","SE5-SM1_2025","N",0
"876","2025-03-06 01:14:58","SE5_EVENT3","SE5_EVENT3_N_2025","N","2025","D","SE5",1,"U","SE5-U1_2025","N",0
"877","2025-03-09 06:59:18","SE5_EVENT4","SE5_EVENT4_A_2025","A","2025","L","SE5",3,"F, M, U","SE5-F1, SE5-M1, SE5-U2_2025","rough coat",2
"878","2025-03-09 06:59:24","SE5_EVENT4","SE5_EVENT4_N_2025","N","2025","L","SE5",3,"F, M, U","SE5-F1, SE5-M1, SE5-U2_2025","rough coat",1
"879","2025-03-10 23:43:40","SE5_EVENT5","SE5_EVENT5_N_2025","N","2025","D","SE5",1,"U","SE5-U1_2025","N",0
"880","2025-03-11 00:15:32","SE5_EVENT6","SE5_EVENT6_N_2025","N","2025","D","SE5",3,"F, M, U","SE5-F1, SE5-M1, SE5-U2_2025","rough coat",0
"881","2025-03-13 01:36:06","SE5_EVENT7","SE5_EVENT7_N_2025","N","2025","D","SE5",1,"U","SE5-U2_2025","rough coat",0
"882","2025-03-15 06:08:54","SE5_EVENT8","SE5_EVENT8_N_2025","N","2025","D","SE5",2,"F, M","SE5-F1, SE5-M1_2025","N",0
"883","2025-03-15 22:43:58","SE5_EVENT9","SE5_EVENT9_N_2025","N","2025","D","SE5",1,"M","SE5-M1_2025","N",1
"884","2025-03-15 22:45:42","SE5_EVENT9","SE5_EVENT9_A_2025","A","2025","D","SE5",1,"M","SE5-M1_2025","N",2
"885","2025-03-16 01:03:31","SE5_EVENT10","SE5_EVENT10_N_2025","N","2025","D","SE5",1,"U","SE5-U1_2025","N",0
"886","2025-03-16 16:07:59","SE5_EVENT11","SE5_EVENT11_N_2025","N","2025","L","SE5",1,"M","SE5-M1_2025","N",0
"887","2025-03-17 23:01:50","SE5_EVENT12","SE5_EVENT12_A_2025","A","2025","D","SE5",1,"SM","SE5-SM1_2025","N",0
"888","2025-03-19 02:08:48","SE5_EVENT13","SE5_EVENT13_N_2025","N","2025","D","SE5",1,"SM","SE5-SM1_2025","N",0
"889","2025-03-20 22:25:20","SE5_EVENT14","SE5_EVENT14_A_2025","A","2025","D","SE5",3,"F, M, U","SE5-F1, SE5-M1, SE5-U2_2025","rough coat",0
"890","2025-03-21 02:08:22","SE5_EVENT15","SE5_EVENT15_A_2025","A","2025","D","SE5",2,"F, M","SE5-F1, SE5-M1_2025","N",0
"891","2025-03-21 22:29:30","SE5_EVENT16","SE5_EVENT16_N_2025","N","2025","D","SE5",2,"F, M","SE5-F1, SE5-M1_2025","N",1
"892","2025-03-21 22:33:52","SE5_EVENT16","SE5_EVENT16_A_2025","A","2025","D","SE5",2,"F, M","SE5-F1, SE5-M1_2025","N",2
"893","2025-03-22 02:28:36","SE5_EVENT17","SE5_EVENT17_A_2025","A","2025","D","SE5",1,"U","SE5-U1_2025","N",0
"894","2025-03-24 20:55:54","SE5_EVENT18","SE5_EVENT18_N_2025","N","2025","D","SE5",1,"M","SE5-M1_2025","N",0
"895","2025-03-24 22:24:24","SE5_EVENT19","SE5_EVENT19_N_2025","N","2025","D","SE5",1,"U","SE5-U2_2025","rough coat",0
"896","2025-03-25 17:25:04","SE5_EVENT20","SE5_EVENT20_N_2025","N","2025","L","SE5",1,"M","SE5-M1_2025","N",0
"897","2025-03-28 02:30:06","SE5_EVENT21","SE5_EVENT21_N_2025","N","2025","D","SE5",1,"U","SE5-U2_2025","rough coat",0
"898","2025-03-29 01:02:52","SE5_EVENT22","SE5_EVENT22_A_2025","A","2025","D","SE5",1,"F","SE5-F1_2025","N",0
"899","2025-04-03 21:42:46","SE5_EVENT23","SE5_EVENT23_N_2025","N","2025","D","SE5",1,"U","SE5-U2_2025","rough coat",0
"900","2025-04-03 22:17:08","SE5_EVENT24","SE5_EVENT24_N_2025","N","2025","D","SE5",1,"U","SE5-U2_2025","rough coat",0
"901","2025-04-03 22:34:12","SE5_EVENT25","SE5_EVENT25_A_2025","A","2025","D","SE5",1,"U","SE5-U2_2025","rough coat",0
"902","2025-04-04 18:41:28","SE5_EVENT26","SE5_EVENT26_N_2025","N","2025","D","SE5",1,"M","SE5-M1_2025","N",0
"903","2025-04-07 03:06:04","SE5_EVENT27","SE5_EVENT27_A_2025","A","2025","D","SE5",1,"M","SE5-M1_2025","N",0
"904","2025-04-08 02:07:50","SE5_EVENT28","SE5_EVENT28_N_2025","N","2025","D","SE5",1,"U","SE5-U3_2025","limp and mange",0
"905","2025-04-08 14:02:08","SE5_EVENT29","SE5_EVENT29_N_2025","N","2025","L","SE5",1,"U","SE5-U3_2025","limp and mange",0
"906","2025-04-08 15:08:08","SE5_EVENT30","SE5_EVENT30_N_2025","N","2025","L","SE5",1,"U","SE5-U3_2025","limp and mange",0
"907","2025-04-08 22:32:52","SE5_EVENT31","SE5_EVENT31_N_2025","N","2025","D","SE5",1,"SM","SE5-SM1_2025","N",0
"908","2025-04-09 01:29:26","SE5_EVENT32","SE5_EVENT32_A_2025","A","2025","D","SE5",2,"F, M","SE5-F1, SE5-M1_2025","N",1
"909","2025-04-09 01:29:52","SE5_EVENT32","SE5_EVENT32_N_2025","N","2025","D","SE5",2,"F, M","SE5-F1, SE5-M1_2025","N",2
"910","2025-02-21 05:27:57","SE7_EVENT1","SE7_EVENT1_A_2025","A","2025","D","SE7",2,"F, M","SE7-F1, SE7-M1_2025","N",1
"911","2025-02-21 05:41:30","SE7_EVENT1","SE7_EVENT1_N_2025","N","2025","D","SE7",2,"F, M","SE7-F1, SE7-M1_2025","N",2
"912","2025-02-21 06:18:54","SE7_EVENT2","SE7_EVENT2_N_2025","N","2025","D","SE7",1,"F","SE7-F1_2025","N",0
"913","2025-02-21 14:15:14","SE7_EVENT3","SE7_EVENT3_N_2025","N","2025","L","SE7",1,"F","SE7-F1_2025","N",0
"914","2025-02-26 03:59:45","SE7_EVENT4","SE7_EVENT4_A_2025","A","2025","D","SE7",1,"F","SE7-F1_2025","N",0
"915","2025-02-26 09:51:30","SE7_EVENT5","SE7_EVENT5_N_2025","N","2025","L","SE7",1,"F","SE7-F1_2025","N",0
"916","2025-02-26 10:31:56","SE7_EVENT6","SE7_EVENT6_N_2025","N","2025","L","SE7",1,"F","SE7-F1_2025","N",0
"917","2025-02-28 03:10:42","SE7_EVENT7","SE7_EVENT7_A_2025","A","2025","D","SE7",1,"F","SE7-F1_2025","N",0
"918","2025-02-28 06:42:11","SE7_EVENT8","SE7_EVENT8_A_2025","A","2025","L","SE7",2,"F, M","SE7-F1, SE7-M1_2025","N",1
"919","2025-02-28 06:42:26","SE7_EVENT8","SE7_EVENT8_N_2025","N","2025","L","SE7",2,"F, M","SE7-F1, SE7-M1_2025","N",2
"920","2025-02-28 13:03:53","SE7_EVENT9","SE7_EVENT9_A_2025","A","2025","L","SE7",1,"F","SE7-F2_2025","N",0
"921","2025-03-06 08:19:21","SE7_EVENT10","SE7_EVENT10_A_2025","A","2025","L","SE7",1,"M","SE7-M2_2025","extreme mange",0
"922","2025-03-09 07:59:38","SE7_EVENT11","SE7_EVENT11_N_2025","N","2025","L","SE7",1,"F","SE7-F2_2025","N",0
"923","2025-03-09 11:41:49","SE7_EVENT12","SE7_EVENT12_A_2025","A","2025","L","SE7",1,"F","SE7-F2_2025","N",0
"924","2025-03-10 01:55:59","SE7_EVENT13","SE7_EVENT13_A_2025","A","2025","D","SE7",2,"F, M","SE7-F1, SE7-M1_2025","N",1
"925","2025-03-10 02:18:16","SE7_EVENT13","SE7_EVENT13_N_2025","N","2025","D","SE7",2,"F, M","SE7-F1, SE7-M1_2025","N",2
"926","2025-03-10 11:05:03","SE7_EVENT14","SE7_EVENT14_A_2025","A","2025","L","SE7",2,"F, M","SE7-F2, SE7-M2_2025","extreme mange",1
"927","2025-03-10 11:07:48","SE7_EVENT14","SE7_EVENT14_N_2025","N","2025","L","SE7",2,"F, M","SE7-F2, SE7-M2_2025","extreme mange",2
"928","2025-03-10 16:48:22","SE7_EVENT15","SE7_EVENT15_A_2025","A","2025","L","SE7",2,"F, U","SE7-F2, SE7-U2_2025","N",0
"929","2025-03-11 09:21:58","SE7_EVENT16","SE7_EVENT16_N_2025","N","2025","L","SE7",1,"F","SE7-F2_2025","N",0
"930","2025-03-11 15:58:31","SE7_EVENT17","SE7_EVENT17_A_2025","A","2025","L","SE7",1,"M","SE7-M2_2025","extreme mange",0
"931","2025-03-11 17:44:17","SE7_EVENT18","SE7_EVENT18_A_2025","A","2025","L","SE7",1,"M","SE7-M2_2025","extreme mange",0
"932","2025-03-12 06:23:14","SE7_EVENT19","SE7_EVENT19_A_2025","A","2025","D","SE7",2,"F, U","SE7-F2, SE7-U3_2025","back mange",1
"933","2025-03-12 06:25:08","SE7_EVENT19","SE7_EVENT19_N_2025","N","2025","D","SE7",2,"F, U","SE7-F2, SE7-U3_2025","back mange",2
"934","2025-03-12 10:17:07","SE7_EVENT20","SE7_EVENT20_A_2025","A","2025","L","SE7",1,"M","SE7-M2_2025","extreme mange",0
"935","2025-03-12 14:51:54","SE7_EVENT21","SE7_EVENT21_N_2025","N","2025","L","SE7",2,"F, U","SE7-F2, SE7-U3_2025","back mange",0
"936","2025-03-13 16:39:12","SE7_EVENT22","SE7_EVENT22_N_2025","N","2025","L","SE7",2,"F, U","SE7-F2, SE7-U3_2025","back mange",0
"937","2025-03-14 00:40:24","SE7_EVENT23","SE7_EVENT23_A_2025","A","2025","D","SE7",1,"M","SE7-M1_2025","N",0
"938","2025-03-14 15:26:39","SE7_EVENT24","SE7_EVENT24_A_2025","A","2025","L","SE7",2,"F, U","SE7-F2, SE7-U3_2025","back mange",1
"939","2025-03-14 15:27:48","SE7_EVENT24","SE7_EVENT24_N_2025","N","2025","L","SE7",2,"F, U","SE7-F2, SE7-U3_2025","back mange",2
"940","2025-03-15 14:18:38","SE7_EVENT25","SE7_EVENT25_N_2025","N","2025","L","SE7",2,"F, U","SE7-F2, SE7-U3_2025","back mange",0
"941","2025-03-15 14:46:44","SE7_EVENT26","SE7_EVENT26_N_2025","N","2025","L","SE7",2,"F, M","SE7-F1, SE7-M1_2025","N",0
"942","2025-03-15 20:33:56","SE7_EVENT27","SE7_EVENT27_N_2025","N","2025","D","SE7",1,"F","SE7-F2_2025","N",1
"943","2025-03-15 20:36:00","SE7_EVENT27","SE7_EVENT27_A_2025","A","2025","D","SE7",1,"F","SE7-F2_2025","N",2
"944","2025-03-16 08:34:22","SE7_EVENT28","SE7_EVENT28_N_2025","N","2025","L","SE7",2,"F, M","SE7-F1, SE7-M1_2025","N",0
"945","2025-03-16 13:17:04","SE7_EVENT29","SE7_EVENT29_N_2025","N","2025","L","SE7",1,"F","SE7-F2_2025","N",0
"946","2025-03-16 22:27:38","SE7_EVENT30","SE7_EVENT30_N_2025","N","2025","D","SE7",1,"F","SE7-F2_2025","N",0
"947","2025-03-17 06:09:41","SE7_EVENT31","SE7_EVENT31_A_2025","A","2025","D","SE7",1,"M","SE7-M2_2025","extreme mange",0
"948","2025-03-17 06:26:14","SE7_EVENT32","SE7_EVENT32_N_2025","N","2025","D","SE7",2,"F, M","SE7-F2, SE7-M2_2025","extreme mange",1
"949","2025-03-17 06:27:06","SE7_EVENT32","SE7_EVENT32_A_2025","A","2025","D","SE7",2,"F, M","SE7-F2, SE7-M2_2025","extreme mange",2
"950","2025-03-17 08:14:48","SE7_EVENT33","SE7_EVENT33_N_2025","N","2025","L","SE7",1,"U","SE7-U1_2025","N",0
"951","2025-03-17 09:30:55","SE7_EVENT34","SE7_EVENT34_N_2025","N","2025","L","SE7",1,"M","SE7-M2_2025","extreme mange",0
"952","2025-03-17 10:18:56","SE7_EVENT35","SE7_EVENT35_N_2025","N","2025","L","SE7",1,"M","SE7-M2_2025","extreme mange",0
"953","2025-03-17 12:58:57","SE7_EVENT36","SE7_EVENT36_A_2025","A","2025","L","SE7",3,"F, M, M","SE7-F1, SE7-M1, SE7-M2_2025","N, N, extreme mange",0
"954","2025-03-17 13:38:11","SE7_EVENT37","SE7_EVENT37_A_2025","A","2025","L","SE7",1,"M","SE7-M1_2025","N",0
"955","2025-03-17 13:58:14","SE7_EVENT38","SE7_EVENT38_N_2025","N","2025","L","SE7",2,"F, M","SE7-F2, SE7-M2_2025","extreme mange",1
"956","2025-03-17 13:59:29","SE7_EVENT38","SE7_EVENT38_A_2025","A","2025","L","SE7",2,"F, M","SE7-F2, SE7-M2_2025","extreme mange",2
"957","2025-03-17 14:23:12","SE7_EVENT39","SE7_EVENT39_N_2025","N","2025","L","SE7",2,"F, M","SE7-F2, SE7-M2_2025","extreme mange",0
"958","2025-03-17 14:33:01","SE7_EVENT40","SE7_EVENT40_A_2025","A","2025","L","SE7",1,"M","SE7-M1_2025","N",0
"959","2025-03-17 17:29:20","SE7_EVENT41","SE7_EVENT41_N_2025","N","2025","L","SE7",2,"F, M","SE7-F2, SE7-M2_2025","extreme mange",1
"960","2025-03-17 17:36:46","SE7_EVENT41","SE7_EVENT41_A_2025","A","2025","L","SE7",2,"F, M","SE7-F2, SE7-M2_2025","extreme mange",2
"961","2025-03-18 09:36:06","SE7_EVENT42","SE7_EVENT42_N_2025","N","2025","L","SE7",1,"U","SE7-U3_2025","back mange",0
"962","2025-03-18 10:20:19","SE7_EVENT43","SE7_EVENT43_N_2025","N","2025","L","SE7",1,"U","SE7-U3_2025","back mange",0
"963","2025-03-18 11:51:00","SE7_EVENT44","SE7_EVENT44_N_2025","N","2025","L","SE7",1,"F","SE7-F2_2025","N",0
"964","2025-03-19 23:03:49","SE7_EVENT45","SE7_EVENT45_A_2025","A","2025","D","SE7",1,"F","SE7-F3_2025","N",0
"965","2025-03-20 22:27:37","SE7_EVENT46","SE7_EVENT46_A_2025","A","2025","D","SE7",1,"F, M","SE7-F3, SE7-M3_2025","N",0
"966","2025-03-21 21:48:12","SE7_EVENT47","SE7_EVENT47_N_2025","N","2025","D","SE7",1,"M","SE7-M3_2025","N",0
"967","2025-03-23 23:37:36","SE7_EVENT48","SE7_EVENT48_N_2025","N","2025","D","SE7",1,"M","SE7-M2_2025","extreme mange",0
"968","2025-03-26 05:46:43","SE7_EVENT49","SE7_EVENT49_N_2025","N","2025","D","SE7",1,"F, M","SE7-F3_2025","N",0
"969","2025-03-26 06:38:58","SE7_EVENT50","SE7_EVENT50_A_2025","A","2025","L","SE7",1,"M","SE7-M3_2025","N",0
"970","2025-03-26 22:43:41","SE7_EVENT51","SE7_EVENT51_A_2025","A","2025","D","SE7",1,"F","SE7-F1_2025","N",0
"971","2025-03-28 21:05:46","SE7_EVENT52","SE7_EVENT52_A_2025","A","2025","D","SE7",2,"F, M","SE7-F3, SE7-M3_2025","N",0
"972","2025-03-29 02:15:09","SE7_EVENT53","SE7_EVENT53_A_2025","A","2025","D","SE7",2,"F, M","SE7-F3, SE7-M3_2025","N",0
"973","2025-03-29 03:52:39","SE7_EVENT54","SE7_EVENT54_A_2025","A","2025","D","SE7",2,"F, M","SE7-F3, SE7-M3_2025","N",0
"974","2025-03-29 21:57:25","SE7_EVENT55","SE7_EVENT55_A_2025","A","2025","D","SE7",2,"F, M","SE7-F3, SE7-M3_2025","N",0
"975","2025-03-30 03:04:36","SE7_EVENT56","SE7_EVENT56_N_2025","N","2025","D","SE7",1,"F","SE7-F2_2025","N",0
"976","2025-03-31 02:56:56","SE7_EVENT57","SE7_EVENT57_A_2025","A","2025","D","SE7",1,"F","SE7-F3_2025","N",0
"977","2025-03-31 03:35:19","SE7_EVENT58","SE7_EVENT58_A_2025","A","2025","D","SE7",2,"F, M","SE7-F1, SE7-M1_2025","N",0
"978","2025-03-31 23:26:38","SE7_EVENT59","SE7_EVENT59_N_2025","N","2025","D","SE7",1,"F","SE7-F3_2025","N",1
"979","2025-03-31 23:28:44","SE7_EVENT59","SE7_EVENT59_A_2025","A","2025","D","SE7",1,"F","SE7-F3_2025","N",2
"980","2025-04-02 00:40:30","SE7_EVENT60","SE7_EVENT60_N_2025","N","2025","D","SE7",1,"F","SE7-F1_2025","N",1
"981","2025-04-02 00:43:10","SE7_EVENT60","SE7_EVENT60_A_2025","A","2025","D","SE7",1,"F","SE7-F1_2025","N",2
"982","2025-04-02 03:49:52","SE7_EVENT61","SE7_EVENT61_A_2025","A","2025","D","SE7",2,"F, M","SE7-F1, SE7-M1_2025","N",0
"983","2025-02-19 12:29:38","SE8_EVENT1","SE8_EVENT1_A_2025","A","2025","L","SE8",1,"F","SE8-F1_2025","N",1
"984","2025-02-19 12:37:30","SE8_EVENT1","SE8_EVENT1_N_2025","N","2025","L","SE8",1,"F","SE8-F1_2025","N",2
"985","2025-02-19 17:49:34","SE8_EVENT2","SE8_EVENT2_A_2025","A","2025","D","SE8",2,"U, U","SE8-U1, SE8-U2_2025","N",0
"986","2025-02-21 11:53:09","SE8_EVENT3","SE8_EVENT3_A_2025","A","2025","L","SE8",1,"F","SE8-F2_2025","established mange",1
"987","2025-02-21 14:51:20","SE8_EVENT4","SE8_EVENT4_A_2025","A","2025","L","SE8",1,"F","SE8-F2_2025","established mange",0
"988","2025-02-22 13:13:18","SE8_EVENT5","SE8_EVENT5_N_2025","N","2025","L","SE8",1,"F","SE8-F2_2025","established mange",0
"989","2025-02-22 23:20:30","SE8_EVENT6","SE8_EVENT6_N_2025","N","2025","D","SE8",1,"SM","SE8-SM1_2025","N",0
"990","2025-02-23 04:07:24","SE8_EVENT7","SE8_EVENT7_N_2025","N","2025","D","SE8",1,"SM","SE8-SM1_2025","N",0
"991","2025-02-24 15:47:42","SE8_EVENT8","SE8_EVENT8_A_2025","A","2025","L","SE8",1,"M","SE8-M1_2025","N",1
"992","2025-02-24 15:50:24","SE8_EVENT8","SE8_EVENT8_N_2025","N","2025","L","SE8",1,"M","SE8-M1_2025","N",2
"993","2025-02-25 03:23:46","SE8_EVENT9","SE8_EVENT9_A_2025","A","2025","D","SE8",1,"M","SE8-M1_2025","N",1
"994","2025-02-25 03:29:20","SE8_EVENT9","SE8_EVENT9_N_2025","N","2025","D","SE8",1,"M","SE8-M1_2025","N",2
"995","2025-02-25 19:17:35","SE8_EVENT10","SE8_EVENT10_A_2025","A","2025","D","SE8",1,"SF","SE8-SF1_2025","mangey tail",1
"996","2025-02-25 19:20:26","SE8_EVENT10","SE8_EVENT10_N_2025","N","2025","D","SE8",1,"SF","SE8-SF1_2025","mangey tail",2
"997","2025-02-25 21:08:24","SE8_EVENT11","SE8_EVENT11_A_2025","A","2025","D","SE8",1,"SF","SE8-SF1_2025","mangey tail",1
"998","2025-02-25 21:10:46","SE8_EVENT11","SE8_EVENT11_N_2025","N","2025","D","SE8",1,"SF","SE8-SF1_2025","mangey tail",2
"999","2025-02-26 00:41:12","SE8_EVENT12","SE8_EVENT12_N_2025","N","2025","D","SE8",1,"SF","SE8-SF1_2025","mangey tail",0
"1000","2025-02-26 01:51:56","SE8_EVENT13","SE8_EVENT13_A_2025","A","2025","D","SE8",1,"SF","SE8-SF1_2025","mangey tail",1
"1001","2025-02-26 01:54:19","SE8_EVENT13","SE8_EVENT13_N_2025","N","2025","D","SE8",1,"SF","SE8-SF1_2025","mangey tail",2
"1002","2025-02-27 00:41:30","SE8_EVENT14","SE8_EVENT14_A_2025","A","2025","D","SE8",1,"SF","SE8-SF1_2025","mangey tail",1
"1003","2025-02-27 00:44:48","SE8_EVENT14","SE8_EVENT14_N_2025","N","2025","D","SE8",1,"SF","SE8-SF1_2025","mangey tail",2
"1004","2025-03-06 06:55:50","SE8_EVENT15","SE8_EVENT15_A_2025","A","2025","L","SE8",3,"M, M, F","SE8-M1, SE8-M2, SE8-F1_2025","N, N, N",1
"1005","2025-03-06 06:59:32","SE8_EVENT15","SE8_EVENT15_N_2025","N","2025","L","SE8",3,"M, M, F","SE8-M1, SE8-M2, SE8-F1_2025","N, N, N",2
"1006","2025-03-10 09:36:26","SE8_EVENT16","SE8_EVENT16_N_2025","N","2025","L","SE8",1,"F","SE8-F3_2025","mange",0
"1007","2025-03-21 08:31:38","SE8_EVENT17","SE8_EVENT17_A_2025","A","2025","L","SE8",4,"M, M, F, SF","SE8-M1, SE8-M2, SE8-F1, SE8-SF1_2025","N, N, N",1
"1008","2025-03-21 08:36:56","SE8_EVENT17","SE8_EVENT17_N_2025","N","2025","L","SE8",4,"M, M, F, SF","SE8-M1, SE8-M2, SE8-F1, SE8-SF1_2025","N, N, N",2
"1009","2025-03-21 10:42:09","SE8_EVENT18","SE8_EVENT18_N_2025","N","2025","L","SE8",1,"M","SE8-M2_2025","N",0
"1010","2025-03-28 06:09:30","SE8_EVENT19","SE8_EVENT19_N_2025","N","2025","L","SE8",1,"M","SE8-M2_2025","N",0
"1011","2025-03-29 11:19:24","SE8_EVENT20","SE8_EVENT20_N_2025","N","2025","L","SE8",1,"F","SE8-F3_2025","mange",0
"1012","2025-04-03 02:16:50","SE8_EVENT21","SE8_EVENT21_N_2025","N","2025","D","SE8",1,"F","SE8-F3_2025","mange",0
"1013","2025-02-23 23:55:48","SE9_EVENT1","SE9_EVENT1_A_2025","A","2025","D","SE9",1,"SM","SE9-SM1_2025","N",1
"1014","2025-02-23 23:56:18","SE9_EVENT1","SE9_EVENT1_N_2025","N","2025","D","SE9",1,"SM","SE9-SM1_2025","N",2
"1015","2025-02-25 01:34:10","SE9_EVENT2","SE9_EVENT2_A_2025","A","2025","D","SE9",1,"SF","SE9-SF1_2025","mange",1
"1016","2025-02-25 01:39:24","SE9_EVENT2","SE9_EVENT2_N_2025","N","2025","D","SE9",1,"SF","SE9-SF1_2025","mange",2
"1017","2025-03-10 02:47:44","SE9_EVENT3","SE9_EVENT3_N_2025","N","2025","D","SE9",1,"SM","SE9-SM1_2025","N",0
"1018","2025-03-22 01:04:40","SE9_EVENT4","SE9_EVENT4_N_2025","N","2025","D","SE9",1,"SM","SE9-SM1_2025","N",0
"1019","2025-03-25 14:15:00","SE9_EVENT5","SE9_EVENT5_N_2025","N","2025","D","SE9",1,"SM","SE9-SM2_2025","rough coat",0
"1020","2025-01-07 17:02:42","SW1_EVENT1","SW1_EVENT1_N_2025","N","2025","D","SW1",1,"SM","SW1-SM1_2025","N",0
"1021","2025-01-13 08:07:18","SW1_EVENT2","SW1_EVENT2_N_2025","N","2025","D","SW1",1,"SF","SW1-SF1_2025","N",0
"1022","2025-01-22 07:49:28","SW1_EVENT3","SW1_EVENT3_N_2025","N","2025","D","SW1",4,"SF, SM, U, U","SW1-SF1, SW1-SM1, SW1-U1, SW1-U2_2025","N",0
"1023","2025-01-31 06:55:48","SW1_EVENT4","SW1_EVENT4_A_2025","A","2025","D","SW1",1,"SM","SW1-SM1_2025","N",0
"1024","2025-01-31 22:50:36","SW1_EVENT5","SW1_EVENT5_N_2025","N","2025","D","SW1",1,"SM","SW1-SM1_2025","N",0
"1025","2025-02-04 22:59:18","SW1_EVENT6","SW1_EVENT6_A_2025","A","2025","D","SW1",1,"U","SW1-U1_2025","N",0
"1026","2025-02-14 12:48:48","SW1_EVENT7","SW1_EVENT7_N_2025","N","2025","L","SW1",1,"SF","SW1-SF1_2025","N",0
"1027","2025-01-04 06:48:39","SW2_EVENT1","SW2_EVENT1_A_2025","A","2025","D","SW2",1,"SF","SW2-SF3_2025","N",0
"1028","2025-01-07 19:26:32","SW2_EVENT2","SW2_EVENT2_A_2025","A","2025","D","SW2",3,"SF, M, SF","SW2-SF3, SW2-M1, SW2-SF2_2025","N",0
"1029","2025-01-08 05:11:22","SW2_EVENT3","SW2_EVENT3_A_2025","A","2025","D","SW2",1,"SF","SW2-SF1_2025","N",0
"1030","2025-01-08 22:51:16","SW2_EVENT4","SW2_EVENT4_A_2025","A","2025","D","SW2",1,"SF","SW2-SF2_2025","N",0
"1031","2025-01-16 06:10:22","SW2_EVENT5","SW2_EVENT5_A_2025","A","2025","D","SW2",1,"SM","SW2-SM1_2025","light mange",0
"1032","2025-01-17 00:56:08","SW2_EVENT6","SW2_EVENT6_N_2025","N","2025","D","SW2",1,"SM","SW2-SM1_2025","light mange",0
"1033","2025-01-19 18:01:36","SW2_EVENT7","SW2_EVENT7_A_2025","A","2025","D","SW2",1,"SF","SW2-SF2_2025","N",0
"1034","2025-01-20 11:47:52","SW2_EVENT8","SW2_EVENT8_A_2025","A","2025","L","SW2",2,"SF, M","SW2-SF3, SW2-M1_2025","N",0
"1035","2025-01-20 17:25:48","SW2_EVENT9","SW2_EVENT9_A_2025","A","2025","D","SW2",1,"SF","SW2-SF3_2025","N",0
"1036","2025-01-22 18:17:30","SW2_EVENT10","SW2_EVENT10_N_2025","N","2025","D","SW2",1,"SF","SW2-SF3_2025","N",0
"1037","2025-01-28 05:47:44","SW2_EVENT11","SW2_EVENT11_A_2025","A","2025","D","SW2",1,"SM","SW2-SM1_2025","N",0
"1038","2025-02-03 10:52:16","SW2_EVENT12","SW2_EVENT12_A_2025","A","2025","L","SW2",1,"SF","SW2-SF3_2025","N",0
"1039","2025-02-03 15:17:46","SW2_EVENT13","SW2_EVENT13_A_2025","A","2025","L","SW2",2,"SF, M, SF","SW2-SF3, SW2-M1, SW2-SF2_2025","N",0
"1040","2025-02-06 02:36:48","SW2_EVENT14","SW2_EVENT14_A_2025","A","2025","D","SW2",1,"SF","SW2-SF2_2025","N",0
"1041","2025-02-06 23:40:12","SW2_EVENT15","SW2_EVENT15_A_2025","A","2025","D","SW2",1,"M","SW2-M1_2025","N",0
"1042","2025-02-07 01:14:38","SW2_EVENT16","SW2_EVENT16_A_2025","A","2025","D","SW2",1,"SF","SW2-SF2_2025","N",0
"1043","2025-02-07 15:49:34","SW2_EVENT17","SW2_EVENT17_A_2025","A","2025","L","SW2",1,"SF","SW2-SF1_2025","N",0
"1044","2025-02-09 22:37:54","SW2_EVENT18","SW2_EVENT18_A_2025","A","2025","D","SW2",1,"SM","SW2-SM1_2025","possible low level mange",1
"1045","2025-02-09 22:40:19","SW2_EVENT18","SW2_EVENT18_N_2025","N","2025","D","SW2",1,"SM","SW2-SM1_2025","possible low level mange",2
"1046","2025-01-02 18:45:52","SW3_EVENT1","SW3_EVENT1_N_2025","N","2025","D","SW3",1,"SF","SW3-SF1_2025","slight scruff",0
"1047","2025-01-02 23:50:32","SW3_EVENT2","SW3_EVENT2_N_2025","N","2025","D","SW3",1,"SF","SW3-SF1_2025","slight scruff",0
"1048","2025-01-03 04:59:04","SW3_EVENT3","SW3_EVENT3_A_2025","A","2025","D","SW3",1,"SF","SW3-SF1_2025","slight scruff",1
"1049","2025-01-03 04:59:44","SW3_EVENT3","SW3_EVENT3_N_2025","N","2025","D","SW3",1,"SF","SW3-SF1_2025","slight scruff",2
"1050","2025-01-03 11:04:10","SW3_EVENT4","SW3_EVENT4_N_2025","N","2025","L","SW3",1,"U","SW3-U1_2025","N",0
"1051","2025-01-03 11:23:58","SW3_EVENT5","SW3_EVENT5_A_2025","A","2025","L","SW3",1,"SF","SW3-SF1_2025","slight scruff",0
"1052","2025-01-03 13:02:20","SW3_EVENT6","SW3_EVENT6_N_2025","N","2025","L","SW3",2,"F, M","SW3-F1, SW3-M1_2025","N, N",0
"1053","2025-01-03 17:18:14","SW3_EVENT7","SW3_EVENT7_N_2025","N","2025","D","SW3",1,"F","SW3-F1_2025","N",0
"1054","2025-01-03 18:56:36","SW3_EVENT8","SW3_EVENT8_N_2025","N","2025","D","SW3",1,"M","SW3-M1_2025","N",1
"1055","2025-01-03 18:57:00","SW3_EVENT8","SW3_EVENT8_A_2025","A","2025","D","SW3",1,"M","SW3-M1_2025","N",2
"1056","2025-01-03 19:12:32","SW3_EVENT9","SW3_EVENT9_N_2025","N","2025","D","SW3",1,"F","SW3-F1_2025","N",0
"1057","2025-01-03 22:29:44","SW3_EVENT10","SW3_EVENT10_A_2025","A","2025","D","SW3",1,"SF","SW3-SF1_2025","slight scruff",1
"1058","2025-01-03 22:35:42","SW3_EVENT10","SW3_EVENT10_N_2025","N","2025","D","SW3",1,"SF","SW3-SF1_2025","slight scruff",2
"1059","2025-01-04 00:10:46","SW3_EVENT11","SW3_EVENT11_N_2025","N","2025","D","SW3",1,"M","SW3-M1_2025","N",0
"1060","2025-01-04 13:25:42","SW3_EVENT12","SW3_EVENT12_A_2025","A","2025","L","SW3",1,"SF","SW3-SF2_2025","mange",0
"1061","2025-01-04 19:35:10","SW3_EVENT13","SW3_EVENT13_A_2025","A","2025","D","SW3",1,"SF","SW3-SF1_2025","slight scruff",0
"1062","2025-01-04 23:55:38","SW3_EVENT14","SW3_EVENT14_A_2025","A","2025","D","SW3",2,"F, M","SW3-F1, SW3-M1_2025","N, N",1
"1063","2025-01-04 23:56:08","SW3_EVENT14","SW3_EVENT14_N_2025","N","2025","D","SW3",2,"F, M","SW3-F1, SW3-M1_2025","N, N",2
"1064","2025-01-05 00:45:18","SW3_EVENT15","SW3_EVENT15_N_2025","N","2025","D","SW3",1,"F","SW3-F1_2025","N",1
"1065","2025-01-05 00:47:14","SW3_EVENT15","SW3_EVENT15_A_2025","A","2025","D","SW3",1,"F","SW3-F1_2025","N",2
"1066","2025-01-05 04:12:28","SW3_EVENT16","SW3_EVENT16_N_2025","N","2025","D","SW3",1,"F","SW3-F1_2025","N",0
"1067","2025-01-05 12:07:30","SW3_EVENT17","SW3_EVENT17_N_2025","N","2025","L","SW3",1,"SM","SW3-SM1_2025","light mange",0
"1068","2025-01-05 18:01:04","SW3_EVENT18","SW3_EVENT18_A_2025","A","2025","D","SW3",1,"F","SW3-F1_2025","N",0
"1069","2025-01-06 04:01:52","SW3_EVENT19","SW3_EVENT19_N_2025","N","2025","D","SW3",1,"SF","SW3-SF1_2025","slight scruff",0
"1070","2025-01-06 04:26:22","SW3_EVENT20","SW3_EVENT20_N_2025","N","2025","D","SW3",1,"SF","SW3-SF2_2025","mange",0
"1071","2025-01-07 00:51:46","SW3_EVENT21","SW3_EVENT21_A_2025","A","2025","D","SW3",1,"M","SW3-M1_2025","N",1
"1072","2025-01-07 00:52:52","SW3_EVENT21","SW3_EVENT21_N_2025","N","2025","D","SW3",1,"M","SW3-M1_2025","N",2
"1073","2025-01-07 05:13:02","SW3_EVENT22","SW3_EVENT22_N_2025","N","2025","D","SW3",1,"SM","SW3-SM1_2025","light mange",1
"1074","2025-01-07 05:15:16","SW3_EVENT22","SW3_EVENT22_A_2025","A","2025","D","SW3",1,"SM","SW3-SM1_2025","light mange",2
"1075","2025-01-07 11:34:26","SW3_EVENT23","SW3_EVENT23_A_2025","A","2025","L","SW3",1,"SM","SW3-SM1_2025","light mange",0
"1076","2025-01-07 12:47:28","SW3_EVENT24","SW3_EVENT24_N_2025","N","2025","L","SW3",1,"SM","SW3-SM1_2025","light mange",0
"1077","2025-01-07 17:23:38","SW3_EVENT25","SW3_EVENT25_N_2025","N","2025","D","SW3",1,"U","SW3-U1_2025","N",0
"1078","2025-01-08 13:25:46","SW3_EVENT26","SW3_EVENT26_N_2025","N","2025","L","SW3",1,"M","SW3-M1_2025","N",0
"1079","2025-01-09 21:54:50","SW3_EVENT27","SW3_EVENT27_A_2025","A","2025","D","SW3",1,"SF","SW3-SF1_2025","slight scruff",1
"1080","2025-01-09 21:54:54","SW3_EVENT27","SW3_EVENT27_N_2025","N","2025","D","SW3",1,"SF","SW3-SF1_2025","slight scruff",2
"1081","2025-01-09 23:13:22","SW3_EVENT28","SW3_EVENT28_N_2025","N","2025","D","SW3",1,"SF","SW3-SF2_2025","mange",0
"1082","2025-01-09 23:35:05","SW3_EVENT29","SW3_EVENT29_N_2025","N","2025","D","SW3",1,"F","SW3-F1_2025","N",0
"1083","2025-01-10 02:23:34","SW3_EVENT30","SW3_EVENT30_N_2025","N","2025","D","SW3",1,"F","SW3-F1_2025","N",0
"1084","2025-01-10 04:28:16","SW3_EVENT31","SW3_EVENT31_N_2025","N","2025","D","SW3",1,"M","SW3-M1_2025","N",0
"1085","2025-01-10 05:45:30","SW3_EVENT32","SW3_EVENT32_N_2025","N","2025","D","SW3",1,"F","SW3-F1_2025","N",0
"1086","2025-01-11 05:00:22","SW3_EVENT33","SW3_EVENT33_N_2025","N","2025","D","SW3",1,"SF","SW3-SF2_2025","N",0
"1087","2025-01-11 05:20:48","SW3_EVENT34","SW3_EVENT34_A_2025","A","2025","D","SW3",1,"M","SW3-M1_2025","N",0
"1088","2025-01-11 05:46:50","SW3_EVENT35","SW3_EVENT35_N_2025","N","2025","D","SW3",1,"M","SW3-M1_2025","N",0
"1089","2025-01-11 18:50:02","SW3_EVENT36","SW3_EVENT36_N_2025","N","2025","D","SW3",1,"SF","SW3-SF1_2025","slight scruff",0
"1090","2025-01-11 22:18:32","SW3_EVENT37","SW3_EVENT37_N_2025","N","2025","D","SW3",1,"SM","SW3-SM1_2025","light mange",0
"1091","2025-01-13 18:33:55","SW3_EVENT38","SW3_EVENT38_N_2025","N","2025","D","SW3",1,"SF","SW3-SF1_2025","slight scruff",0
"1092","2025-01-13 18:53:32","SW3_EVENT39","SW3_EVENT39_A_2025","A","2025","D","SW3",1,"U","SW3-U1_2025","N",0
"1093","2025-01-13 23:12:10","SW3_EVENT40","SW3_EVENT40_N_2025","N","2025","D","SW3",2,"F, M","SW3-F1, SW3-M1_2025","N, N",1
"1094","2025-01-13 23:13:10","SW3_EVENT40","SW3_EVENT40_A_2025","A","2025","D","SW3",2,"F, M","SW3-F1, SW3-M1_2025","N, N",2
"1095","2025-01-14 04:20:25","SW3_EVENT41","SW3_EVENT41_A_2025","A","2025","D","SW3",1,"F","SW3-F1_2025","N",1
"1096","2025-01-14 04:21:06","SW3_EVENT41","SW3_EVENT41_N_2025","N","2025","D","SW3",1,"F","SW3-F1_2025","N",2
"1097","2025-01-14 05:04:02","SW3_EVENT42","SW3_EVENT42_N_2025","N","2025","D","SW3",1,"SM","SW3-SM1_2025","mange",0
"1098","2025-01-14 07:10:22","SW3_EVENT43","SW3_EVENT43_N_2025","N","2025","D","SW3",1,"M","SW3-M1_2025","N",0
"1099","2025-01-14 19:35:36","SW3_EVENT44","SW3_EVENT44_N_2025","N","2025","D","SW3",1,"F","SW3-F1_2025","N",1
"1100","2025-01-14 19:36:30","SW3_EVENT44","SW3_EVENT44_A_2025","A","2025","D","SW3",1,"F","SW3-F1_2025","N",2
"1101","2025-01-14 23:03:18","SW3_EVENT45","SW3_EVENT45_N_2025","N","2025","D","SW3",1,"F","SW3-F1_2025","N",0
"1102","2025-01-15 04:34:42","SW3_EVENT46","SW3_EVENT46_N_2025","N","2025","D","SW3",1,"F","SW3-F1_2025","N",1
"1103","2025-01-15 04:35:58","SW3_EVENT46","SW3_EVENT46_A_2025","A","2025","D","SW3",1,"F","SW3-F1_2025","N",2
"1104","2025-01-15 19:02:04","SW3_EVENT47","SW3_EVENT47_N_2025","N","2025","D","SW3",1,"SF","SW3-SF1_2025","slight scruff",0
"1105","2025-01-16 01:00:10","SW3_EVENT48","SW3_EVENT48_N_2025","N","2025","D","SW3",3,"F, M, M","SW3-F1, SW3-M1, SW3-M2_2025","N, N, wounded leg",0
"1106","2025-01-16 01:02:14","SW3_EVENT49","SW3_EVENT49_N_2025","N","2025","D","SW3",1,"SM","SW3-SM1_2025","mange",1
"1107","2025-01-16 01:07:01","SW3_EVENT49","SW3_EVENT49_A_2025","A","2025","D","SW3",1,"SM","SW3-SM1_2025","mange",2
"1108","2025-01-16 15:45:44","SW3_EVENT50","SW3_EVENT50_N_2025","N","2025","L","SW3",1,"SM","SW3-SM1_2025","mange",0
"1109","2025-01-17 08:31:24","SW3_EVENT51","SW3_EVENT51_N_2025","N","2025","L","SW3",1,"SF","SW3-SF2_2025","mange",0
"1110","2025-01-18 17:11:08","SW3_EVENT51","SW3_EVENT51_A_2025","A","2025","D","SW3",1,"SF","SW3-SF2_2025","mange",0
"1111","2025-01-18 19:59:22","SW3_EVENT52","SW3_EVENT52_N_2025","N","2025","D","SW3",1,"U","SW3-U2_2025","established mange",0
"1112","2025-01-19 14:13:52","SW3_EVENT53","SW3_EVENT53_N_2025","N","2025","L","SW3",1,"SF","SW3-SF1_2025","slight scruff",0
"1113","2025-01-19 17:58:32","SW3_EVENT54","SW3_EVENT54_N_2025","N","2025","D","SW3",1,"F","SW3-F1_2025","N",0
"1114","2025-01-19 22:07:36","SW3_EVENT55","SW3_EVENT55_N_2025","N","2025","D","SW3",1,"M","SW3-M1_2025","N",1
"1115","2025-01-19 22:07:58","SW3_EVENT55","SW3_EVENT55_A_2025","A","2025","D","SW3",1,"M","SW3-M1_2025","N",2
"1116","2025-01-19 22:47:52","SW3_EVENT56","SW3_EVENT56_N_2025","N","2025","D","SW3",2,"F, M","SW3-F1, SW3-M1_2025","N, N",0
"1117","2025-01-19 23:56:00","SW3_EVENT57","SW3_EVENT57_N_2025","N","2025","D","SW3",1,"F","SW3-F1_2025","N",0
"1118","2025-01-20 03:38:04","SW3_EVENT58","SW3_EVENT58_N_2025","N","2025","D","SW3",2,"M, M","SW3-M1, SW3-M2_2025","N, wounded leg",0
"1119","2025-01-20 05:51:02","SW3_EVENT59","SW3_EVENT59_N_2025","N","2025","D","SW3",1,"SF","SW3-SF1_2025","slight scruff",0
"1120","2025-01-20 06:11:56","SW3_EVENT60","SW3_EVENT60_N_2025","N","2025","D","SW3",1,"M","SW3-M1_2025","N",1
"1121","2025-01-20 06:11:56","SW3_EVENT60","SW3_EVENT60_A_2025","A","2025","D","SW3",1,"M","SW3-M1_2025","N",2
"1122","2025-01-20 09:10:10","SW3_EVENT61","SW3_EVENT61_N_2025","N","2025","L","SW3",1,"SF","SW3-SF2_2025","mange",1
"1123","2025-01-20 09:10:22","SW3_EVENT61","SW3_EVENT61_A_2025","A","2025","L","SW3",1,"SF","SW3-SF2_2025","mange",2
"1124","2025-01-20 18:43:04","SW3_EVENT62","SW3_EVENT62_N_2025","N","2025","D","SW3",1,"SF","SW3-SF2_2025","mange",0
"1125","2025-01-20 20:43:42","SW3_EVENT63","SW3_EVENT63_A_2025","A","2025","D","SW3",1,"SF","SW3-SF2_2025","mange",1
"1126","2025-01-20 20:50:38","SW3_EVENT63","SW3_EVENT63_N_2025","N","2025","D","SW3",1,"SF","SW3-SF2_2025","mange",2
"1127","2025-01-20 21:34:32","SW3_EVENT64","SW3_EVENT64_A_2025","A","2025","D","SW3",1,"SF","SW3-SF2_2025","mange",1
"1128","2025-01-20 21:54:44","SW3_EVENT64","SW3_EVENT64_N_2025","N","2025","D","SW3",1,"SF","SW3-SF2_2025","mange",2
"1129","2025-01-20 23:49:38","SW3_EVENT65","SW3_EVENT65_N_2025","N","2025","D","SW3",1,"SF","SW3-SF2_2025","mange",0
"1130","2025-01-21 12:09:00","SW3_EVENT66","SW3_EVENT66_A_2025","A","2025","L","SW3",1,"SF","SW3-SF2_2025","mange",0
"1131","2025-01-21 19:25:55","SW3_EVENT67","SW3_EVENT67_N_2025","N","2025","D","SW3",1,"SF","SW3-SF1_2025","slight scruff",0
"1132","2025-01-22 00:01:44","SW3_EVENT68","SW3_EVENT68_N_2025","N","2025","D","SW3",1,"SF","SW3-SF2_2025","mange",0
"1133","2025-01-22 00:38:22","SW3_EVENT69","SW3_EVENT69_N_2025","N","2025","D","SW3",2,"F, M","SW3-F1, SW3-M1_2025","N, N",0
"1134","2025-01-22 01:52:08","SW3_EVENT70","SW3_EVENT70_N_2025","N","2025","D","SW3",1,"M","SW3-M1_2025","N",0
"1135","2025-01-22 03:03:38","SW3_EVENT71","SW3_EVENT71_A_2025","A","2025","D","SW3",1,"F","SW3-F1_2025","N",1
"1136","2025-01-22 03:05:02","SW3_EVENT71","SW3_EVENT71_N_2025","N","2025","D","SW3",1,"F","SW3-F1_2025","N",2
"1137","2025-01-22 04:31:28","SW3_EVENT72","SW3_EVENT72_N_2025","N","2025","D","SW3",1,"F","SW3-F1_2025","N",0
"1138","2025-01-22 10:11:14","SW3_EVENT73","SW3_EVENT73_N_2025","N","2025","L","SW3",1,"M","SW3-M1_2025","N",0
"1139","2025-01-22 20:49:42","SW3_EVENT74","SW3_EVENT74_N_2025","N","2025","D","SW3",1,"SF","SW3-SF2_2025","mange",0
"1140","2025-01-23 09:43:14","SW3_EVENT75","SW3_EVENT75_A_2025","A","2025","L","SW3",1,"M","SW3-M1_2025","N",0
"1141","2025-01-23 10:21:42","SW3_EVENT76","SW3_EVENT76_A_2025","A","2025","L","SW3",1,"M","SW3-M1_2025","N",0
"1142","2025-01-23 12:06:16","SW3_EVENT77","SW3_EVENT77_N_2025","N","2025","L","SW3",1,"SF","SW3-SF2_2025","mange",0
"1143","2025-01-23 17:03:12","SW3_EVENT78","SW3_EVENT78_N_2025","N","2025","L","SW3",1,"M","SW3-M1_2025","N",0
"1144","2025-01-23 20:16:40","SW3_EVENT79","SW3_EVENT79_A_2025","A","2025","D","SW3",1,"SF","SW3-SF2_2025","mange",1
"1145","2025-01-23 20:16:50","SW3_EVENT79","SW3_EVENT79_N_2025","N","2025","D","SW3",1,"SF","SW3-SF2_2025","mange",2
"1146","2025-01-23 21:32:46","SW3_EVENT80","SW3_EVENT80_A_2025","A","2025","D","SW3",1,"F, M","SW3-F1, SW3-M1_2025","N, N",1
"1147","2025-01-23 21:33:04","SW3_EVENT80","SW3_EVENT80_N_2025","N","2025","D","SW3",1,"F, M","SW3-F1, SW3-M1_2025","N, N",2
"1148","2025-01-24 00:06:58","SW3_EVENT81","SW3_EVENT81_N_2025","N","2025","D","SW3",1,"SF","SW3-SF1_2025","slight scruff",1
"1149","2025-01-24 00:10:36","SW3_EVENT81","SW3_EVENT81_A_2025","A","2025","D","SW3",1,"SF","SW3-SF1_2025","slight scruff",2
"1150","2025-01-24 03:26:56","SW3_EVENT82","SW3_EVENT82_N_2025","N","2025","D","SW3",1,"SM","SW3-SM1_2025","mange",0
"1151","2025-01-24 07:15:28","SW3_EVENT83","SW3_EVENT83_N_2025","N","2025","D","SW3",1,"SF","SW3-SF2_2025","mange",0
"1152","2025-01-24 23:26:28","SW3_EVENT84","SW3_EVENT84_A_2025","A","2025","D","SW3",1,"F","SW3-F1_2025","N",1
"1153","2025-01-24 23:26:44","SW3_EVENT84","SW3_EVENT84_N_2025","N","2025","D","SW3",1,"F","SW3-F1_2025","N",2
"1154","2025-01-25 00:28:30","SW3_EVENT85","SW3_EVENT85_A_2025","A","2025","D","SW3",1,"F","SW3-F1_2025","N",1
"1155","2025-01-25 00:29:54","SW3_EVENT85","SW3_EVENT85_N_2025","N","2025","D","SW3",1,"F","SW3-F1_2025","N",2
"1156","2025-01-25 14:37:42","SW3_EVENT86","SW3_EVENT86_A_2025","A","2025","L","SW3",1,"SF","SW3-SF1_2025","slight scruff",0
"1157","2025-01-25 17:09:46","SW3_EVENT87","SW3_EVENT87_N_2025","N","2025","L","SW3",1,"SF","SW3-SF1_2025","slight scruff",0
"1158","2025-01-26 01:08:00","SW3_EVENT88","SW3_EVENT88_N_2025","N","2025","D","SW3",1,"SF","SW3-SF1_2025","slight scruff",0
"1159","2025-01-26 08:20:28","SW3_EVENT89","SW3_EVENT89_N_2025","N","2025","L","SW3",1,"M","SW3-M1_2025","N",0
"1160","2025-01-27 20:30:28","SW3_EVENT90","SW3_EVENT90_N_2025","N","2025","D","SW3",1,"SF","SW3-SF1_2025","slight scruff",0
"1161","2025-01-28 05:31:20","SW3_EVENT91","SW3_EVENT91_N_2025","N","2025","D","SW3",1,"F","SW3-F1_2025","N",0
"1162","2025-01-28 17:54:30","SW3_EVENT92","SW3_EVENT92_A_2025","A","2025","D","SW3",1,"M","SW3-M1_2025","N",0
"1163","2025-01-28 23:12:38","SW3_EVENT93","SW3_EVENT93_N_2025","N","2025","D","SW3",1,"SM","SW3-SM1_2025","mange",0
"1164","2025-01-28 23:25:40","SW3_EVENT94","SW3_EVENT94_N_2025","N","2025","D","SW3",1,"SM","SW3-SM1_2025","mange",0
"1165","2025-01-29 21:19:00","SW3_EVENT95","SW3_EVENT95_N_2025","N","2025","D","SW3",1,"SM","SW3-SM1_2025","mange",0
"1166","2025-01-29 22:06:26","SW3_EVENT96","SW3_EVENT96_N_2025","N","2025","D","SW3",1,"SF","SW3-SF2_2025","mange",0
"1167","2025-01-30 00:50:20","SW3_EVENT97","SW3_EVENT97_A_2025","A","2025","D","SW3",1,"SM","SW3-SM2_2025","mange",0
"1168","2025-02-01 00:54:14","SW3_EVENT98","SW3_EVENT98_A_2025","A","2025","D","SW3",1,"SF","SW3-SF2_2025","mange",0
"1169","2025-02-01 11:23:20","SW3_EVENT99","SW3_EVENT99_N_2025","N","2025","L","SW3",1,"SF","SW3-SF2_2025","mange",1
"1170","2025-02-01 11:24:26","SW3_EVENT99","SW3_EVENT99_A_2025","A","2025","L","SW3",1,"SF","SW3-SF2_2025","mange",2
"1171","2025-02-02 02:19:36","SW3_EVENT100","SW3_EVENT100_N_2025","N","2025","D","SW3",1,"SM","SW3-SM1_2025","mange",0
"1172","2025-02-02 10:41:20","SW3_EVENT101","SW3_EVENT101_N_2025","N","2025","L","SW3",1,"SF","SW3-SF2_2025","mange",0
"1173","2025-02-02 12:27:28","SW3_EVENT102","SW3_EVENT102_N_2025","N","2025","L","SW3",1,"SF","SW3-SF2_2025","mange",0
"1174","2025-02-02 12:49:18","SW3_EVENT103","SW3_EVENT103_N_2025","N","2025","L","SW3",1,"SF","SW3-SF1_2025","slight scruff",0
"1175","2025-02-02 16:16:48","SW3_EVENT104","SW3_EVENT104_N_2025","N","2025","L","SW3",1,"SF","SW3-SF2_2025","mange",0
"1176","2025-02-02 18:11:32","SW3_EVENT105","SW3_EVENT105_N_2025","N","2025","D","SW3",1,"SF","SW3-SF1_2025","slight scruff",0
"1177","2025-02-03 00:24:08","SW3_EVENT106","SW3_EVENT106_N_2025","N","2025","D","SW3",1,"SF","SW3-SF1_2025","slight scruff",1
"1178","2025-02-03 00:25:04","SW3_EVENT106","SW3_EVENT106_A_2025","A","2025","D","SW3",1,"SF","SW3-SF1_2025","slight scruff",2
"1179","2025-02-03 19:35:02","SW3_EVENT107","SW3_EVENT107_N_2025","N","2025","D","SW3",1,"SF","SW3-SF1_2025","slight scruff",0
"1180","2025-02-04 12:09:04","SW3_EVENT108","SW3_EVENT108_N_2025","N","2025","L","SW3",1,"SF","SW3-SF2_2025","mange",1
"1181","2025-02-04 12:09:34","SW3_EVENT108","SW3_EVENT108_A_2025","A","2025","L","SW3",1,"SF","SW3-SF2_2025","mange",2
"1182","2025-02-04 12:39:06","SW3_EVENT109","SW3_EVENT109_A_2025","A","2025","L","SW3",1,"SF","SW3-SF2_2025","mange",0
"1183","2025-02-04 15:30:04","SW3_EVENT110","SW3_EVENT110_A_2025","A","2025","L","SW3",1,"SF","SW3-SF2_2025","mange",0
"1184","2025-02-06 00:24:02","SW3_EVENT111","SW3_EVENT111_A_2025","A","2025","D","SW3",1,"SM","SW3-SM1_2025","mange",1
"1185","2025-02-06 00:24:26","SW3_EVENT111","SW3_EVENT111_N_2025","N","2025","D","SW3",1,"SM","SW3-SM1_2025","mange",2
"1186","2025-02-06 01:24:47","SW3_EVENT112","SW3_EVENT112_A_2025","A","2025","D","SW3",1,"M","SW3-M1_2025","N",0
"1187","2025-02-06 05:32:56","SW3_EVENT113","SW3_EVENT113_N_2025","N","2025","D","SW3",1,"M","SW3-M1_2025","N",0
"1188","2025-02-06 08:17:18","SW3_EVENT114","SW3_EVENT114_A_2025","A","2025","L","SW3",1,"M","SW3-M1_2025","N",0
"1189","2025-02-06 16:32:42","SW3_EVENT115","SW3_EVENT115_N_2025","N","2025","L","SW3",1,"M","SW3-M1_2025","N",1
"1190","2025-02-06 16:33:52","SW3_EVENT115","SW3_EVENT115_A_2025","A","2025","L","SW3",1,"M","SW3-M1_2025","N",2
"1191","2025-02-06 19:10:36","SW3_EVENT116","SW3_EVENT116_N_2025","N","2025","D","SW3",2,"F, M","SW3-F1, SW3-M1_2025","N, N",0
"1192","2025-02-07 00:37:24","SW3_EVENT117","SW3_EVENT117_N_2025","N","2025","D","SW3",2,"F, M","SW3-F1, SW3-M1_2025","N, N",1
"1193","2025-02-07 00:37:26","SW3_EVENT117","SW3_EVENT117_A_2025","A","2025","D","SW3",2,"F, M","SW3-F1, SW3-M1_2025","N, N",2
"1194","2025-02-07 04:46:52","SW3_EVENT118","SW3_EVENT118_N_2025","N","2025","D","SW3",1,"SF","SW3-SF1_2025","slight scruff",0
"1195","2025-02-07 07:02:48","SW3_EVENT119","SW3_EVENT119_N_2025","N","2025","D","SW3",1,"F","SW3-F1_2025","N",1
"1196","2025-02-07 07:03:48","SW3_EVENT119","SW3_EVENT119_A_2025","A","2025","D","SW3",1,"F","SW3-F1_2025","N",2
"1197","2025-02-07 14:49:57","SW3_EVENT120","SW3_EVENT120_N_2025","N","2025","L","SW3",1,"U","SW3-U3_2025","N",0
"1198","2025-02-08 18:55:32","SW3_EVENT121","SW3_EVENT121_N_2025","N","2025","D","SW3",3,"F, M, M","SW3-F1, SW3-M1, SW3-M2_2025","N, N, wounded leg",0
"1199","2025-02-08 22:24:00","SW3_EVENT122","SW3_EVENT122_N_2025","N","2025","D","SW3",1,"SF","SW3-SF1_2025","slight scruff",0
"1200","2025-02-09 01:03:10","SW3_EVENT123","SW3_EVENT123_A_2025","A","2025","D","SW3",1,"U","SW3-U3_2025","N",0
"1201","2025-02-09 02:48:20","SW3_EVENT124","SW3_EVENT124_A_2025","A","2025","D","SW3",1,"F","SW3-F1_2025","N",0
"1202","2025-02-09 05:13:52","SW3_EVENT125","SW3_EVENT125_N_2025","N","2025","D","SW3",1,"M","SW3-M1_2025","N",1
"1203","2025-02-09 05:14:26","SW3_EVENT125","SW3_EVENT125_A_2025","A","2025","D","SW3",1,"M","SW3-M1_2025","N",2
"1204","2025-02-09 09:22:28","SW3_EVENT126","SW3_EVENT126_N_2025","N","2025","L","SW3",2,"F, M","SW3-F1, SW3-M1_2025","N, N",1
"1205","2025-02-09 09:22:52","SW3_EVENT126","SW3_EVENT126_A_2025","A","2025","L","SW3",2,"F, M","SW3-F1, SW3-M1_2025","N, N",2
"1206","2025-02-09 15:32:13","SW3_EVENT127","SW3_EVENT127_N_2025","N","2025","L","SW3",1,"SF","SW3-SF2_2025","mange",0
"1207","2025-02-09 19:03:28","SW3_EVENT128","SW3_EVENT128_N_2025","N","2025","D","SW3",1,"SF","SW3-SF2_2025","mange",0
"1208","2025-02-10 08:49:58","SW3_EVENT129","SW3_EVENT129_N_2025","N","2025","L","SW3",2,"F, M","SW3-F1, SW3-M1_2025","N, N",1
"1209","2025-02-10 08:49:58","SW3_EVENT129","SW3_EVENT129_A_2025","A","2025","L","SW3",2,"F, M","SW3-F1, SW3-M1_2025","N, N",2
"1210","2025-02-10 14:49:02","SW3_EVENT130","SW3_EVENT130_N_2025","N","2025","L","SW3",2,"F, M","SW3-F1, SW3-M1_2025","N, N",1
"1211","2025-02-10 14:50:02","SW3_EVENT130","SW3_EVENT130_A_2025","A","2025","L","SW3",2,"F, M","SW3-F1, SW3-M1_2025","N, N",2
"1212","2025-02-10 15:20:32","SW3_EVENT131","SW3_EVENT131_N_2025","N","2025","L","SW3",1,"M","SW3-M1_2025","N",0
"1213","2025-02-10 17:41:04","SW3_EVENT132","SW3_EVENT132_N_2025","N","2025","L","SW3",1,"F","SW3-F1_2025","N",0
"1214","2025-02-11 08:12:30","SW3_EVENT133","SW3_EVENT133_N_2025","N","2025","L","SW3",1,"M","SW3-M1_2025","N",0
"1215","2025-02-11 11:22:02","SW3_EVENT134","SW3_EVENT134_N_2025","N","2025","L","SW3",1,"M","SW3-M1_2025","N",1
"1216","2025-02-11 11:22:23","SW3_EVENT134","SW3_EVENT134_A_2025","A","2025","L","SW3",1,"M","SW3-M1_2025","N",2
"1217","2025-02-11 14:56:00","SW3_EVENT135","SW3_EVENT135_N_2025","N","2025","L","SW3",1,"SM","SW3-SM1_2025","mange",0
"1218","2025-02-11 15:43:06","SW3_EVENT136","SW3_EVENT136_N_2025","N","2025","L","SW3",2,"F, M","SW3-F1, SW3-M1_2025","N, N",1
"1219","2025-02-11 15:43:56","SW3_EVENT136","SW3_EVENT136_A_2025","A","2025","L","SW3",2,"F, M","SW3-F1, SW3-M1_2025","N, N",2
"1220","2025-02-12 08:12:28","SW3_EVENT137","SW3_EVENT137_N_2025","N","2025","L","SW3",1,"F","SW3-F1_2025","N",0
"1221","2025-02-12 15:40:46","SW3_EVENT138","SW3_EVENT138_N_2025","N","2025","L","SW3",1,"SM","SW3-SM1_2025","mange",0
"1222","2025-02-12 20:45:30","SW3_EVENT139","SW3_EVENT139_N_2025","N","2025","D","SW3",1,"M","SW3-M1_2025","N",0
"1223","2025-02-13 13:09:40","SW3_EVENT140","SW3_EVENT140_N_2025","N","2025","L","SW3",2,"F, M","SW3-F1, SW3-M1_2025","N, N",0
"1224","2025-02-14 03:06:02","SW3_EVENT141","SW3_EVENT141_N_2025","N","2025","D","SW3",1,"M","SW3-M1_2025","N",0
"1225","2025-02-14 06:26:32","SW3_EVENT142","SW3_EVENT142_A_2025","A","2025","D","SW3",2,"F, M","SW3-F1, SW3-M1_2025","N, N",0
"1226","2025-01-02 19:19:36","SW4_EVENT1","SW4_EVENT1_N_2025","N","2025","D","SW4",1,"F","SW4-F1_2025","N",0
"1227","2025-01-02 23:37:32","SW4_EVENT2","SW4_EVENT2_N_2025","N","2025","D","SW4",1,"F","SW4-F1_2025","N",0
"1228","2025-01-03 14:49:28","SW4_EVENT3","SW4_EVENT3_N_2025","N","2025","L","SW4",1,"M","SW4-M1_2025","N",0
"1229","2025-01-04 15:56:52","SW4_EVENT4","SW4_EVENT4_N_2025","N","2025","L","SW4",1,"M","SW4-M1_2025","N",0
"1230","2025-01-05 12:27:54","SW4_EVENT5","SW4_EVENT5_N_2025","N","2025","L","SW4",3,"F, F, M","SW4-F1, SW4-F2, SW4-M1_2025","N",0
"1231","2025-01-12 01:02:04","SW4_EVENT6","SW4_EVENT6_N_2025","N","2025","D","SW4",1,"M","SW4-M1_2025","N",1
"1232","2025-01-12 01:02:58","SW4_EVENT6","SW4_EVENT6_A_2025","A","2025","D","SW4",1,"M","SW4-M1_2025","N",2
"1233","2025-01-12 07:35:38","SW4_EVENT7","SW4_EVENT7_N_2025","N","2025","D","SW4",1,"M","SW4-M1_2025","N",1
"1234","2025-01-12 07:36:04","SW4_EVENT7","SW4_EVENT7_A_2025","A","2025","D","SW4",1,"M","SW4-M1_2025","N",2
"1235","2025-01-12 09:49:30","SW4_EVENT8","SW4_EVENT8_A_2025","A","2025","L","SW4",2,"F, M","SW4-F2, SW4-M1_2025","N",0
"1236","2025-01-12 22:14:08","SW4_EVENT9","SW4_EVENT9_A_2025","A","2025","D","SW4",1,"F","SW4-F1_2025","N",0
"1237","2025-01-14 09:53:13","SW4_EVENT10","SW4_EVENT10_N_2025","N","2025","L","SW4",2,"F, M","SW4-F2, SW4-M1_2025","N",1
"1238","2025-01-14 09:53:50","SW4_EVENT10","SW4_EVENT10_A_2025","A","2025","L","SW4",2,"F, M","SW4-F2, SW4-M1_2025","N",2
"1239","2025-01-14 14:18:00","SW4_EVENT11","SW4_EVENT11_N_2025","N","2025","L","SW4",1,"M","SW4-M1_2025","N",1
"1240","2025-01-14 14:19:32","SW4_EVENT11","SW4_EVENT11_A_2025","A","2025","L","SW4",1,"M","SW4-M1_2025","N",2
"1241","2025-01-14 14:43:12","SW4_EVENT12","SW4_EVENT12_N_2025","N","2025","L","SW4",1,"M","SW4-M1_2025","N",1
"1242","2025-01-14 14:44:06","SW4_EVENT12","SW4_EVENT12_A_2025","A","2025","L","SW4",1,"M","SW4-M1_2025","N",2
"1243","2025-01-15 17:57:56","SW4_EVENT13","SW4_EVENT13_N_2025","N","2025","D","SW4",2,"F, M","SW4-F2, SW4-M1_2025","N",1
"1244","2025-01-15 17:58:36","SW4_EVENT13","SW4_EVENT13_A_2025","A","2025","D","SW4",2,"F, M","SW4-F2, SW4-M1_2025","N",2
"1245","2025-01-16 02:58:12","SW4_EVENT14","SW4_EVENT14_N_2025","N","2025","D","SW4",2,"F, M","SW4-F2, SW4-M1_2025","N",1
"1246","2025-01-16 02:59:10","SW4_EVENT14","SW4_EVENT14_A_2025","A","2025","D","SW4",2,"F, M","SW4-F2, SW4-M1_2025","N",2
"1247","2025-01-17 00:50:08","SW4_EVENT15","SW4_EVENT15_N_2025","N","2025","D","SW4",1,"F","SW4-F1_2025","N",1
"1248","2025-01-17 00:55:20","SW4_EVENT15","SW4_EVENT15_A_2025","A","2025","D","SW4",1,"F","SW4-F1_2025","N",2
"1249","2025-01-17 02:32:28","SW4_EVENT16","SW4_EVENT16_N_2025","N","2025","D","SW4",1,"F","SW4-F1_2025","N",1
"1250","2025-01-17 02:34:06","SW4_EVENT16","SW4_EVENT16_A_2025","A","2025","D","SW4",1,"F","SW4-F1_2025","N",2
"1251","2025-01-17 05:35:08","SW4_EVENT17","SW4_EVENT17_N_2025","N","2025","D","SW4",2,"F, M","SW4-F2, SW4-M1_2025","N",1
"1252","2025-01-17 05:37:06","SW4_EVENT17","SW4_EVENT17_A_2025","A","2025","D","SW4",2,"F, M","SW4-F2, SW4-M1_2025","N",2
"1253","2025-01-19 12:04:08","SW4_EVENT18","SW4_EVENT18_N_2025","N","2025","L","SW4",1,"U","SW4-U1_2025","slight mange",0
"1254","2025-01-22 06:58:38","SW4_EVENT19","SW4_EVENT19_N_2025","N","2025","D","SW4",1,"F","SW4-F2_2025","N",0
"1255","2025-01-22 10:21:02","SW4_EVENT20","SW4_EVENT20_N_2025","N","2025","L","SW4",1,"M","SW4-M1_2025","N",1
"1256","2025-01-22 10:21:52","SW4_EVENT20","SW4_EVENT20_A_2025","A","2025","L","SW4",1,"M","SW4-M1_2025","N",2
"1257","2025-01-22 18:16:38","SW4_EVENT21","SW4_EVENT21_N_2025","N","2025","D","SW4",1,"M","SW4-M1_2025","N",1
"1258","2025-01-22 18:17:36","SW4_EVENT21","SW4_EVENT21_A_2025","A","2025","D","SW4",1,"M","SW4-M1_2025","N",2
"1259","2025-01-23 20:42:36","SW4_EVENT22","SW4_EVENT22_N_2025","N","2025","D","SW4",1,"M","SW4-M1_2025","N",0
"1260","2025-01-23 22:07:36","SW4_EVENT23","SW4_EVENT23_N_2025","N","2025","D","SW4",2,"F, M","SW4-F2, SW4-M1_2025","N",1
"1261","2025-01-23 22:07:46","SW4_EVENT23","SW4_EVENT23_A_2025","A","2025","D","SW4",2,"F, M","SW4-F2, SW4-M1_2025","N",2
"1262","2025-01-24 04:44:46","SW4_EVENT24","SW4_EVENT24_N_2025","N","2025","D","SW4",1,"F","SW4-F2_2025","N",1
"1263","2025-01-24 04:50:38","SW4_EVENT24","SW4_EVENT24_A_2025","A","2025","D","SW4",1,"F","SW4-F2_2025","N",2
"1264","2025-01-25 03:11:33","SW4_EVENT25","SW4_EVENT25_N_2025","N","2025","D","SW4",1,"F","SW4-F2_2025","N",1
"1265","2025-01-25 03:48:04","SW4_EVENT26","SW4_EVENT26_N_2025","N","2025","D","SW4",2,"F, M","SW4-F2, SW4-M1_2025","N",1
"1266","2025-01-25 03:49:04","SW4_EVENT26","SW4_EVENT26_A_2025","A","2025","D","SW4",2,"F, M","SW4-F2, SW4-M1_2025","N",2
"1267","2025-01-25 19:42:40","SW4_EVENT27","SW4_EVENT27_N_2025","N","2025","D","SW4",1,"F","SW4-F1_2025","N",0
"1268","2025-01-26 21:36:52","SW4_EVENT28","SW4_EVENT28_N_2025","N","2025","D","SW4",1,"F","SW4-F1_2025","N",1
"1269","2025-01-26 21:37:19","SW4_EVENT28","SW4_EVENT28_A_2025","A","2025","D","SW4",1,"F","SW4-F1_2025","N",2
"1270","2025-01-27 19:27:52","SW4_EVENT29","SW4_EVENT29_N_2025","N","2025","D","SW4",2,"F, M","SW4-F2, SW4-M1_2025","N",1
"1271","2025-01-27 19:28:16","SW4_EVENT29","SW4_EVENT29_A_2025","A","2025","D","SW4",2,"F, M","SW4-F2, SW4-M1_2025","N",2
"1272","2025-01-27 21:48:10","SW4_EVENT30","SW4_EVENT30_N_2025","N","2025","D","SW4",2,"F, M","SW4-F2, SW4-M1_2025","N",1
"1273","2025-01-27 21:48:38","SW4_EVENT30","SW4_EVENT30_A_2025","A","2025","D","SW4",2,"F, M","SW4-F2, SW4-M1_2025","N",2
"1274","2025-01-29 05:27:42","SW4_EVENT31","SW4_EVENT31_N_2025","N","2025","D","SW4",1,"F","SW4-F1_2025","N",0
"1275","2025-01-30 04:08:04","SW4_EVENT32","SW4_EVENT32_N_2025","N","2025","D","SW4",1,"F","SW4-F2_2025","N",1
"1276","2025-01-30 04:10:28","SW4_EVENT32","SW4_EVENT32_A_2025","A","2025","D","SW4",1,"F","SW4-F2_2025","N",2
"1277","2025-01-30 05:18:44","SW4_EVENT33","SW4_EVENT33_A_2025","A","2025","D","SW4",2,"F, M","SW4-F2, SW4-M1_2025","N",1
"1278","2025-01-30 05:19:12","SW4_EVENT33","SW4_EVENT33_N_2025","N","2025","D","SW4",2,"F, M","SW4-F2, SW4-M1_2025","N",2
"1279","2025-01-31 05:24:46","SW4_EVENT34","SW4_EVENT34_A_2025","A","2025","D","SW4",2,"F, M","_2025","N",1
"1280","2025-01-31 05:24:51","SW4_EVENT34","SW4_EVENT34_N_2025","N","2025","D","SW4",2,"F, M","_2025","N",2
"1281","2025-01-31 23:27:06","SW4_EVENT35","SW4_EVENT35_N_2025","N","2025","D","SW4",2,"F, M","_2025","N",1
"1282","2025-01-31 23:28:04","SW4_EVENT35","SW4_EVENT35_A_2025","A","2025","D","SW4",2,"F, M","_2025","N",2
"1283","2025-02-01 14:06:20","SW4_EVENT36","SW4_EVENT36_N_2025","N","2025","L","SW4",1,"U","SW4-U1_2025","slight mange",0
"1284","2025-02-01 17:43:24","SW4_EVENT37","SW4_EVENT37_N_2025","N","2025","D","SW4",1,"M","SW4-M1_2025","N",0
"1285","2025-02-01 18:46:18","SW4_EVENT38","SW4_EVENT38_N_2025","N","2025","D","SW4",1,"M","SW4-M1_2025","N",0
"1286","2025-02-02 05:32:28","SW4_EVENT39","SW4_EVENT39_N_2025","N","2025","D","SW4",1,"F","SW4-F2_2025","N",1
"1287","2025-02-02 05:33:26","SW4_EVENT39","SW4_EVENT39_A_2025","A","2025","D","SW4",1,"F","SW4-F2_2025","N",2
"1288","2025-02-03 15:23:34","SW4_EVENT40","SW4_EVENT40_N_2025","N","2025","L","SW4",2,"F, M","SW4-F2, SW4-M1_2025","N",1
"1289","2025-02-03 15:24:50","SW4_EVENT40","SW4_EVENT40_A_2025","A","2025","L","SW4",2,"F, M","SW4-F2, SW4-M1_2025","N",2
"1290","2025-02-10 17:49:06","SW4_EVENT41","SW4_EVENT41_N_2025","N","2025","D","SW4",1,"M","SW4-M1_2025","N",1
"1291","2025-02-10 17:49:58","SW4_EVENT41","SW4_EVENT41_A_2025","A","2025","D","SW4",1,"M","SW4-M1_2025","N",2
"1292","2025-02-10 18:28:06","SW4_EVENT42","SW4_EVENT42_A_2025","A","2025","D","SW4",2,"F, M","SW4-F2, SW4-M1_2025","N",1
"1293","2025-02-10 18:29:56","SW4_EVENT42","SW4_EVENT42_N_2025","N","2025","D","SW4",2,"F, M","SW4-F2, SW4-M1_2025","N",2
"1294","2025-01-03 10:38:34","SW6_EVENT1","SW6_EVENT1_N_2025","N","2025","L","SW6",1,"M","SW6-M1_2025","N",0
"1295","2025-01-03 18:36:54","SW6_EVENT2","SW6_EVENT2_A_2025","A","2025","D","SW6",1,"M","SW6-M1_2025","N",0
"1296","2025-01-03 19:02:16","SW6_EVENT3","SW6_EVENT3_N_2025","N","2025","D","SW6",1,"SF","SW6-SF1_2025","light mange",0
"1297","2025-01-05 06:40:14","SW6_EVENT4","SW6_EVENT4_A_2025","A","2025","D","SW6",1,"M","SW6-M1_2025","N",0
"1298","2025-01-05 16:36:02","SW6_EVENT5","SW6_EVENT5_N_2025","N","2025","L","SW6",1,"SF","SW6-SF1_2025","light mange",1
"1299","2025-01-05 16:37:50","SW6_EVENT5","SW6_EVENT5_A_2025","A","2025","L","SW6",1,"SF","SW6-SF1_2025","light mange",2
"1300","2025-01-05 16:51:36","SW6_EVENT6","SW6_EVENT6_N_2025","N","2025","D","SW6",1,"SF","SW6-SF1_2025","light mange",0
"1301","2025-01-05 20:58:07","SW6_EVENT7","SW6_EVENT7_A_2025","A","2025","D","SW6",1,"M","SW6-M1_2025","N",0
"1302","2025-01-07 06:51:24","SW6_EVENT8","SW6_EVENT8_A_2025","A","2025","D","SW6",1,"U","SW6-U2_2025","N",0
"1303","2025-01-07 20:08:24","SW6_EVENT9","SW6_EVENT9_A_2025","A","2025","D","SW6",1,"U","SW6-U2_2025","N",0
"1304","2025-01-07 23:05:06","SW6_EVENT10","SW6_EVENT10_N_2025","N","2025","D","SW6",1,"F","SW6-F1_2025","N",0
"1305","2025-01-10 06:52:12","SW6_EVENT11","SW6_EVENT11_A_2025","A","2025","D","SW6",1,"F","SW6-F1_2025","N",1
"1306","2025-01-10 06:52:42","SW6_EVENT11","SW6_EVENT11_N_2025","N","2025","D","SW6",1,"F","SW6-F1_2025","N",2
"1307","2025-01-10 11:16:00","SW6_EVENT12","SW6_EVENT12_A_2025","A","2025","L","SW6",1,"M","SW6-M1_2025","N",0
"1308","2025-01-11 20:36:06","SW6_EVENT13","SW6_EVENT13_A_2025","A","2025","D","SW6",1,"M","SW6-M1_2025","N",0
"1309","2025-01-14 14:07:00","SW6_EVENT14","SW6_EVENT14_N_2025","N","2025","L","SW6",1,"SF","SW6-SF1_2025","light mange",0
"1310","2025-01-14 14:48:56","SW6_EVENT15","SW6_EVENT15_A_2025","A","2025","L","SW6",1,"SF","SW6-SF1_2025","light mange",1
"1311","2025-01-14 14:51:18","SW6_EVENT15","SW6_EVENT15_N_2025","N","2025","L","SW6",1,"SF","SW6-SF1_2025","light mange",2
"1312","2025-01-14 17:17:46","SW6_EVENT16","SW6_EVENT16_N_2025","N","2025","D","SW6",1,"M","SW6-M1_2025","N",0
"1313","2025-01-15 19:36:18","SW6_EVENT17","SW6_EVENT17_A_2025","A","2025","D","SW6",1,"M","SW6-M1_2025","N",0
"1314","2025-01-18 14:50:16","SW6_EVENT18","SW6_EVENT18_N_2025","N","2025","L","SW6",1,"M","SW6-M1_2025","N",0
"1315","2025-01-20 12:42:36","SW6_EVENT19","SW6_EVENT19_N_2025","N","2025","L","SW6",1,"M","SW6-M1_2025","N",0
"1316","2025-01-23 09:52:10","SW6_EVENT20","SW6_EVENT20_N_2025","N","2025","L","SW6",1,"M","SW6-M1_2025","N",0
"1317","2025-01-29 05:01:44","SW6_EVENT21","SW6_EVENT21_N_2025","N","2025","D","SW6",1,"F","SW6-F1_2025","N",0
"1318","2025-01-29 08:10:28","SW6_EVENT22","SW6_EVENT22_N_2025","N","2025","D","SW6",1,"M","SW6-M1_2025","N",0
"1319","2025-01-29 12:14:58","SW6_EVENT23","SW6_EVENT23_N_2025","N","2025","L","SW6",1,"F","SW6-F1_2025","N",0
"1320","2025-02-02 00:58:54","SW6_EVENT24","SW6_EVENT24_A_2025","A","2025","D","SW6",1,"M","SW6-M1_2025","N",0
"1321","2025-02-03 12:53:26","SW6_EVENT25","SW6_EVENT25_A_2025","A","2025","L","SW6",2,"SF, M","SW6-SF1, SW6-M1_2025","light mange, N",0
"1322","2025-02-05 21:28:44","SW6_EVENT26","SW6_EVENT26_A_2025","A","2025","D","SW6",1,"M","SW6-M1_2025","N",0
"1323","2025-02-06 17:30:18","SW6_EVENT27","SW6_EVENT27_A_2025","A","2025","L","SW6",1,"U","SW6-U1_2025","mangey butt",0
"1324","2025-02-06 20:19:32","SW6_EVENT28","SW6_EVENT28_A_2025","A","2025","D","SW6",1,"M","SW6-M1_2025","N",0
"1325","2025-02-12 00:39:02","SW6_EVENT29","SW6_EVENT29_A_2025","A","2025","D","SW6",1,"SF","SW6-SF1_2025","light mange",0
"1326","2025-02-12 13:10:18","SW6_EVENT30","SW6_EVENT30_A_2025","A","2025","L","SW6",1,"M","SW6-M1_2025","N",0
"1327","2025-02-13 17:45:48","SW6_EVENT31","SW6_EVENT31_A_2025","A","2025","L","SW6",1,"M","SW6-M1_2025","N",0
"1328","2025-02-13 18:02:36","SW6_EVENT32","SW6_EVENT32_A_2025","A","2025","D","SW6",1,"SF","SW6-SF1_2025","light mange",0
"1329","2023-02-09 01:47:00","SW8_EVENT1","SW8_EVENT1_A_2025","A","2025","D","SW8",1,"U","SW8-U1_2025","N",0
"1330","2023-02-10 16:57:20","SW8_EVENT2","SW8_EVENT2_A_2025","A","2025","L","SW8",1,"SM","SW8-SM1_2025","light mange",0
"1331","2023-02-11 01:39:00","SW8_EVENT3","SW8_EVENT3_A_2025","A","2025","D","SW8",1,"SF","SW8-SF1_2025","N",0
"1332","2025-01-15 00:24:46","SW8_EVENT4","SW8_EVENT4_A_2025","A","2025","D","SW8",1,"SF","SW8-SF1_2025","N",0
"1333","2025-01-15 21:20:24","SW8_EVENT5","SW8_EVENT5_A_2025","A","2025","D","SW8",1,"SF","SW8-SF1_2025","N",0
"1334","2025-01-16 06:21:32","SW8_EVENT6","SW8_EVENT6_A_2025","A","2025","D","SW8",1,"SF","SW8-SF1_2025","N",0
"1335","2025-01-28 07:50:36","SW8_EVENT7","SW8_EVENT7_N_2025","N","2025","D","SW8",1,"SF","SW8-SF1_2025","N",0
"1336","2025-02-01 13:14:04","SW8_EVENT8","SW8_EVENT8_N_2025","N","2025","L","SW8",1,"SM","SW8-SM1_2025","light mange",1
"1337","2025-02-01 13:15:02","SW8_EVENT8","SW8_EVENT8_A_2025","A","2025","L","SW8",1,"SM","SW8-SM1_2025","light mange",2
"1338","2025-02-01 13:48:42","SW8_EVENT9","SW8_EVENT9_N_2025","N","2025","L","SW8",1,"SM","SW8-SM1_2025","light mange",1
"1339","2025-02-01 13:50:38","SW8_EVENT9","SW8_EVENT9_A_2025","A","2025","L","SW8",1,"SM","SW8-SM1_2025","light mange",2
"1340","2025-02-04 03:57:22","SW8_EVENT10","SW8_EVENT10_N_2025","N","2025","L","SW8",1,"U","SW8-U1_2025","N",0
"1341","2025-02-10 13:37:16","SW8_EVENT11","SW8_EVENT11_N_2025","N","2025","D","SW8",1,"SF","SW8-SF1_2025","N",0
"1342","2025-02-11 06:55:02","SW8_EVENT12","SW8_EVENT12_N_2025","N","2025","D","SW8",1,"SF","SW8-SF1_2025","N",0
"1343","2025-02-20 00:06:44","E1_EVENT1","E1_EVENT1_N_2025","N","2025","D","E1",1,"SM","E1-SM1_2025","N",0
"1344","2025-02-21 05:36:48","E1_EVENT2","E1_EVENT2_N_2025","N","2025","D","E1",1,"SF","E1-SF1_2025","one blind eye",0
"1345","2025-02-23 04:59:16","E1_EVENT3","E1_EVENT3_N_2025","N","2025","D","E1",1,"SM","E1-SM1_2025","N",0
"1346","2025-03-11 09:13:10","E1_EVENT4","E1_EVENT4_N_2025","N","2025","L","E1",1,"SM","E1-SM2_2025","N",0
"1347","2025-03-24 02:38:24","E1_EVENT5","E1_EVENT5_N_2025","N","2025","D","E1",1,"U","E1-U1_2025","N",0
"1348","2025-04-07 23:13:36","E1_EVENT6","E1_EVENT6_N_2025","N","2025","D","E1",1,"SM","E1-SM2_2025","N",0
"1349","2025-04-10 05:45:38","E1_EVENT7","E1_EVENT7_N_2025","N","2025","L","E1",1,"U","E1-U1_2025","N",0
"1350","2025-02-17 18:20:06","E2_EVENT1","E2_EVENT1_A_2025","A","2025","D","E2",1,"M","E2-M1_2025","N",2
"1351","2025-02-17 18:20:24","E2_EVENT1","E2_EVENT1_N_2025","N","2025","D","E2",1,"M","E2-M1_2025","N",1
"1352","2025-02-19 18:58:00","E2_EVENT2","E2_EVENT2_N_2025","N","2025","D","E2",1,"F","E2-F1_2025","N",0
"1353","2025-02-20 15:00:28","E2_EVENT3","E2_EVENT3_N_2025","N","2025","L","E2",1,"F","E2-F1_2025","N",0
"1354","2025-02-21 00:45:00","E2_EVENT4","E2_EVENT4_N_2025","N","2025","D","E2",1,"M","E2-M1_2025","N",0
"1355","2025-02-21 00:58:30","E2_EVENT5","E2_EVENT5_N_2025","N","2025","D","E2",1,"M","E2-M1_2025","N",0
"1356","2025-02-22 20:56:52","E2_EVENT6","E2_EVENT6_N_2025","N","2025","D","E2",1,"M","E2-M1_2025","N",0
"1357","2025-02-27 23:08:06","E2_EVENT7","E2_EVENT7_N_2025","N","2025","D","E2",1,"F","E2-F1_2025","N",1
"1358","2025-02-27 23:08:06","E2_EVENT7","E2_EVENT7_A_2025","A","2025","D","E2",1,"F","E2-F1_2025","N",2
"1359","2025-02-28 17:14:38","E2_EVENT8","E2_EVENT8_A_2025","A","2025","L","E2",2,"F, M","E2-F1, E2-M1_2025","N",0
"1360","2025-02-28 20:00:16","E2_EVENT9","E2_EVENT9_N_2025","N","2025","D","E2",1,"U","E2-U1_2025","N",0
"1361","2025-03-05 04:08:48","E2_EVENT10","E2_EVENT10_A_2025","A","2025","D","E2",1,"U","E2-U1_2025","N",0
"1362","2025-03-07 08:00:44","E2_EVENT11","E2_EVENT11_A_2025","A","2025","L","E2",1,"F","E2-F1_2025","N",2
"1363","2025-03-07 08:00:58","E2_EVENT11","E2_EVENT11_N_2025","N","2025","L","E2",1,"F","E2-F1_2025","N",1
"1364","2025-03-08 23:56:00","E2_EVENT12","E2_EVENT12_A_2025","A","2025","D","E2",2,"F, M","E2-F1, E2-M1_2025","N",0
"1365","2025-03-21 22:35:00","E2_EVENT13","E2_EVENT13_N_2025","N","2025","D","E2",1,"U","E2-U3_2025","N",0
"1366","2025-03-23 07:51:00","E2_EVENT14","E2_EVENT14_A_2025","A","2025","L","E2",1,"F","E2-F1_2025","N",2
"1367","2025-03-23 07:51:06","E2_EVENT14","E2_EVENT14_N_2025","N","2025","L","E2",1,"F","E2-F1_2025","N",1
"1368","2025-03-23 08:30:24","E2_EVENT15","E2_EVENT15_A_2025","A","2025","L","E2",1,"M","E2-M1_2025","N",2
"1369","2025-03-23 08:30:30","E2_EVENT15","E2_EVENT15_N_2025","N","2025","L","E2",1,"M","E2-M1_2025","N",1
"1370","2025-03-29 23:42:56","E2_EVENT16","E2_EVENT16_A_2025","A","2025","D","E2",1,"U","E2-U3_2025","N",0
"1371","2025-04-14 11:19:34","E2_EVENT17","E2_EVENT17_A_2025","A","2025","L","E2",1,"SM","E2-SM1_2025","subtle tail mange or scruff",0
"1372","2025-04-14 20:34:18","E2_EVENT18","E2_EVENT18_A_2025","A","2025","D","E2",1,"SM","E2-SM1_2025","subtle tail mange or scruff",0
"1373","2025-04-15 04:07:40","E2_EVENT19","E2_EVENT19_A_2025","A","2025","D","E2",1,"SM","E2-SM1_2025","subtle tail mange or scruff",0
"1374","2025-04-16 01:56:04","E2_EVENT20","E2_EVENT20_A_2025","A","2025","D","E2",1,"SM","E2-SM1_2025","subtle tail mange or scruff",0
"1375","2025-04-16 02:43:48","E2_EVENT21","E2_EVENT21_A_2025","A","2025","D","E2",1,"SM","E2-SM1_2025","subtle tail mange or scruff",0
"1376","2025-04-17 22:43:18","E2_EVENT22","E2_EVENT22_A_2025","A","2025","D","E2",1,"SM","E2-SM1_2025","subtle tail mange or scruff",0
"1377","2025-02-20 18:17:34","E4_EVENT1","E4_EVENT1_A_2025","A","2025","D","E4",2,"M, F","E4-F1, E4-M1_2025","N",0
"1378","2025-02-24 07:28:18","E4_EVENT2","E4_EVENT2_N_2025","N","2025","L","E4",1,"F","E4-F1_2025","N",1
"1379","2025-02-24 07:29:50","E4_EVENT2","E4_EVENT2_A_2025","A","2025","L","E4",1,"F","E4-F1_2025","N",2
"1380","2025-02-26 01:09:30","E4_EVENT3","E4_EVENT3_N_2025","N","2025","D","E4",1,"U","E4-U1_2025","N",0
"1381","2025-02-28 08:49:42","E4_EVENT4","E4_EVENT4_N_2025","N","2025","L","E4",1,"U","E4-U1_2025","N",0
"1382","2025-03-06 10:16:42","E4_EVENT5","E4_EVENT5_N_2025","N","2025","L","E4",1,"F","E4-F1_2025","N",1
"1383","2025-03-06 10:17:32","E4_EVENT5","E4_EVENT5_A_2025","A","2025","L","E4",1,"F","E4-F1_2025","N",2
"1384","2025-03-07 19:12:44","E4_EVENT6","E4_EVENT6_N_2025","N","2025","D","E4",1,"M","E4-M1_2025","N",0
"1385","2025-03-12 22:26:18","E4_EVENT7","E4_EVENT7_N_2025","N","2025","D","E4",1,"SM","E4-SM1_2025","mangey tail",0
"1386","2025-03-21 23:22:08","E4_EVENT8","E4_EVENT8_A_2025","A","2025","D","E4",1,"SM","E4-SM1_2025","mangey tail",1
"1387","2025-03-21 23:22:18","E4_EVENT8","E4_EVENT8_N_2025","N","2025","D","E4",1,"SM","E4-SM1_2025","mangey tail",2
"1388","2025-03-22 22:25:14","E4_EVENT9","E4_EVENT9_N_2025","N","2025","D","E4",1,"U","E4-U1_2025","N",0
"1389","2025-03-23 02:23:42","E4_EVENT10","E4_EVENT10_N_2025","N","2025","D","E4",1,"U","E4-U1_2025","N",0
"1390","2025-04-02 17:37:00","E4_EVENT11","E4_EVENT11_A_2025","A","2025","L","E4",1,"U","E4-U1_2025","N",1
"1391","2025-04-02 17:38:20","E4_EVENT11","E4_EVENT11_N_2025","N","2025","L","E4",1,"U","E4-U1_2025","N",2
"1392","2025-04-02 17:52:08","E4_EVENT12","E4_EVENT12_A_2025","A","2025","L","E4",1,"U","E4-U1_2025","N",1
"1393","2025-04-02 17:52:20","E4_EVENT12","E4_EVENT12_N_2025","N","2025","L","E4",1,"U","E4-U1_2025","N",2
"1394","2025-04-16 00:04:46","E4_EVENT13","E4_EVENT13_A_2025","A","2025","D","E4",1,"F","E4-F1_2025","N",0
"1395","2025-04-16 20:31:18","E4_EVENT14","E4_EVENT14_N_2025","N","2025","D","E4",2,"M, F","E4-F1, E4-M1_2025","N",0
"1396","2025-03-05 21:57:00","E5_EVENT1","E5_EVENT1_A_2025","A","2025","D","E5",1,"U","E5-U1_2025","N",0
"1397","2025-03-09 22:42:06","E6_EVENT1","E6_EVENT1_A_2025","A","2025","D","E6",1,"SM","E6-SM1_2025","N",0
"1398","2025-03-20 07:43:40","E6_EVENT2","E6_EVENT2_A_2025","A","2025","L","E6",2,"F, M","E6-F1, E6-M1_2025","N",1
"1399","2025-03-20 07:43:50","E6_EVENT2","E6_EVENT2_N_2025","N","2025","L","E6",2,"F, M","E6-F1, E6-M1_2025","N",2
"1400","2025-03-23 07:00:40","E6_EVENT3","E6_EVENT3_A_2025","A","2025","L","E6",3,"F, M, SM","E6-F1, E6-M1, E6-SM1_2025","N",1
"1401","2025-03-23 07:01:46","E6_EVENT3","E6_EVENT3_N_2025","N","2025","L","E6",3,"F, M, SM","E6-F1, E6-M1, E6-SM1_2025","N",2
"1402","2025-04-07 20:03:02","E6_EVENT4","E6_EVENT4_A_2025","A","2025","D","E6",1,"SM","E6-SM1_2025","N",0
"1403","2025-04-08 17:31:10","E6_EVENT5","E6_EVENT5_N_2025","N","2025","L","E6",1,"U","E6-U1_2025","N",0
"1404","2025-02-17 19:05:52","E7_EVENT1","E7_EVENT1_N_2025","N","2025","D","E7",1,"SF","E7-SF1_2025","N",0
"1405","2025-02-17 21:47:30","E7_EVENT2","E7_EVENT2_N_2025","N","2025","D","E7",1,"SF","E7-SF1_2025","N",0
"1406","2025-02-24 19:17:18","E7_EVENT3","E7_EVENT3_N_2025","N","2025","D","E7",1,"SF","E7-SF1_2025","N",0
"1407","2025-02-25 01:07:36","E7_EVENT4","E7_EVENT4_N_2025","N","2025","D","E7",1,"M","E7-M1_2025","mange?",0
"1408","2025-03-04 01:15:10","E7_EVENT5","E7_EVENT5_N_2025","N","2025","D","E7",1,"SM","E7-SM1_2025","super mangey tail",0
"1409","2025-03-04 01:15:22","E7_EVENT6","E7_EVENT6_A_2025","A","2025","D","E7",1,"U","E7-U1_2025","N",0
"1410","2025-03-06 18:36:48","E7_EVENT7","E7_EVENT7_N_2025","N","2025","D","E7",1,"SF","E7-SF1_2025","N",0
"1411","2025-03-07 00:08:52","E7_EVENT8","E7_EVENT8_N_2025","N","2025","D","E7",1,"SF","E7-SF2_2025","mange",0
"1412","2025-03-21 04:15:30","E7_EVENT9","E7_EVENT9_N_2025","N","2025","D","E7",1,"SM","E7-SM1_2025","mange",0
"1413","2025-03-23 22:01:52","E7_EVENT10","E7_EVENT10_N_2025","N","2025","D","E7",1,"SF","E7-SF3_2025","one eye blind",0
"1414","2025-03-24 03:51:40","E7_EVENT11","E7_EVENT11_N_2025","N","2025","D","E7",1,"SF","E7-SF1_2025","N",0
"1415","2025-03-29 22:08:50","E7_EVENT12","E7_EVENT12_A_2025","A","2025","D","E7",2,"SF, U","E7-SF1, E7-U1_2025","N, N",0
"1416","2025-03-29 23:04:46","E7_EVENT13","E7_EVENT13_A_2025","A","2025","D","E7",1,"M","E7-M1_2025","mange?",0
"1417","2025-04-12 00:56:40","E7_EVENT14","E7_EVENT14_A_2025","A","2025","D","E7",1,"U","E7-U1_2025","N",0
"1418","2025-01-05 19:18:58","E8_EVENT1","E8_EVENT1_A_2025","A","2025","D","E8",1,"M","E8-M1_2025","N",1
"1419","2025-01-05 19:19:00","E8_EVENT1","E8_EVENT1_N_2025","N","2025","D","E8",1,"M","E8-M1_2025","N",2
"1420","2025-01-05 22:12:16","E8_EVENT2","E8_EVENT2_N_2025","N","2025","D","E8",1,"SF","E8-SF1_2025","N",0
"1421","2025-01-12 20:31:50","E8_EVENT3","E8_EVENT3_N_2025","N","2025","D","E8",1,"M","E8-SM1_2025","N",0
"1422","2025-01-15 17:52:04","E8_EVENT4","E8_EVENT4_N_2025","N","2025","D","E8",1,"U","E8-U1_2025","N",0
"1423","2025-01-26 13:36:52","E8_EVENT5","E8_EVENT5_N_2025","N","2025","L","E8",1,"U","E8-U2_2025","slight limp",0
"1424","2025-02-01 18:55:32","E8_EVENT6","E8_EVENT6_N_2025","N","2025","D","E8",1,"U","E8-U3_2025","N",0
"1425","2025-02-01 19:49:38","E8_EVENT7","E8_EVENT7_A_2025","A","2025","D","E8",2,"F + M","E8-F1 + E8-M1_2025","N",1
"1426","2025-02-01 19:50:06","E8_EVENT7","E8_EVENT7_W_2025","W","2025","D","E8",2,"F + M","E8-F1 + E8-M1_2025","N",2
"1427","2025-02-03 14:45:48","E8_EVENT8","E8_EVENT8_N_2025","N","2025","L","E8",1,"U","E8-U2_2025","slight limp",0
"1428","2025-01-05 17:52:06","E9_EVENT1","E9_EVENT1_A_2025","A","2025","D","E9",1,"U","E9-U1_2025","N",0
"1429","2025-01-06 02:20:36","E9_EVENT2","E9_EVENT2_A_2025","A","2025","D","E9",1,"U","E9-U2_2025","N",0
"1430","2025-01-09 06:29:40","E9_EVENT3","E9_EVENT3_A_2025","A","2025","D","E9",1,"U","E9-U3_2025","N",0
"1431","2025-01-12 00:30:54","E9_EVENT4","E9_EVENT4_A_2025","A","2025","D","E9",2,"F + M","E9-F1 + E9-M1_2025","N",0
"1432","2025-01-25 23:05:32","E9_EVENT5","E9_EVENT5_A_2025","A","2025","D","E9",1,"U","E9-U4_2025","limp",0
"1433","2025-02-08 14:27:28","E9_EVENT6","E9_EVENT6_A_2025","A","2025","D","E9",1,"U","E9-U3_2025","N",0
"1434","2025-01-15 08:36:46","E10_EVENT1","E10_EVENT1_W_2025","W","2025","L","E10",1,"U","E10-U1_2025","N",0
"1435","2025-02-03 20:54:42","E10_EVENT2","E10_EVENT2_A_2025","A","2025","D","E10",1,"U","E10-U2_2025","N",0
"1436","2025-01-05 04:45:04","E12_EVENT1","E12_EVENT1_W_2025","W","2025","D","E12",1,"U","E12-U1_2025","N",0
"1437","2025-01-12 11:20:06","E13_EVENT1","E13_EVENT1_W_2025","W","2025","L","E13",1,"U","E13-U1_2025","N",0
"1438","2025-01-22 20:04:14","E13_EVENT2","E13_EVENT2_W_2025","W","2025","D","E13",1,"SM","E13-SM1_2025","N",1
"1439","2025-01-22 20:04:56","E13_EVENT2","E13_EVENT2_A_2025","A","2025","D","E13",1,"SM","E13-SM1_2025","N",2
"1440","2025-01-22 20:14:38","E13_EVENT3","E13_EVENT3_W_2025","W","2025","D","E13",1,"SF","E13-SF1_2025","N",1
"1441","2025-01-22 20:15:22","E13_EVENT3","E13_EVENT3_A_2025","A","2025","D","E13",1,"SF","E13-SF1_2025","N",2
"1442","2025-01-23 05:42:06","E14_EVENT1","E14_EVENT1_N_2025","N","2025","D","E14",1,"U","E14-U1_2025","N",0
"1443","2025-01-01 00:39:22","E15_EVENT1","E15_EVENT1_A_2025","A","2025","D","E15",1,"U","E15-U1_2025","N",0
"1444","2025-01-02 20:18:42","E15_EVENT2","E15_EVENT2_A_2025","A","2025","D","E15",1,"U","E15-U2_2025","N",1
"1445","2025-01-02 20:18:44","E15_EVENT2","E15_EVENT2_W_2025","W","2025","D","E15",1,"U","E15-U2_2025","N",2
"1446","2025-01-03 17:22:34","E15_EVENT3","E15_EVENT3_W_2025","W","2025","D","E15",1,"SM","E15-SM1_2025","N",0
"1447","2025-01-07 04:01:56","E15_EVENT4","E15_EVENT4_A_2025","A","2025","D","E15",1,"SF","E15-SF1_2025","blind in one eye",0
"1448","2025-01-17 07:20:04","E15_EVENT5","E15_EVENT5_A_2025","A","2025","D","E15",1,"SM","E15-SM1_2025","N",0
"1449","2025-01-25 20:49:38","E15_EVENT6","E15_EVENT6_W_2025","W","2025","D","E15",1,"U","E15-U1_2025","N",0
"1450","2025-02-25 21:47:30","E16_EVENT1","E16_EVENT1_A_2025","A","2025","D","E16",1,"SM","E16-SM1_2025","a little rough",1
"1451","2025-02-25 21:47:52","E16_EVENT1","E16_EVENT1_N_2025","N","2025","D","E16",1,"SM","E16-SM1_2025","a little rough",2
"1452","2025-03-01 03:23:36","E16_EVENT2","E16_EVENT2_A_2025","A","2025","D","E16",1,"M","E16-M1_2025","N",1
"1453","2025-03-01 03:23:52","E16_EVENT2","E16_EVENT2_N_2025","N","2025","D","E16",1,"M","E16-M1_2025","N",2
"1454","2025-03-02 02:16:58","E16_EVENT3","E16_EVENT3_A_2025","A","2025","D","E16",1,"SM","E16-SM1_2025","a little rough",1
"1455","2025-03-02 02:17:10","E16_EVENT3","E16_EVENT3_N_2025","N","2025","D","E16",1,"SM","E16-SM1_2025","a little rough",2
"1456","2025-03-02 04:13:06","E16_EVENT4","E16_EVENT4_N_2025","N","2025","D","E16",1,"SM","E16-SM1_2025","a little rough",0
"1457","2025-03-03 11:34:10","E16_EVENT5","E16_EVENT5_A_2025","A","2025","L","E16",1,"M","E16-M1_2025","N",1
"1458","2025-03-03 11:34:32","E16_EVENT5","E16_EVENT5_N_2025","N","2025","L","E16",1,"M","E16-M1_2025","N",2
"1459","2025-03-03 19:35:56","E16_EVENT6","E16_EVENT6_A_2025","A","2025","D","E16",1,"SM","E16-SM1_2025","a little rough",0
"1460","2025-03-05 03:37:00","E16_EVENT7","E16_EVENT7_A_2025","A","2025","D","E16",1,"M","E16-M1_2025","N",1
"1461","2025-03-05 03:37:06","E16_EVENT7","E16_EVENT7_N_2025","N","2025","D","E16",1,"M","E16-M1_2025","N",2
"1462","2025-03-05 22:06:48","E16_EVENT8","E16_EVENT8_A_2025","A","2025","D","E16",1,"M","E16-M1_2025","N",1
"1463","2025-03-05 22:07:02","E16_EVENT8","E16_EVENT8_N_2025","N","2025","D","E16",1,"M","E16-M1_2025","N",2
"1464","2025-03-05 22:14:14","E16_EVENT9","E16_EVENT9_A_2025","A","2025","D","E16",1,"SM","E16-SM1_2025","a little rough",1
"1465","2025-03-05 22:14:30","E16_EVENT9","E16_EVENT9_N_2025","N","2025","D","E16",1,"SM","E16-SM1_2025","a little rough",2
"1466","2025-03-11 01:47:44","E16_EVENT10","E16_EVENT10_A_2025","A","2025","D","E16",1,"SF","E16-SF1_2025","N",1
"1467","2025-03-11 01:48:04","E16_EVENT10","E16_EVENT10_N_2025","N","2025","D","E16",1,"SF","E16-SF1_2025","N",2
"1468","2025-03-11 01:56:04","E16_EVENT11","E16_EVENT11_A_2025","A","2025","D","E16",1,"SF","E16-SF1_2025","N",1
"1469","2025-03-11 01:57:06","E16_EVENT11","E16_EVENT11_N_2025","N","2025","D","E16",1,"SF","E16-SF1_2025","N",2
"1470","2025-03-12 04:23:40","E16_EVENT12","E16_EVENT12_A_2025","A","2025","D","E16",1,"SF","E16-SF1_2025","N",1
"1471","2025-03-12 04:23:58","E16_EVENT12","E16_EVENT12_N_2025","N","2025","D","E16",1,"SF","E16-SF1_2025","N",2
"1472","2025-03-18 04:05:08","E16_EVENT13","E16_EVENT13_A_2025","A","2025","D","E16",2,"SM, SF","E16-SM1, E16-SF2_2025","a little rough, mangey tail",1
"1473","2025-03-18 04:05:30","E16_EVENT13","E16_EVENT13_N_2025","N","2025","D","E16",2,"SM, SF","E16-SM1, E16-SF2_2025","a little rough, mangey tail",2
"1474","2025-03-23 01:51:46","E16_EVENT14","E16_EVENT14_N_2025","N","2025","D","E16",1,"SF","E16-SF1_2025","N",1
"1475","2025-03-23 01:52:14","E16_EVENT14","E16_EVENT14_A_2025","A","2025","D","E16",1,"SF","E16-SF1_2025","N",2
"1476","2025-03-31 04:01:26","E16_EVENT15","E16_EVENT15_A_2025","A","2025","D","E16",1,"SF","E16-SF2_2025","mangey tail",0
"1477","2025-04-03 22:54:02","E16_EVENT16","E16_EVENT16_N_2025","N","2025","D","E16",1,"U","E16-U1_2025","N",0
"1478","2025-04-04 09:14:02","E16_EVENT17","E16_EVENT17_N_2025","N","2025","L","E16",1,"M","E16-M1_2025","N",0
"1479","2025-04-14 00:33:10","E16_EVENT18","E16_EVENT18_A_2025","A","2025","D","E16",1,"M","E16-M1_2025","N",1
"1480","2025-04-14 00:33:52","E16_EVENT18","E16_EVENT18_N_2025","N","2025","D","E16",1,"M","E16-M1_2025","N",2
"1481","2025-04-15 07:48:06","E16_EVENT19","E16_EVENT19_N_2025","N","2025","D","E16",1,"M","E16-M1_2025","N",0
"1482","2025-04-16 20:38:46","E16_EVENT20","E16_EVENT20_A_2025","A","2025","D","E16",1,"U","E16-U1_2025","N",1
"1483","2025-04-16 20:39:20","E16_EVENT20","E16_EVENT20_N_2025","N","2025","D","E16",1,"U","E16-U1_2025","N",2
"1484","2025-04-16 22:47:20","E16_EVENT21","E16_EVENT21_A_2025","A","2025","D","E16",1,"M","E16-M2_2025","limping",1
"1485","2025-04-16 22:47:44","E16_EVENT21","E16_EVENT21_N_2025","N","2025","D","E16",1,"M","E16-M2_2025","limping",2
"1486","2025-04-17 03:43:24","E16_EVENT22","E16_EVENT22_A_2025","A","2025","D","E16",1,"M","E16-M1_2025","N",1
"1487","2025-04-17 03:43:54","E16_EVENT22","E16_EVENT22_N_2025","N","2025","D","E16",1,"M","E16-M1_2025","N",2
"1488","2025-04-18 04:09:32","E16_EVENT23","E16_EVENT23_N_2025","N","2025","D","E16",1,"M","E16-M1_2025","N",0
