"","Contact_duration","Inv_duration","Behav_Complexity","Lope","Solves","Orient","SiteID","EventID_Year_Subject","EventID_Year","PuzzleType","Year","Light","GroupSize","urbanization_score","urbanization","Sex","DateTime","temp","SiteSequence","Subject","Disease","Road.density","pop_density","ANTH","NAT","Nat50","Nat100","Nat250"
"1",0,0,NA,0,0,"Y","E10","E10_EVENT1_W_2025_E10-U1","E10_EVENT1_W_2025","W","2025","L",1,NA,"Wild","U","2025-01-15 08:36:46",3.6,"1","E10-U1_2025","N",NA,NA,NA,NA,NA,NA,NA
"2",0,0,NA,0,0,"N","E10","E10_EVENT1_W_2024_E10-M1","E10_EVENT1_W_2024","W","2024","L",1,NA,"Wild","M"," 2024-03-01 15:25:06",-15.1,"1","E10-M1_2024","N",NA,NA,NA,NA,NA,NA,NA
"3",0,0,NA,1,0,"Y","E10","E10_EVENT2_A_2025_E10-U2","E10_EVENT2_A_2025","A","2025","D",1,NA,"Wild","U","2025-02-03 20:54:42",-26.8,"2","E10-U2_2025","N",NA,NA,NA,NA,NA,NA,NA
"4",0,0,NA,0,0,"Y","E10","E10_EVENT2_W_2024_E10-F1","E10_EVENT2_W_2024","W","2024","L",1,NA,"Wild","F"," 2024-03-03 16:24:08",-18.4,"2","E10-F1_2024","N",NA,NA,NA,NA,NA,NA,NA
"5",0,0,NA,0,0,"N","E10","E10_EVENT3_W_2024_E10-U1","E10_EVENT3_W_2024","W","2024","D",1,NA,"Wild","U"," 2024-03-22 02:38:46",-8.4,"3","E10-U1_2024","N",NA,NA,NA,NA,NA,NA,NA
"6",0,1.286,NA,1,0,"Y","E11","E11_EVENT10_W_2024_E11-M2","E11_EVENT10_W_2024","W","2024","D",1,NA,"Wild","M"," 2024-03-23 04:19:30",-6.3,"10","E11-M2_2024","N",NA,NA,NA,NA,NA,NA,NA
"7",0,0,NA,0,0,"N","E11","E11_EVENT11_A_2024_E11-M2","E11_EVENT11_A_2024","A","2024","D",1,NA,"Wild","M"," 2024-03-26 20:56:36",-3.3,"11","E11-M2_2024","N",NA,NA,NA,NA,NA,NA,NA
"8",0,0,NA,1,0,"Y","E11","E11_EVENT11_W_2024_E11-M2","E11_EVENT11_W_2024","W","2024","D",1,NA,"Wild","M"," 2024-03-26 20:56:38",-3.3,"11","E11-M2_2024","N",NA,NA,NA,NA,NA,NA,NA
"9",0.464,4.464,1,0,0,"Y","E11","E11_EVENT12_A_2024_E11-M3","E11_EVENT12_A_2024","A","2024","L",1,NA,"Wild","M"," 2024-03-29 17:52:26",-4.9,"12","E11-M3_2024","N",NA,NA,NA,NA,NA,NA,NA
"10",0,0,NA,0,0,"Y","E11","E11_EVENT13_A_2024_E11-F1","E11_EVENT13_A_2024","A","2024","D",1,NA,"Wild","F"," 2024-03-30 04:10:26",-3.2,"13","E11-F1_2024","Y",NA,NA,NA,NA,NA,NA,NA
"11",0,0,NA,0,0,"Y","E11","E11_EVENT14_A_2024_E11-M4","E11_EVENT14_A_2024","A","2024","D",1,NA,"Wild","M"," 2024-04-01 05:10:40",7,"14","E11-M4_2024","N",NA,NA,NA,NA,NA,NA,NA
"12",0,15.321,NA,1,0,"Y","E11","E11_EVENT1_A_2024_E11-SM1","E11_EVENT1_A_2024","A","2024","D",1,NA,"Wild","SM"," 2024-03-17 03:45:28",7.5,"1","E11-SM1_2024","N",NA,NA,NA,NA,NA,NA,NA
"13",0,0,NA,0,0,"N","E11","E11_EVENT2_A_2024_E11-U1","E11_EVENT2_A_2024","A","2024","L",1,NA,"Wild","U"," 2024-03-17 07:25:20",7.5,"2","E11-U1_2024","N",NA,NA,NA,NA,NA,NA,NA
"14",0,0,NA,0,0,"N","E11","E11_EVENT3_W_2024_E11-U2","E11_EVENT3_W_2024","W","2024","L",1,NA,"Wild","U"," 2024-03-19 13:29:46",-0.3,"3","E11-U2_2024","N",NA,NA,NA,NA,NA,NA,NA
"15",0,0,NA,0,0,"Y","E11","E11_EVENT4_A_2024_E11-M1","E11_EVENT4_A_2024","A","2024","D",1,NA,"Wild","M"," 2024-03-21 02:58:30",-5.6,"4","E11-M1_2024","N",NA,NA,NA,NA,NA,NA,NA
"16",0,0,NA,0,0,"N","E11","E11_EVENT5_W_2024_E11-U3","E11_EVENT5_W_2024","W","2024","L",1,NA,"Wild","U"," 2024-03-22 06:27:58",-8.4,"5","E11-U3_2024","Y",NA,NA,NA,NA,NA,NA,NA
"17",0,7.751,NA,0,0,"Y","E11","E11_EVENT6_A_2024_E11-F1","E11_EVENT6_A_2024","A","2024","L",1,NA,"Wild","F"," 2024-03-22 17:52:28",-8.4,"6","E11-F1_2024","Y",NA,NA,NA,NA,NA,NA,NA
"18",0,0,NA,0,0,"N","E11","E11_EVENT7_A_2024_E11-M2","E11_EVENT7_A_2024","A","2024","D",1,NA,"Wild","M"," 2024-03-22 21:31:28",-8.4,"7","E11-M2_2024","N",NA,NA,NA,NA,NA,NA,NA
"19",0,18.536,NA,0,0,"Y","E11","E11_EVENT8_A_2024_E11-F1","E11_EVENT8_A_2024","A","2024","D",4,NA,"Wild","F"," 2024-03-22 22:24:32",-8.4,"8","E11-F1_2024","Y",NA,NA,NA,NA,NA,NA,NA
"20",0,0,NA,0,0,"Y","E11","E11_EVENT8_A_2024_E11-F2","E11_EVENT8_A_2024","A","2024","D",4,NA,"Wild","F"," 2024-03-22 22:24:32",-8.4,"8","E11-F2_2024","N",NA,NA,NA,NA,NA,NA,NA
"21",0,0,NA,1,0,"Y","E11","E11_EVENT8_A_2024_E11-M2","E11_EVENT8_A_2024","A","2024","D",4,NA,"Wild","M"," 2024-03-22 22:24:32",-8.4,"8","E11-M2_2024","N",NA,NA,NA,NA,NA,NA,NA
"22",0,0,NA,1,0,"Y","E11","E11_EVENT8_A_2024_E11-M3","E11_EVENT8_A_2024","A","2024","D",4,NA,"Wild","M"," 2024-03-22 22:24:32",-8.4,"8","E11-M3_2024","N",NA,NA,NA,NA,NA,NA,NA
"23",0,0,NA,1,0,"N","E11","E11_EVENT9_W_2024_E11-F2","E11_EVENT9_W_2024","W","2024","D",1,NA,"Wild","F"," 2024-03-23 04:05:58",-6.3,"9","E11-F2_2024","N",NA,NA,NA,NA,NA,NA,NA
"24",0,0,NA,1,0,"Y","E12","E12_EVENT1_W_2025_E12-U1","E12_EVENT1_W_2025","W","2025","D",1,NA,"Wild","U","2025-01-05 04:45:04",-14.6,"1","E12-U1_2025","N",NA,NA,NA,NA,NA,NA,NA
"25",0,0,NA,0,0,"Y","E12","E12_EVENT1_A_2024_E12-U1","E12_EVENT1_A_2024","A","2024","D",1,NA,"Wild","U"," 2024-03-14 05:51:28",4,"1","E12-U1_2024","N",NA,NA,NA,NA,NA,NA,NA
"26",0,0,NA,0,0,"Y","E12","E12_EVENT1_W_2024_E12-U2","E12_EVENT1_W_2024","W","2024","D",1,NA,"Wild","U"," 2024-03-14 05:52:24",4,"1","E12-U2_2024","N",NA,NA,NA,NA,NA,NA,NA
"27",0,0,NA,0,0,"Y","E12","E12_EVENT2_A_2024_E12-U2","E12_EVENT2_A_2024","A","2024","L",1,NA,"Wild","U"," 2024-03-29 09:38:34",-4.9,"2","E12-U2_2024","N",NA,NA,NA,NA,NA,NA,NA
"28",0,0,NA,0,0,"N","E13","E13_EVENT1_W_2025_E13-U1","E13_EVENT1_W_2025","W","2025","L",1,NA,"Wild","U","2025-01-12 11:20:06",-2.2,"1","E13-U1_2025","N",NA,NA,NA,NA,NA,NA,NA
"29",0,0,NA,1,0,"Y","E13","E13_EVENT1_A_2024_E13-SM1","E13_EVENT1_A_2024","A","2024","L",1,NA,"Wild","SM"," 2024-03-13 15:10:22",0.7,"1","E13-SM1_2024","N",NA,NA,NA,NA,NA,NA,NA
"30",0,0,NA,1,0,"Y","E13","E13_EVENT2_A_2025_E13-SM1","E13_EVENT2_A_2025","A","2025","D",1,NA,"Wild","SM","2025-01-22 20:04:56",-4.4,"2","E13-SM1_2025","N",NA,NA,NA,NA,NA,NA,NA
"31",0,0,NA,1,0,"Y","E13","E13_EVENT2_W_2025_E13-SM1","E13_EVENT2_W_2025","W","2025","D",1,NA,"Wild","SM","2025-01-22 20:04:14",-4.4,"2","E13-SM1_2025","N",NA,NA,NA,NA,NA,NA,NA
"32",0,0,NA,0,0,"Y","E13","E13_EVENT3_A_2025_E13-SF1","E13_EVENT3_A_2025","A","2025","D",1,NA,"Wild","SF","2025-01-22 20:15:22",-4.4,"3","E13-SF1_2025","N",NA,NA,NA,NA,NA,NA,NA
"33",0,0,NA,0,0,"Y","E13","E13_EVENT3_W_2025_E13-SF1","E13_EVENT3_W_2025","W","2025","D",1,NA,"Wild","SF","2025-01-22 20:14:38",-4.4,"3","E13-SF1_2025","N",NA,NA,NA,NA,NA,NA,NA
"34",0,0,NA,1,0,"Y","E14","E14_EVENT1_W_2025_E14-U1","E14_EVENT1_W_2025","W","2025","D",1,NA,"Wild","U","2025-01-23 05:42:06",-1.4,"1","E14-U1_2025","N",NA,NA,NA,NA,NA,NA,NA
"35",0,0,NA,0,0,"N","E14","E14_EVENT1_A_2024_E14-M1","E14_EVENT1_A_2024","A","2024","D",1,NA,"Wild","M"," 2024-03-08 21:26:38",-3.6,"1","E14-M1_2024","N",NA,NA,NA,NA,NA,NA,NA
"36",0,0,NA,0,0,"Y","E14","E14_EVENT2_W_2024_E14-M1","E14_EVENT2_W_2024","W","2024","D",1,NA,"Wild","M"," 2024-03-22 22:30:34",-8.4,"2","E14-M1_2024","N",NA,NA,NA,NA,NA,NA,NA
"37",0,0,NA,0,0,"Y","E15","E15_EVENT1_A_2025_E15-U1","E15_EVENT1_A_2025","A","2025","D",1,NA,"Wild","U","2025-01-01 00:39:22",-14.7,"1","E15-U1_2025","N",NA,NA,NA,NA,NA,NA,NA
"38",0,0,NA,0,0,"Y","E15","E15_EVENT2_A_2025_E15-U2","E15_EVENT2_A_2025","A","2025","D",1,NA,"Wild","U","2025-01-02 20:18:42",-20.1,"2","E15-U2_2025","N",NA,NA,NA,NA,NA,NA,NA
"39",0,0,NA,0,0,"Y","E15","E15_EVENT2_W_2025_E15-U2","E15_EVENT2_W_2025","W","2025","D",1,NA,"Wild","U","2025-01-02 20:18:44",-20.1,"2","E15-U2_2025","N",NA,NA,NA,NA,NA,NA,NA
"40",0,0,NA,0,0,"Y","E15","E15_EVENT3_W_2025_E15-SM1","E15_EVENT3_W_2025","W","2025","D",1,NA,"Wild","SM","2025-01-03 17:22:34",-20.1,"3","E15-SM1_2025","N",NA,NA,NA,NA,NA,NA,NA
"41",0,0,NA,0,0,"Y","E15","E15_EVENT4_A_2025_E15-SF1","E15_EVENT4_A_2025","A","2025","D",1,NA,"Wild","SF","2025-01-07 04:01:56",-5,"4","E15-SF1_2025","Y",NA,NA,NA,NA,NA,NA,NA
"42",0,0,NA,0,0,"Y","E15","E15_EVENT5_A_2025_E15-SM1","E15_EVENT5_A_2025","A","2025","D",1,NA,"Wild","SM","2025-01-17 07:20:04",-11.6,"5","E15-SM1_2025","N",NA,NA,NA,NA,NA,NA,NA
"43",0,0,NA,0,0,"Y","E15","E15_EVENT6_W_2025_E15-U1","E15_EVENT6_W_2025","W","2025","D",1,NA,"Wild","U","2025-01-25 20:49:38",-4.3,"6","E15-U1_2025","N",NA,NA,NA,NA,NA,NA,NA
"44",0,0,NA,0,0,"Y","E16","E16_EVENT10_A_2025_E16-SF1","E16_EVENT10_A_2025","A","2025","D",1,NA,"Wild","SF","2025-03-11 01:47:44",1.6,"10","E16-SF1_2025","N",NA,NA,NA,NA,NA,NA,NA
"45",0,0,NA,0,0,"Y","E16","E16_EVENT10_W_2025_E16-SF1","E16_EVENT10_W_2025","W","2025","D",1,NA,"Wild","SF","2025-03-11 01:48:04",1.6,"10","E16-SF1_2025","N",NA,NA,NA,NA,NA,NA,NA
"46",0,0,NA,0,0,"Y","E16","E16_EVENT11_A_2025_E16-SF1","E16_EVENT11_A_2025","A","2025","D",1,NA,"Wild","SF","2025-03-11 01:56:04",1.6,"11","E16-SF1_2025","N",NA,NA,NA,NA,NA,NA,NA
"47",0,0,NA,0,0,"Y","E16","E16_EVENT11_W_2025_E16-SF1","E16_EVENT11_W_2025","W","2025","D",1,NA,"Wild","SF","2025-03-11 01:57:06",1.6,"11","E16-SF1_2025","N",NA,NA,NA,NA,NA,NA,NA
"48",0,0,NA,1,0,"Y","E16","E16_EVENT12_A_2025_E16-SF1","E16_EVENT12_A_2025","A","2025","D",1,NA,"Wild","SF","2025-03-12 04:23:40",-4,"12","E16-SF1_2025","N",NA,NA,NA,NA,NA,NA,NA
"49",0,0,NA,0,0,"N","E16","E16_EVENT12_W_2025_E16-SF1","E16_EVENT12_W_2025","W","2025","D",1,NA,"Wild","SF","2025-03-12 04:23:58",-4,"12","E16-SF1_2025","N",NA,NA,NA,NA,NA,NA,NA
"50",0,0,NA,1,0,"N","E16","E16_EVENT13_A_2025_E16-SF1","E16_EVENT13_A_2025","A","2025","D",2,NA,"Wild","SF","2025-03-18 04:05:08",-1.6,"13","E16-SF1_2025","N",NA,NA,NA,NA,NA,NA,NA
"51",0,0,NA,0,0,"N","E16","E16_EVENT13_A_2025_E16-SM1","E16_EVENT13_A_2025","A","2025","D",2,NA,"Wild","SM","2025-03-18 04:05:08",-1.6,"13","E16-SM1_2025","Y",NA,NA,NA,NA,NA,NA,NA
"52",0,0,NA,1,0,"N","E16","E16_EVENT13_W_2025_E16-SF1","E16_EVENT13_W_2025","W","2025","D",2,NA,"Wild","SF","2025-03-18 04:05:30",-1.6,"13","E16-SF1_2025","N",NA,NA,NA,NA,NA,NA,NA
"53",0,0,NA,1,0,"N","E16","E16_EVENT13_W_2025_E16-SM1","E16_EVENT13_W_2025","W","2025","D",2,NA,"Wild","SM","2025-03-18 04:05:30",-1.6,"13","E16-SM1_2025","Y",NA,NA,NA,NA,NA,NA,NA
"54",0,0,NA,0,0,"Y","E16","E16_EVENT14_A_2025_E16-SF1","E16_EVENT14_A_2025","A","2025","D",1,NA,"Wild","SF","2025-03-23 01:52:14",2.7,"14","E16-SF1_2025","N",NA,NA,NA,NA,NA,NA,NA
"55",0,0,NA,0,0,"Y","E16","E16_EVENT14_W_2025_E16-SF1","E16_EVENT14_W_2025","W","2025","D",1,NA,"Wild","SF","2025-03-23 01:51:46",2.7,"14","E16-SF1_2025","N",NA,NA,NA,NA,NA,NA,NA
"56",0,0,NA,1,0,"Y","E16","E16_EVENT15_A_2025_E16-SF2","E16_EVENT15_A_2025","A","2025","D",1,NA,"Wild","SF","2025-03-31 04:01:26",0.8,"15","E16-SF2_2025","Y",NA,NA,NA,NA,NA,NA,NA
"57",0,0,NA,0,0,"N","E16","E16_EVENT16_W_2025_E16-U1","E16_EVENT16_W_2025","W","2025","D",1,NA,"Wild","U","2025-04-03 22:54:02",-2.9,"16","E16-U1_2025","N",NA,NA,NA,NA,NA,NA,NA
"58",0,0,NA,0,0,"N","E16","E16_EVENT17_W_2025_E16-M1","E16_EVENT17_W_2025","W","2025","L",1,NA,"Wild","M","2025-04-04 09:14:02",1.3,"17","E16-M1_2025","N",NA,NA,NA,NA,NA,NA,NA
"59",0,0,NA,0,0,"N","E16","E16_EVENT18_A_2025_E16-M1","E16_EVENT18_A_2025","A","2025","D",1,NA,"Wild","M","2025-04-14 00:33:10",7,"18","E16-M1_2025","N",NA,NA,NA,NA,NA,NA,NA
"60",0,0,NA,0,0,"Y","E16","E16_EVENT18_W_2025_E16-M1","E16_EVENT18_W_2025","W","2025","D",1,NA,"Wild","M","2025-04-14 00:33:52",7,"18","E16-M1_2025","N",NA,NA,NA,NA,NA,NA,NA
"61",0,0,NA,0,0,"Y","E16","E16_EVENT19_W_2025_E16-M1","E16_EVENT19_W_2025","W","2025","D",1,NA,"Wild","M","2025-04-15 07:48:06",9,"19","E16-M1_2025","N",NA,NA,NA,NA,NA,NA,NA
"62",0,0,NA,0,0,"Y","E16","E16_EVENT1_A_2025_E16-SM1","E16_EVENT1_A_2025","A","2025","D",1,NA,"Wild","SM","2025-02-25 21:47:30",1.7,"1","E16-SM1_2025","Y",NA,NA,NA,NA,NA,NA,NA
"63",0,0,NA,0,0,"N","E16","E16_EVENT1_W_2025_E16-SM1","E16_EVENT1_W_2025","W","2025","D",1,NA,"Wild","SM","2025-02-25 21:47:52",1.7,"1","E16-SM1_2025","Y",NA,NA,NA,NA,NA,NA,NA
"64",0,0,NA,0,0,"N","E16","E16_EVENT20_A_2025_E16-U1","E16_EVENT20_A_2025","A","2025","D",1,NA,"Wild","U","2025-04-16 20:38:46",6,"20","E16-U1_2025","N",NA,NA,NA,NA,NA,NA,NA
"65",0,0,NA,0,0,"N","E16","E16_EVENT20_W_2025_E16-U1","E16_EVENT20_W_2025","W","2025","D",1,NA,"Wild","U","2025-04-16 20:39:20",6,"20","E16-U1_2025","N",NA,NA,NA,NA,NA,NA,NA
"66",0,0,NA,0,0,"Y","E16","E16_EVENT21_A_2025_E16-M2","E16_EVENT21_A_2025","A","2025","D",1,NA,"Wild","M","2025-04-16 22:47:20",6,"21","E16-M2_2025","Y",NA,NA,NA,NA,NA,NA,NA
"67",0,0,NA,0,0,"Y","E16","E16_EVENT21_W_2025_E16-M2","E16_EVENT21_W_2025","W","2025","D",1,NA,"Wild","M","2025-04-16 22:47:44",6,"21","E16-M2_2025","Y",NA,NA,NA,NA,NA,NA,NA
"68",0,0,NA,0,0,"Y","E16","E16_EVENT22_A_2025_E16-M1","E16_EVENT22_A_2025","A","2025","D",1,NA,"Wild","M","2025-04-17 03:43:24",5.4,"22","E16-M1_2025","N",NA,NA,NA,NA,NA,NA,NA
"69",0,0,NA,0,0,"Y","E16","E16_EVENT22_W_2025_E16-M1","E16_EVENT22_W_2025","W","2025","D",1,NA,"Wild","M","2025-04-17 03:43:54",5.4,"22","E16-M1_2025","N",NA,NA,NA,NA,NA,NA,NA
"70",0,0,NA,0,0,"Y","E16","E16_EVENT23_W_2025_E16-M1","E16_EVENT23_W_2025","W","2025","D",1,NA,"Wild","M","2025-04-18 04:09:32",9,"23","E16-M1_2025","N",NA,NA,NA,NA,NA,NA,NA
"71",0,0,NA,0,0,"Y","E16","E16_EVENT2_A_2025_E16-M1","E16_EVENT2_A_2025","A","2025","D",1,NA,"Wild","M","2025-03-01 03:23:36",6,"2","E16-M1_2025","N",NA,NA,NA,NA,NA,NA,NA
"72",0,0,NA,0,0,"N","E16","E16_EVENT2_W_2025_E16-M1","E16_EVENT2_W_2025","W","2025","D",1,NA,"Wild","M","2025-03-01 03:23:52",6,"2","E16-M1_2025","N",NA,NA,NA,NA,NA,NA,NA
"73",0,0,NA,1,0,"Y","E16","E16_EVENT3_A_2025_E16-SM1","E16_EVENT3_A_2025","A","2025","D",1,NA,"Wild","SM","2025-03-02 02:16:58",3.4,"3","E16-SM1_2025","Y",NA,NA,NA,NA,NA,NA,NA
"74",0,0,NA,0,0,"Y","E16","E16_EVENT3_W_2025_E16-SM1","E16_EVENT3_W_2025","W","2025","D",1,NA,"Wild","SM","2025-03-02 02:17:10",3.4,"3","E16-SM1_2025","Y",NA,NA,NA,NA,NA,NA,NA
"75",0,0,NA,1,0,"Y","E16","E16_EVENT4_W_2025_E16-SM1","E16_EVENT4_W_2025","W","2025","D",1,NA,"Wild","SM","2025-03-02 04:13:06",3.4,"4","E16-SM1_2025","Y",NA,NA,NA,NA,NA,NA,NA
"76",0,0,NA,1,0,"Y","E16","E16_EVENT5_A_2025_E16-M1","E16_EVENT5_A_2025","A","2025","L",1,NA,"Wild","M","2025-03-03 11:34:10",-0.6,"5","E16-M1_2025","N",NA,NA,NA,NA,NA,NA,NA
"77",0,0,NA,0,0,"N","E16","E16_EVENT5_W_2025_E16-M1","E16_EVENT5_W_2025","W","2025","L",1,NA,"Wild","M","2025-03-03 11:34:32",-0.6,"5","E16-M1_2025","N",NA,NA,NA,NA,NA,NA,NA
"78",0,0,NA,1,0,"Y","E16","E16_EVENT6_A_2025_E16-SM1","E16_EVENT6_A_2025","A","2025","D",1,NA,"Wild","SM","2025-03-03 19:35:56",-0.6,"6","E16-SM1_2025","Y",NA,NA,NA,NA,NA,NA,NA
"79",0,0,NA,0,0,"Y","E16","E16_EVENT7_A_2025_E16-M1","E16_EVENT7_A_2025","A","2025","D",1,NA,"Wild","M","2025-03-05 03:37:00",-0.3,"7","E16-M1_2025","N",NA,NA,NA,NA,NA,NA,NA
"80",0,0,NA,0,0,"Y","E16","E16_EVENT7_W_2025_E16-M1","E16_EVENT7_W_2025","W","2025","D",1,NA,"Wild","M","2025-03-05 03:37:06",-0.3,"7","E16-M1_2025","N",NA,NA,NA,NA,NA,NA,NA
"81",0,0,NA,1,0,"Y","E16","E16_EVENT8_A_2025_E16-M1","E16_EVENT8_A_2025","A","2025","D",1,NA,"Wild","M","2025-03-05 22:06:48",-0.3,"8","E16-M1_2025","N",NA,NA,NA,NA,NA,NA,NA
"82",0,0,NA,1,0,"N","E16","E16_EVENT8_W_2025_E16-M1","E16_EVENT8_W_2025","W","2025","D",1,NA,"Wild","M","2025-03-05 22:07:02",-0.3,"8","E16-M1_2025","N",NA,NA,NA,NA,NA,NA,NA
"83",0,0,NA,0,0,"Y","E16","E16_EVENT9_A_2025_E16-SM1","E16_EVENT9_A_2025","A","2025","D",1,NA,"Wild","SM","2025-03-05 22:14:14",-0.3,"9","E16-SM1_2025","Y",NA,NA,NA,NA,NA,NA,NA
"84",0,0,NA,0,0,"N","E16","E16_EVENT9_W_2025_E16-SM1","E16_EVENT9_W_2025","W","2025","D",1,NA,"Wild","SM","2025-03-05 22:14:30",-0.3,"9","E16-SM1_2025","Y",NA,NA,NA,NA,NA,NA,NA
"85",0,0,NA,1,0,"Y","E1","E1_EVENT1_W_2025_E1-SM1","E1_EVENT1_W_2025","W","2025","D",1,NA,"Wild","SM","2025-02-20 00:06:44",-10.4,"1","E1-SM1_2025","N",NA,NA,NA,NA,NA,NA,NA
"86",0,0,NA,1,0,"N","E1","E1_EVENT1_W_2024_E1-U1","E1_EVENT1_W_2024","W","2024","D",1,NA,"Wild","U"," 2024-02-16 19:10:00",-7.3,"1","E1-U1_2024","N",NA,NA,NA,NA,NA,NA,NA
"87",0,0,NA,0,0,"Y","E1","E1_EVENT2_W_2025_E1-SF1","E1_EVENT2_W_2025","W","2025","D",1,NA,"Wild","SF","2025-02-21 05:36:48",1.3,"2","E1-SF1_2025","Y",NA,NA,NA,NA,NA,NA,NA
"88",0,0,NA,0,0,"Y","E1","E1_EVENT2_A_2024_E1-M1","E1_EVENT2_A_2024","A","2024","D",1,NA,"Wild","M"," 2024-02-21 22:22:08",-2.3,"2","E1-M1_2024","N",NA,NA,NA,NA,NA,NA,NA
"89",0,0,NA,0,0,"N","E1","E1_EVENT2_W_2024_E1-M1","E1_EVENT2_W_2024","W","2024","D",1,NA,"Wild","M"," 2024-02-21 22:22:30",-2.3,"2","E1-M1_2024","N",NA,NA,NA,NA,NA,NA,NA
"90",0,0,NA,0,0,"Y","E1","E1_EVENT3_W_2025_E1-SM1","E1_EVENT3_W_2025","W","2025","D",1,NA,"Wild","SM","2025-02-23 04:59:16",5.1,"3","E1-SM1_2025","N",NA,NA,NA,NA,NA,NA,NA
"91",0,0,NA,0,0,"Y","E1","E1_EVENT3_A_2024_E1-SF1","E1_EVENT3_A_2024","A","2024","D",1,NA,"Wild","SF"," 2024-02-23 00:21:22",5.3,"3","E1-SF1_2024","N",NA,NA,NA,NA,NA,NA,NA
"92",0,3.382,NA,0,0,"Y","E1","E1_EVENT3_W_2024_E1-SF1","E1_EVENT3_W_2024","W","2024","D",1,NA,"Wild","SF"," 2024-02-23 00:21:54",5.3,"3","E1-SF1_2024","N",NA,NA,NA,NA,NA,NA,NA
"93",0,0,NA,0,0,"Y","E1","E1_EVENT4_W_2025_E1-SM2","E1_EVENT4_W_2025","W","2025","L",1,NA,"Wild","SM","2025-03-11 09:13:10",1.6,"4","E1-SM2_2025","N",NA,NA,NA,NA,NA,NA,NA
"94",0.071,1.071,1,0,0,"Y","E1","E1_EVENT4_A_2024_E1-SF2","E1_EVENT4_A_2024","A","2024","D",1,NA,"Wild","SF"," 2024-02-27 05:01:02",-19.7,"4","E1-SF2_2024","N",NA,NA,NA,NA,NA,NA,NA
"95",0,0.3,NA,1,0,"Y","E1","E1_EVENT5_W_2025_E1-U1","E1_EVENT5_W_2025","W","2025","D",1,NA,"Wild","U","2025-03-24 02:38:24",6.5,"5","E1-U1_2025","N",NA,NA,NA,NA,NA,NA,NA
"96",0,0,NA,0,0,"Y","E1","E1_EVENT5_A_2024_E1-M2","E1_EVENT5_A_2024","A","2024","L",2,NA,"Wild","M"," 2024-02-28 07:28:00",-17.4,"5","E1-M2_2024","N",NA,NA,NA,NA,NA,NA,NA
"97",0,0,NA,0,0,"Y","E1","E1_EVENT5_A_2024_E1-M3","E1_EVENT5_A_2024","A","2024","L",2,NA,"Wild","M"," 2024-02-28 07:28:00",-17.4,"5","E1-M3_2024","N",NA,NA,NA,NA,NA,NA,NA
"98",0,0,NA,0,0,"N","E1","E1_EVENT5_W_2024_E1-M2","E1_EVENT5_W_2024","W","2024","L",2,NA,"Wild","M"," 2024-02-28 07:28:24",-17.4,"5","E1-M2_2024","N",NA,NA,NA,NA,NA,NA,NA
"99",0,1.143,NA,0,0,"Y","E1","E1_EVENT5_W_2024_E1-M3","E1_EVENT5_W_2024","W","2024","L",2,NA,"Wild","M"," 2024-02-28 07:28:24",-17.4,"5","E1-M3_2024","N",NA,NA,NA,NA,NA,NA,NA
"100",0,0,NA,1,0,"Y","E1","E1_EVENT6_W_2025_E1-U1","E1_EVENT6_W_2025","W","2025","D",1,NA,"Wild","U","2025-04-07 23:13:36",9.8,"6","E1-U1_2025","N",NA,NA,NA,NA,NA,NA,NA
"101",4.033,9.166,1,0,0,"Y","E1","E1_EVENT7_W_2025_E1-U1","E1_EVENT7_W_2025","W","2025","L",1,NA,"Wild","U","2025-04-10 05:45:38",8.3,"7","E1-U1_2025","N",NA,NA,NA,NA,NA,NA,NA
"102",0,0,NA,0,0,"N","E2","E2_EVENT10_A_2025_E2-U1","E2_EVENT10_A_2025","A","2025","D",1,NA,"Wild","U","2025-03-05 04:08:48",-0.3,"10","E2-U1_2025","N",NA,NA,NA,NA,NA,NA,NA
"103",0,0,NA,0,0,"N","E2","E2_EVENT11_A_2025_E2-F1","E2_EVENT11_A_2025","A","2025","L",1,NA,"Wild","F","2025-03-07 08:00:44",2.5,"11","E2-F1_2025","N",NA,NA,NA,NA,NA,NA,NA
"104",0,0,NA,0,0,"N","E2","E2_EVENT11_W_2025_E2-F1","E2_EVENT11_W_2025","W","2025","L",1,NA,"Wild","F","2025-03-07 08:00:58",2.5,"11","E2-F1_2025","N",NA,NA,NA,NA,NA,NA,NA
"105",0,0,NA,1,0,"Y","E2","E2_EVENT12_A_2025_E2-F1","E2_EVENT12_A_2025","A","2025","D",2,NA,"Wild","F","2025-03-08 23:56:00",4.7,"12","E2-F1_2025","N",NA,NA,NA,NA,NA,NA,NA
"106",0,0,NA,0,0,"Y","E2","E2_EVENT12_A_2025_E2-M1","E2_EVENT12_A_2025","A","2025","D",2,NA,"Wild","M","2025-03-08 23:56:00",4.7,"12","E2-M1_2025","N",NA,NA,NA,NA,NA,NA,NA
"107",0,0,NA,0,0,"N","E2","E2_EVENT13_W_2025_E2-U3","E2_EVENT13_W_2025","W","2025","D",1,NA,"Wild","U","2025-03-21 22:35:00",2.1,"13","E2-U3_2025","N",NA,NA,NA,NA,NA,NA,NA
"108",0,0,NA,0,0,"Y","E2","E2_EVENT14_A_2025_E2-F1","E2_EVENT14_A_2025","A","2025","L",1,NA,"Wild","F","2025-03-23 07:51:00",2.7,"14","E2-F1_2025","N",NA,NA,NA,NA,NA,NA,NA
"109",0,0,NA,0,0,"N","E2","E2_EVENT14_W_2025_E2-F1","E2_EVENT14_W_2025","W","2025","L",1,NA,"Wild","F","2025-03-23 07:51:06",2.7,"14","E2-F1_2025","N",NA,NA,NA,NA,NA,NA,NA
"110",0,0,NA,0,0,"N","E2","E2_EVENT15_A_2025_E2-M1","E2_EVENT15_A_2025","A","2025","L",1,NA,"Wild","M","2025-03-23 08:30:24",2.7,"15","E2-M1_2025","N",NA,NA,NA,NA,NA,NA,NA
"111",0,0,NA,0,0,"N","E2","E2_EVENT15_W_2025_E2-M1","E2_EVENT15_W_2025","W","2025","L",1,NA,"Wild","M","2025-03-23 08:30:30",2.7,"15","E2-M1_2025","N",NA,NA,NA,NA,NA,NA,NA
"112",0,0,NA,0,0,"N","E2","E2_EVENT16_A_2025_E2-U3","E2_EVENT16_A_2025","A","2025","D",1,NA,"Wild","U","2025-03-29 23:42:56",-6.6,"16","E2-U3_2025","N",NA,NA,NA,NA,NA,NA,NA
"113",0,0,NA,0,0,"Y","E2","E2_EVENT17_A_2025_E2-SM1","E2_EVENT17_A_2025","A","2025","L",1,NA,"Wild","SM","2025-04-14 11:19:34",7,"17","E2-SM1_2025","Y",NA,NA,NA,NA,NA,NA,NA
"114",0,0,NA,0,0,"N","E2","E2_EVENT18_A_2025_E2-SM1","E2_EVENT18_A_2025","A","2025","D",1,NA,"Wild","SM","2025-04-14 20:34:18",7,"18","E2-SM1_2025","Y",NA,NA,NA,NA,NA,NA,NA
"115",0,0,NA,0,0,"N","E2","E2_EVENT19_A_2025_E2-SM1","E2_EVENT19_A_2025","A","2025","D",1,NA,"Wild","SM","2025-04-15 04:07:40",9,"19","E2-SM1_2025","Y",NA,NA,NA,NA,NA,NA,NA
"116",0,0,NA,0,0,"Y","E2","E2_EVENT1_A_2025_E2-M1","E2_EVENT1_A_2025","A","2025","D",1,NA,"Wild","M","2025-02-17 18:20:06",-22.8,"1","E2-M1_2025","N",NA,NA,NA,NA,NA,NA,NA
"117",0,0,NA,0,0,"Y","E2","E2_EVENT1_W_2025_E2-M1","E2_EVENT1_W_2025","W","2025","D",1,NA,"Wild","M","2025-02-17 18:20:24",-22.8,"1","E2-M1_2025","N",NA,NA,NA,NA,NA,NA,NA
"118",0,0,NA,0,0,"N","E2","E2_EVENT1_A_2024_E2-U1","E2_EVENT1_A_2024","A","2024","L",1,NA,"Wild","U"," 2024-02-13 16:47:30",-3.9,"1","E2-U1_2024","N",NA,NA,NA,NA,NA,NA,NA
"119",0,0,NA,0,0,"N","E2","E2_EVENT20_A_2025_E2-SM1","E2_EVENT20_A_2025","A","2025","D",1,NA,"Wild","SM","2025-04-16 01:56:04",6,"20","E2-SM1_2025","Y",NA,NA,NA,NA,NA,NA,NA
"120",0,0,NA,0,0,"Y","E2","E2_EVENT21_A_2025_E2-SM1","E2_EVENT21_A_2025","A","2025","D",1,NA,"Wild","SM","2025-04-16 02:43:48",6,"21","E2-SM1_2025","Y",NA,NA,NA,NA,NA,NA,NA
"121",0,0,NA,0,0,"N","E2","E2_EVENT22_A_2025_E2-SM1","E2_EVENT22_A_2025","A","2025","D",1,NA,"Wild","SM","2025-04-17 22:43:18",5.4,"22","E2-SM1_2025","Y",NA,NA,NA,NA,NA,NA,NA
"122",0,0,NA,1,0,"Y","E2","E2_EVENT2_W_2025_E2-F1","E2_EVENT2_W_2025","W","2025","D",1,NA,"Wild","F","2025-02-19 18:58:00",-21,"2","E2-F1_2025","N",NA,NA,NA,NA,NA,NA,NA
"123",0,0,NA,1,0,"N","E2","E2_EVENT2_W_2024_E2-F1","E2_EVENT2_W_2024","W","2024","D",2,NA,"Wild","F"," 2024-02-20 00:24:32",-3.9,"2","E2-F1_2024","N",NA,NA,NA,NA,NA,NA,NA
"124",0,0,NA,1,0,"N","E2","E2_EVENT2_W_2024_E2-M1","E2_EVENT2_W_2024","W","2024","D",2,NA,"Wild","M"," 2024-02-20 00:24:32",-3.9,"2","E2-M1_2024","N",NA,NA,NA,NA,NA,NA,NA
"125",0,0,NA,1,0,"N","E2","E2_EVENT3_W_2025_E2-F1","E2_EVENT3_W_2025","W","2025","L",1,NA,"Wild","F","2025-02-20 15:00:28",-10.4,"3","E2-F1_2025","N",NA,NA,NA,NA,NA,NA,NA
"126",0,0,NA,0,0,"N","E2","E2_EVENT3_A_2024_E2-F2","E2_EVENT3_A_2024","A","2024","D",1,NA,"Wild","F"," 2024-02-25 19:18:44",-6,"3","E2-F2_2024","N",NA,NA,NA,NA,NA,NA,NA
"127",0,0,NA,0,0,"N","E2","E2_EVENT3_W_2024_E2-F2","E2_EVENT3_W_2024","W","2024","D",1,NA,"Wild","F"," 2024-02-25 19:19:24",-6,"3","E2-F2_2024","N",NA,NA,NA,NA,NA,NA,NA
"128",0,0,NA,1,0,"Y","E2","E2_EVENT4_W_2025_E2-M1","E2_EVENT4_W_2025","W","2025","D",1,NA,"Wild","M","2025-02-21 00:45:00",1.3,"4","E2-M1_2025","N",NA,NA,NA,NA,NA,NA,NA
"129",0,0,NA,1,0,"Y","E2","E2_EVENT4_A_2024_E2-F2","E2_EVENT4_A_2024","A","2024","D",3,NA,"Wild","F"," 2024-02-28 21:55:36",-17.4,"4","E2-F2_2024","N",NA,NA,NA,NA,NA,NA,NA
"130",0,0,NA,1,0,"Y","E2","E2_EVENT4_A_2024_E2-M2","E2_EVENT4_A_2024","A","2024","D",3,NA,"Wild","M"," 2024-02-28 21:55:36",-17.4,"4","E2-M2_2024","N",NA,NA,NA,NA,NA,NA,NA
"131",0,0,NA,0,0,"N","E2","E2_EVENT4_A_2024_E2-U2","E2_EVENT4_A_2024","A","2024","D",3,NA,"Wild","U"," 2024-02-28 21:55:36",-17.4,"4","E2-U2_2024","N",NA,NA,NA,NA,NA,NA,NA
"132",0,0,NA,0,0,"Y","E2","E2_EVENT4_W_2024_E2-F2","E2_EVENT4_W_2024","W","2024","D",3,NA,"Wild","F"," 2024-02-28 21:56:14",-17.4,"4","E2-F2_2024","N",NA,NA,NA,NA,NA,NA,NA
"133",0,0,NA,1,0,"Y","E2","E2_EVENT4_W_2024_E2-M2","E2_EVENT4_W_2024","W","2024","D",3,NA,"Wild","M"," 2024-02-28 21:56:14",-17.4,"4","E2-M2_2024","N",NA,NA,NA,NA,NA,NA,NA
"134",0,0,NA,0,0,"N","E2","E2_EVENT4_W_2024_E2-U2","E2_EVENT4_W_2024","W","2024","D",3,NA,"Wild","U"," 2024-02-28 21:56:14",-17.4,"4","E2-U2_2024","N",NA,NA,NA,NA,NA,NA,NA
"135",0,0,NA,1,0,"Y","E2","E2_EVENT5_W_2025_E2-M1","E2_EVENT5_W_2025","W","2025","D",1,NA,"Wild","M","2025-02-21 00:58:30",1.3,"5","E2-M1_2025","N",NA,NA,NA,NA,NA,NA,NA
"136",0,0,NA,1,0,"Y","E2","E2_EVENT6_W_2025_E2-M1","E2_EVENT6_W_2025","W","2025","D",1,NA,"Wild","M","2025-02-22 20:56:52",4.7,"6","E2-M1_2025","N",NA,NA,NA,NA,NA,NA,NA
"137",0,0,NA,0,0,"Y","E2","E2_EVENT7_A_2025_E2-F1","E2_EVENT7_A_2025","A","2025","D",1,NA,"Wild","F","2025-02-27 23:08:06",7.2,"7","E2-F1_2025","N",NA,NA,NA,NA,NA,NA,NA
"138",0,0,NA,0,0,"N","E2","E2_EVENT7_W_2025_E2-F1","E2_EVENT7_W_2025","W","2025","D",1,NA,"Wild","F","2025-02-27 23:08:06",7.2,"7","E2-F1_2025","N",NA,NA,NA,NA,NA,NA,NA
"139",0,0,NA,1,0,"N","E2","E2_EVENT8_A_2025_E2-F1","E2_EVENT8_A_2025","A","2025","L",2,NA,"Wild","F","2025-02-28 17:14:38",4.1,"8","E2-F1_2025","N",NA,NA,NA,NA,NA,NA,NA
"140",0,0,NA,1,0,"N","E2","E2_EVENT8_A_2025_E2-M1","E2_EVENT8_A_2025","A","2025","L",2,NA,"Wild","M","2025-02-28 17:14:38",4.1,"8","E2-M1_2025","N",NA,NA,NA,NA,NA,NA,NA
"141",0,0,NA,0,0,"Y","E2","E2_EVENT9_W_2025_E2-U1","E2_EVENT9_W_2025","W","2025","D",1,NA,"Wild","U","2025-02-28 20:00:16",4.1,"9","E2-U1_2025","N",NA,NA,NA,NA,NA,NA,NA
"142",0,0,NA,1,0,"Y","E3","E3_EVENT1_W_2024_E3-F1","E3_EVENT1_W_2024","W","2024","D",1,NA,"Wild","F"," 2024-02-13 20:45:26",-3.9,"1","E3-F1_2024","N",NA,NA,NA,NA,NA,NA,NA
"143",0,0,NA,1,0,"Y","E4","E4_EVENT10_W_2025_E4-U1","E4_EVENT10_W_2025","W","2025","D",1,NA,"Wild","U","2025-03-23 02:23:42",2.7,"10","E4-U1_2025","N",NA,NA,NA,NA,NA,NA,NA
"144",5.821,28.534,2,1,0,"Y","E4","E4_EVENT11_A_2025_E4-U1","E4_EVENT11_A_2025","A","2025","L",1,NA,"Wild","U","2025-04-02 17:37:00",-1.9,"11","E4-U1_2025","N",NA,NA,NA,NA,NA,NA,NA
"145",0,0,NA,0,0,"Y","E4","E4_EVENT11_W_2025_E4-U1","E4_EVENT11_W_2025","W","2025","L",1,NA,"Wild","U","2025-04-02 17:38:20",-1.9,"11","E4-U1_2025","N",NA,NA,NA,NA,NA,NA,NA
"146",0,0,NA,0,0,"N","E4","E4_EVENT12_A_2025_E4-U1","E4_EVENT12_A_2025","A","2025","L",1,NA,"Wild","U","2025-04-02 17:52:08",-1.9,"12","E4-U1_2025","N",NA,NA,NA,NA,NA,NA,NA
"147",0,0,NA,0,0,"N","E4","E4_EVENT12_W_2025_E4-U1","E4_EVENT12_W_2025","W","2025","L",1,NA,"Wild","U","2025-04-02 17:52:20",-1.9,"12","E4-U1_2025","N",NA,NA,NA,NA,NA,NA,NA
"148",0,0,NA,0,0,"Y","E4","E4_EVENT13_A_2025_E4-F1","E4_EVENT13_A_2025","A","2025","D",1,NA,"Wild","F","2025-04-16 00:04:46",6,"13","E4-F1_2025","N",NA,NA,NA,NA,NA,NA,NA
"149",0,0,NA,0,0,"N","E4","E4_EVENT14_W_2025_E4-F1","E4_EVENT14_W_2025","W","2025","D",2,NA,"Wild","F","2025-04-16 20:31:18",6,"14","E4-F1_2025","N",NA,NA,NA,NA,NA,NA,NA
"150",0,0,NA,0,0,"N","E4","E4_EVENT14_W_2025_E4-M1","E4_EVENT14_W_2025","W","2025","D",2,NA,"Wild","M","2025-04-16 20:31:18",6,"14","E4-M1_2025","N",NA,NA,NA,NA,NA,NA,NA
"151",0,1.893,NA,1,0,"Y","E4","E4_EVENT1_A_2025_E4-F1","E4_EVENT1_A_2025","A","2025","D",2,NA,"Wild","F","2025-02-20 18:17:34",-10.4,"1","E4-F1_2025","N",NA,NA,NA,NA,NA,NA,NA
"152",0,0.643,NA,1,0,"Y","E4","E4_EVENT1_A_2025_E4-M1","E4_EVENT1_A_2025","A","2025","D",2,NA,"Wild","M","2025-02-20 18:17:34",-10.4,"1","E4-M1_2025","N",NA,NA,NA,NA,NA,NA,NA
"153",0,0,NA,0,0,"N","E4","E4_EVENT2_A_2025_E4-F1","E4_EVENT2_A_2025","A","2025","L",1,NA,"Wild","F","2025-02-24 07:29:50",2.2,"2","E4-F1_2025","N",NA,NA,NA,NA,NA,NA,NA
"154",8.036,33.714,3,1,0,"Y","E4","E4_EVENT2_W_2025_E4-F1","E4_EVENT2_W_2025","W","2025","L",1,NA,"Wild","F","2025-02-24 07:28:18",2.2,"2","E4-F1_2025","N",NA,NA,NA,NA,NA,NA,NA
"155",0,0,NA,1,0,"Y","E4","E4_EVENT3_W_2025_E4-U1","E4_EVENT3_W_2025","W","2025","D",1,NA,"Wild","U","2025-02-26 01:09:30",5.5,"3","E4-U1_2025","N",NA,NA,NA,NA,NA,NA,NA
"156",0,0,NA,0,0,"N","E4","E4_EVENT4_W_2025_E4-U1","E4_EVENT4_W_2025","W","2025","L",1,NA,"Wild","U","2025-02-28 08:49:42",4.1,"4","E4-U1_2025","N",NA,NA,NA,NA,NA,NA,NA
"157",0,0,NA,0,0,"Y","E4","E4_EVENT5_A_2025_E4-F1","E4_EVENT5_A_2025","A","2025","L",1,NA,"Wild","F","2025-03-06 10:17:32",1.6,"5","E4-F1_2025","N",NA,NA,NA,NA,NA,NA,NA
"158",0,0.321,NA,1,0,"Y","E4","E4_EVENT5_W_2025_E4-F1","E4_EVENT5_W_2025","W","2025","L",1,NA,"Wild","F","2025-03-06 10:16:42",1.6,"5","E4-F1_2025","N",NA,NA,NA,NA,NA,NA,NA
"159",0,0,NA,0,0,"Y","E4","E4_EVENT6_W_2025_E4-M1","E4_EVENT6_W_2025","W","2025","D",1,NA,"Wild","M","2025-03-07 19:12:44",2.5,"6","E4-M1_2025","N",NA,NA,NA,NA,NA,NA,NA
"160",0,0,NA,0,0,"Y","E4","E4_EVENT7_W_2025_E4-SM1","E4_EVENT7_W_2025","W","2025","D",1,NA,"Wild","SM","2025-03-12 22:26:18",-4,"7","E4-SM1_2025","Y",NA,NA,NA,NA,NA,NA,NA
"161",0,0,NA,0,0,"Y","E4","E4_EVENT8_A_2025_E4-SM1","E4_EVENT8_A_2025","A","2025","D",1,NA,"Wild","SM","2025-03-21 23:22:08",2.1,"8","E4-SM1_2025","Y",NA,NA,NA,NA,NA,NA,NA
"162",0,0,NA,0,0,"N","E4","E4_EVENT8_W_2025_E4-SM1","E4_EVENT8_W_2025","W","2025","D",1,NA,"Wild","SM","2025-03-21 23:22:18",2.1,"8","E4-SM1_2025","Y",NA,NA,NA,NA,NA,NA,NA
"163",0,0,NA,0,0,"Y","E4","E4_EVENT9_W_2025_E4-U1","E4_EVENT9_W_2025","W","2025","D",1,NA,"Wild","U","2025-03-22 22:25:14",3.3,"9","E4-U1_2025","N",NA,NA,NA,NA,NA,NA,NA
"164",0,0,NA,0,0,"N","E5","E5_EVENT1_A_2025_E5-U1","E5_EVENT1_A_2025","A","2025","D",1,NA,"Wild","U","2025-03-05 21:57:00",-0.3,"1","E5-U1_2025","N",NA,NA,NA,NA,NA,NA,NA
"165",0,0.357,NA,0,0,"Y","E5","E5_EVENT1_W_2024_E5-U1","E5_EVENT1_W_2024","W","2024","L",1,NA,"Wild","U"," 2024-02-14 15:21:24",-7.4,"1","E5-U1_2024","N",NA,NA,NA,NA,NA,NA,NA
"166",0,0,NA,0,0,"N","E5","E5_EVENT2_A_2024_E5-U2","E5_EVENT2_A_2024","A","2024","D",1,NA,"Wild","U"," 2024-02-23 21:50:58",5.3,"2","E5-U2_2024","N",NA,NA,NA,NA,NA,NA,NA
"167",0,14.213,NA,0,0,"Y","E6","E6_EVENT1_A_2025_E6-SM1","E6_EVENT1_A_2025","A","2025","D",1,NA,"Wild","SM","2025-03-09 22:42:06",-1.4,"1","E6-SM1_2025","N",NA,NA,NA,NA,NA,NA,NA
"168",0,8.963,NA,0,0,"Y","E6","E6_EVENT1_A_2024_E6-SF1","E6_EVENT1_A_2024","A","2024","D",1,NA,"Wild","SF"," 2024-02-09 01:49:32",-8,"1","E6-SF1_2024","N",NA,NA,NA,NA,NA,NA,NA
"169",0,0,NA,0,0,"N","E6","E6_EVENT2_A_2025_E6-F1","E6_EVENT2_A_2025","A","2025","L",2,NA,"Wild","F","2025-03-20 07:43:40",0.4,"2","E6-F1_2025","N",NA,NA,NA,NA,NA,NA,NA
"170",0,0,NA,0,0,"N","E6","E6_EVENT2_A_2025_E6-M1","E6_EVENT2_A_2025","A","2025","L",2,NA,"Wild","M","2025-03-20 07:43:40",0.4,"2","E6-M1_2025","N",NA,NA,NA,NA,NA,NA,NA
"171",0,0,NA,0,0,"N","E6","E6_EVENT2_W_2025_E6-F1","E6_EVENT2_W_2025","W","2025","L",2,NA,"Wild","F","2025-03-20 07:43:50",0.4,"2","E6-F1_2025","N",NA,NA,NA,NA,NA,NA,NA
"172",0,0,NA,0,0,"N","E6","E6_EVENT2_W_2025_E6-M1","E6_EVENT2_W_2025","W","2025","L",2,NA,"Wild","M","2025-03-20 07:43:50",0.4,"2","E6-M1_2025","N",NA,NA,NA,NA,NA,NA,NA
"173",0,0,NA,0,0,"Y","E6","E6_EVENT2_W_2024_E6-U1","E6_EVENT2_W_2024","W","2024","D",1,NA,"Wild","U"," 2024-02-09 03:23:48",-8,"2","E6-U1_2024","N",NA,NA,NA,NA,NA,NA,NA
"174",0,0,NA,0,0,"Y","E6","E6_EVENT3_A_2025_E6-SM1","E6_EVENT3_A_2025","A","2025","L",3,NA,"Wild","SM","2025-03-23 07:00:40",2.7,"3","E6-SM1_2025","N",NA,NA,NA,NA,NA,NA,NA
"175",0,0,NA,0,0,"N","E6","E6_EVENT3_W_2025_E6-F1","E6_EVENT3_W_2025","W","2025","L",3,NA,"Wild","F","2025-03-23 07:01:46",2.7,"3","E6-F1_2025","N",NA,NA,NA,NA,NA,NA,NA
"176",0,0,NA,0,0,"N","E6","E6_EVENT3_W_2025_E6-M1","E6_EVENT3_W_2025","W","2025","L",3,NA,"Wild","M","2025-03-23 07:01:46",2.7,"3","E6-M1_2025","N",NA,NA,NA,NA,NA,NA,NA
"177",0,0,NA,0,0,"N","E6","E6_EVENT3_W_2025_E6-SM1","E6_EVENT3_W_2025","W","2025","L",3,NA,"Wild","SM","2025-03-23 07:01:46",2.7,"3","E6-SM1_2025","N",NA,NA,NA,NA,NA,NA,NA
"178",0,0,NA,1,0,"N","E6","E6_EVENT3_A_2024_E6-U1","E6_EVENT3_A_2024","A","2024","D",1,NA,"Wild","U"," 2024-02-09 04:29:52",-8,"3","E6-U1_2024","N",NA,NA,NA,NA,NA,NA,NA
"179",0,7.285,NA,0,0,"Y","E6","E6_EVENT4_A_2025_E6-SM1","E6_EVENT4_A_2025","A","2025","D",1,NA,"Wild","SM","2025-04-07 20:03:02",9.8,"4","E6-SM1_2025","N",NA,NA,NA,NA,NA,NA,NA
"180",0,0,NA,1,0,"Y","E6","E6_EVENT4_W_2024_E6-U1","E6_EVENT4_W_2024","W","2024","D",1,NA,"Wild","U"," 2024-02-09 05:17:42",-8,"4","E6-U1_2024","N",NA,NA,NA,NA,NA,NA,NA
"181",0,0,NA,0,0,"N","E6","E6_EVENT5_W_2025_E6-U1","E6_EVENT5_W_2025","W","2025","L",1,NA,"Wild","U","2025-04-08 17:31:10",8.4,"5","E6-U1_2025","N",NA,NA,NA,NA,NA,NA,NA
"182",0,0,NA,0,0,"Y","E6","E6_EVENT5_A_2024_E6-SF2","E6_EVENT5_A_2024","A","2024","D",1,NA,"Wild","SF"," 2024-02-09 05:33:26",-8,"5","E6-SF2_2024","Y",NA,NA,NA,NA,NA,NA,NA
"183",0,0,NA,0,0,"Y","E6","E6_EVENT5_W_2024_E6-SF2","E6_EVENT5_W_2024","W","2024","D",1,NA,"Wild","SF"," 2024-02-09 05:33:56",-8,"5","E6-SF2_2024","Y",NA,NA,NA,NA,NA,NA,NA
"184",0,0,NA,0,0,"Y","E6","E6_EVENT6_A_2024_E6-SM1","E6_EVENT6_A_2024","A","2024","D",1,NA,"Wild","SM"," 2024-02-09 06:25:06",-8,"6","E6-SM1_2024","Y",NA,NA,NA,NA,NA,NA,NA
"185",0,0,NA,0,0,"Y","E6","E6_EVENT6_W_2024_E6-SM1","E6_EVENT6_W_2024","W","2024","D",1,NA,"Wild","SM"," 2024-02-09 06:23:42",-8,"6","E6-SM1_2024","Y",NA,NA,NA,NA,NA,NA,NA
"186",0,0,NA,0,0,"N","E6","E6_EVENT7_A_2024_E6-M1","E6_EVENT7_A_2024","A","2024","L",1,NA,"Wild","M"," 2024-02-19 13:22:28",-3.6,"7","E6-M1_2024","N",NA,NA,NA,NA,NA,NA,NA
"187",0,0,NA,0,0,"Y","E6","E6_EVENT7_W_2024_E6-M1","E6_EVENT7_W_2024","W","2024","L",1,NA,"Wild","M"," 2024-02-19 13:21:54",-3.6,"7","E6-M1_2024","N",NA,NA,NA,NA,NA,NA,NA
"188",0,0,NA,1,0,"Y","E7","E7_EVENT10_W_2025_E7-SF3","E7_EVENT10_W_2025","W","2025","D",1,NA,"Wild","SF","2025-03-23 22:01:52",2.7,"10","E7-SF3_2025","Y",NA,NA,NA,NA,NA,NA,NA
"189",0,0,NA,0,0,"N","E7","E7_EVENT11_W_2025_E7-SF1","E7_EVENT11_W_2025","W","2025","D",1,NA,"Wild","SF","2025-03-24 03:51:40",6.5,"11","E7-SF1_2025","N",NA,NA,NA,NA,NA,NA,NA
"190",0,0,NA,1,0,"N","E7","E7_EVENT12_A_2025_E7-SF1","E7_EVENT12_A_2025","A","2025","D",2,NA,"Wild","SF","2025-03-29 22:08:50",-6.6,"12","E7-SF1_2025","N",NA,NA,NA,NA,NA,NA,NA
"191",0,0,NA,1,0,"N","E7","E7_EVENT12_A_2025_E7-U1","E7_EVENT12_A_2025","A","2025","D",2,NA,"Wild","U","2025-03-29 22:08:50",-6.6,"12","E7-U1_2025","N",NA,NA,NA,NA,NA,NA,NA
"192",0,0,NA,0,0,"Y","E7","E7_EVENT13_A_2025_E7-M1","E7_EVENT13_A_2025","A","2025","D",1,NA,"Wild","M","2025-03-29 23:04:46",-6.6,"13","E7-M1_2025","Y",NA,NA,NA,NA,NA,NA,NA
"193",0,0,NA,0,0,"N","E7","E7_EVENT14_A_2025_E7-U1","E7_EVENT14_A_2025","A","2025","D",1,NA,"Wild","U","2025-04-12 00:56:40",5.5,"14","E7-U1_2025","N",NA,NA,NA,NA,NA,NA,NA
"194",0,0,NA,0,0,"N","E7","E7_EVENT1_W_2025_E7-SF1","E7_EVENT1_W_2025","W","2025","D",1,NA,"Wild","SF","2025-02-17 19:05:52",-22.8,"1","E7-SF1_2025","N",NA,NA,NA,NA,NA,NA,NA
"195",0,0,NA,0,0,"Y","E7","E7_EVENT1_A_2024_E7-U1","E7_EVENT1_A_2024","A","2024","D",1,NA,"Wild","U"," 2024-02-08 20:40:40",-3.8,"1","E7-U1_2024","N",NA,NA,NA,NA,NA,NA,NA
"196",0,0,NA,0,0,"N","E7","E7_EVENT2_W_2025_E7-SF1","E7_EVENT2_W_2025","W","2025","D",1,NA,"Wild","SF","2025-02-17 21:47:30",-22.8,"2","E7-SF1_2025","N",NA,NA,NA,NA,NA,NA,NA
"197",19.799,46.849,3,0,0,"Y","E7","E7_EVENT2_A_2024_E7-F1","E7_EVENT2_A_2024","A","2024","D",1,NA,"Wild","F"," 2024-02-11 20:22:08",-0.4,"2","E7-F1_2024","N",NA,NA,NA,NA,NA,NA,NA
"198",6.266,58.549,3,0,0,"Y","E7","E7_EVENT2_W_2024_E7-F1","E7_EVENT2_W_2024","W","2024","D",1,NA,"Wild","F"," 2024-02-11 20:23:04",-0.4,"2","E7-F1_2024","N",NA,NA,NA,NA,NA,NA,NA
"199",0,0,NA,0,0,"N","E7","E7_EVENT3_W_2025_E7-SF1","E7_EVENT3_W_2025","W","2025","D",1,NA,"Wild","SF","2025-02-24 19:17:18",2.2,"3","E7-SF1_2025","N",NA,NA,NA,NA,NA,NA,NA
"200",0,0,NA,0,0,"Y","E7","E7_EVENT3_W_2024_E7-M1","E7_EVENT3_W_2024","W","2024","L",1,NA,"Wild","M"," 2024-02-14 12:42:00",-7.4,"3","E7-M1_2024","N",NA,NA,NA,NA,NA,NA,NA
"201",0,0,NA,1,0,"N","E7","E7_EVENT4_W_2025_E7-M1","E7_EVENT4_W_2025","W","2025","D",1,NA,"Wild","M","2025-02-25 01:07:36",1.7,"4","E7-M1_2025","Y",NA,NA,NA,NA,NA,NA,NA
"202",0,0,NA,0,0,"Y","E7","E7_EVENT4_A_2024_E7-U1","E7_EVENT4_A_2024","A","2024","D",1,NA,"Wild","U"," 2024-02-22 19:19:56",3,"4","E7-U1_2024","N",NA,NA,NA,NA,NA,NA,NA
"203",0,0,NA,0,0,"N","E7","E7_EVENT5_W_2025_E7-SM1","E7_EVENT5_W_2025","W","2025","D",1,NA,"Wild","SM","2025-03-04 01:15:10",-0.3,"5","E7-SM1_2025","Y",NA,NA,NA,NA,NA,NA,NA
"204",0,0,NA,0,0,"N","E7","E7_EVENT6_A_2025_E7-U1","E7_EVENT6_A_2025","A","2025","D",1,NA,"Wild","U","2025-03-04 01:15:22",-0.3,"6","E7-U1_2025","N",NA,NA,NA,NA,NA,NA,NA
"205",0,0,NA,1,0,"Y","E7","E7_EVENT7_W_2025_E7-SF1","E7_EVENT7_W_2025","W","2025","D",1,NA,"Wild","SF","2025-03-06 18:36:48",1.6,"7","E7-SF1_2025","N",NA,NA,NA,NA,NA,NA,NA
"206",0.429,2.643,1,1,0,"Y","E7","E7_EVENT8_W_2025_E7-SF2","E7_EVENT8_W_2025","W","2025","D",1,NA,"Wild","SF","2025-03-07 00:08:52",2.5,"8","E7-SF2_2025","Y",NA,NA,NA,NA,NA,NA,NA
"207",0,0,NA,0,0,"N","E7","E7_EVENT9_W_2025_E7-SM1","E7_EVENT9_W_2025","W","2025","D",1,NA,"Wild","SM","2025-03-21 04:15:30",2.1,"9","E7-SM1_2025","Y",NA,NA,NA,NA,NA,NA,NA
"208",0,0,NA,0,0,"N","E8","E8_EVENT10_A_2024_E8-F1","E8_EVENT10_A_2024","A","2024","D",3,NA,"Wild","F"," 2024-03-30 19:44:26",-3.2,"10","E8-F1_2024","N",NA,NA,NA,NA,NA,NA,NA
"209",0,0,NA,0,0,"N","E8","E8_EVENT10_A_2024_E8-M1","E8_EVENT10_A_2024","A","2024","D",3,NA,"Wild","M"," 2024-03-30 19:44:26",-3.2,"10","E8-M1_2024","N",NA,NA,NA,NA,NA,NA,NA
"210",0,0,NA,0,0,"N","E8","E8_EVENT10_A_2024_E8-M2","E8_EVENT10_A_2024","A","2024","D",3,NA,"Wild","M"," 2024-03-30 19:44:26",-3.2,"10","E8-M2_2024","N",NA,NA,NA,NA,NA,NA,NA
"211",0,0,NA,0,0,"Y","E8","E8_EVENT10_A_2024_E8-U2","E8_EVENT10_A_2024","A","2024","D",3,NA,"Wild","U"," 2024-03-30 19:44:26",-3.2,"10","E8-U2_2024","N",NA,NA,NA,NA,NA,NA,NA
"212",0,0,NA,0,0,"Y","E8","E8_EVENT10_W_2024_E8-F1","E8_EVENT10_W_2024","W","2024","D",3,NA,"Wild","F"," 2024-03-30 19:43:48",-3.2,"10","E8-F1_2024","N",NA,NA,NA,NA,NA,NA,NA
"213",0,0,NA,0,0,"Y","E8","E8_EVENT10_W_2024_E8-M1","E8_EVENT10_W_2024","W","2024","D",3,NA,"Wild","M"," 2024-03-30 19:43:48",-3.2,"10","E8-M1_2024","N",NA,NA,NA,NA,NA,NA,NA
"214",0,0,NA,0,0,"Y","E8","E8_EVENT10_W_2024_E8-M2","E8_EVENT10_W_2024","W","2024","D",3,NA,"Wild","M"," 2024-03-30 19:43:48",-3.2,"10","E8-M2_2024","N",NA,NA,NA,NA,NA,NA,NA
"215",0,0,NA,0,0,"N","E8","E8_EVENT10_W_2024_E8-U2","E8_EVENT10_W_2024","W","2024","D",3,NA,"Wild","U"," 2024-03-30 19:43:48",-3.2,"10","E8-U2_2024","N",NA,NA,NA,NA,NA,NA,NA
"216",0,0,NA,0,0,"N","E8","E8_EVENT11_A_2024_E8-U3","E8_EVENT11_A_2024","A","2024","D",1,NA,"Wild","U"," 2024-04-01 02:42:02",7,"11","E8-U3_2024","N",NA,NA,NA,NA,NA,NA,NA
"217",0,0,NA,0,0,"Y","E8","E8_EVENT1_A_2025_E8-M1","E8_EVENT1_A_2025","A","2025","D",1,NA,"Wild","M","2025-01-05 19:18:58",-14.6,"1","E8-M1_2025","N",NA,NA,NA,NA,NA,NA,NA
"218",0,0,NA,0,0,"N","E8","E8_EVENT1_W_2025_E8-M1","E8_EVENT1_W_2025","W","2025","D",1,NA,"Wild","M","2025-01-05 19:19:00",-14.6,"1","E8-M1_2025","N",NA,NA,NA,NA,NA,NA,NA
"219",0,0,NA,1,0,"Y","E8","E8_EVENT1_A_2024_E8-SF1","E8_EVENT1_A_2024","A","2024","L",1,NA,"Wild","SF"," 2024-03-04 05:55:46",-21.1,"1","E8-SF1_2024","N",NA,NA,NA,NA,NA,NA,NA
"220",0,0,NA,1,0,"Y","E8","E8_EVENT2_W_2025_E8-SF1","E8_EVENT2_W_2025","W","2025","D",1,NA,"Wild","SF","2025-01-05 22:12:16",-14.6,"2","E8-SF1_2025","N",NA,NA,NA,NA,NA,NA,NA
"221",0,0,NA,0,0,"N","E8","E8_EVENT2_A_2024_E8-U1","E8_EVENT2_A_2024","A","2024","L",1,NA,"Wild","U"," 2024-03-07 07:46:08",-11.4,"2","E8-U1_2024","N",NA,NA,NA,NA,NA,NA,NA
"222",0,0,NA,0,0,"Y","E8","E8_EVENT3_W_2025_E8-SM1","E8_EVENT3_W_2025","W","2025","D",1,NA,"Wild","SM","2025-01-12 20:31:50",-2.2,"3","E8-SM1_2025","N",NA,NA,NA,NA,NA,NA,NA
"223",0,0,NA,0,0,"Y","E8","E8_EVENT3_W_2024_E8-SM1","E8_EVENT3_W_2024","W","2024","D",1,NA,"Wild","SM"," 2024-03-11 21:56:44",1.5,"3","E8-SM1_2024","N",NA,NA,NA,NA,NA,NA,NA
"224",0,0,NA,0,0,"N","E8","E8_EVENT4_W_2025_E8-U1","E8_EVENT4_W_2025","W","2025","D",1,NA,"Wild","U","2025-01-15 17:52:04",3.6,"4","E8-U1_2025","N",NA,NA,NA,NA,NA,NA,NA
"225",0,0,NA,0,0,"Y","E8","E8_EVENT4_A_2024_E8-SM1","E8_EVENT4_A_2024","A","2024","D",1,NA,"Wild","SM"," 2024-03-14 05:07:26",4,"4","E8-SM1_2024","N",NA,NA,NA,NA,NA,NA,NA
"226",0,0,NA,1,0,"Y","E8","E8_EVENT5_W_2025_E8-U2","E8_EVENT5_W_2025","W","2025","L",1,NA,"Wild","U","2025-01-26 13:36:52",1,"5","E8-U2_2025","Y",NA,NA,NA,NA,NA,NA,NA
"227",0,0,NA,0,0,"Y","E8","E8_EVENT5_W_2024_E8-SM1","E8_EVENT5_W_2024","W","2024","D",1,NA,"Wild","SM"," 2024-03-14 21:29:04",4,"5","E8-SM1_2024","N",NA,NA,NA,NA,NA,NA,NA
"228",0,0,NA,0,0,"Y","E8","E8_EVENT6_W_2025_E8-U3","E8_EVENT6_W_2025","W","2025","D",1,NA,"Wild","U","2025-02-01 18:55:32",-20,"6","E8-U3_2025","N",NA,NA,NA,NA,NA,NA,NA
"229",0,0,NA,1,0,"Y","E8","E8_EVENT6_A_2024_E8-SF1","E8_EVENT6_A_2024","A","2024","D",1,NA,"Wild","SF"," 2024-03-16 21:34:46",5.8,"6","E8-SF1_2024","N",NA,NA,NA,NA,NA,NA,NA
"230",0,0,NA,0,0,"N","E8","E8_EVENT7_A_2025_E8-F1","E8_EVENT7_A_2025","A","2025","D",2,NA,"Wild","F","2025-02-01 19:49:38",-20,"7","E8-F1_2025","N",NA,NA,NA,NA,NA,NA,NA
"231",0,0,NA,0,0,"N","E8","E8_EVENT7_A_2025_E8-M1","E8_EVENT7_A_2025","A","2025","D",2,NA,"Wild","M","2025-02-01 19:49:38",-20,"7","E8-M1_2025","N",NA,NA,NA,NA,NA,NA,NA
"232",0,0,NA,1,0,"Y","E8","E8_EVENT7_W_2025_E8-F1","E8_EVENT7_W_2025","W","2025","D",2,NA,"Wild","F","2025-02-01 19:50:06",-20,"7","E8-F1_2025","N",NA,NA,NA,NA,NA,NA,NA
"233",0,0,NA,0,0,"N","E8","E8_EVENT7_W_2025_E8-M1","E8_EVENT7_W_2025","W","2025","D",2,NA,"Wild","M","2025-02-01 19:50:06",-20,"7","E8-M1_2025","N",NA,NA,NA,NA,NA,NA,NA
"234",0,0,NA,1,0,"N","E8","E8_EVENT7_A_2024_E8-F1","E8_EVENT7_A_2024","A","2024","D",3,NA,"Wild","F"," 2024-03-22 01:49:16",-8.4,"7","E8-F1_2024","N",NA,NA,NA,NA,NA,NA,NA
"235",0,0,NA,0,0,"Y","E8","E8_EVENT7_A_2024_E8-M1","E8_EVENT7_A_2024","A","2024","D",3,NA,"Wild","M"," 2024-03-22 01:49:16",-8.4,"7","E8-M1_2024","N",NA,NA,NA,NA,NA,NA,NA
"236",0,0,NA,0,0,"N","E8","E8_EVENT7_A_2024_E8-U2","E8_EVENT7_A_2024","A","2024","D",3,NA,"Wild","U"," 2024-03-22 01:49:16",-8.4,"7","E8-U2_2024","N",NA,NA,NA,NA,NA,NA,NA
"237",0,0,NA,0,0,"Y","E8","E8_EVENT7_W_2024_E8-F1","E8_EVENT7_W_2024","W","2024","D",3,NA,"Wild","F"," 2024-03-22 01:49:20",-8.4,"7","E8-F1_2024","N",NA,NA,NA,NA,NA,NA,NA
"238",0,0,NA,0,0,"Y","E8","E8_EVENT7_W_2024_E8-M1","E8_EVENT7_W_2024","W","2024","D",3,NA,"Wild","M"," 2024-03-22 01:49:20",-8.4,"7","E8-M1_2024","N",NA,NA,NA,NA,NA,NA,NA
"239",15.142,44.68,2,1,0,"Y","E8","E8_EVENT7_W_2024_E8-U2","E8_EVENT7_W_2024","W","2024","D",3,NA,"Wild","U"," 2024-03-22 01:49:20",-8.4,"7","E8-U2_2024","N",NA,NA,NA,NA,NA,NA,NA
"240",0,0,NA,1,0,"Y","E8","E8_EVENT8_W_2025_E8-U2","E8_EVENT8_W_2025","W","2025","L",1,NA,"Wild","U","2025-02-03 14:45:48",-26.8,"8","E8-U2_2025","Y",NA,NA,NA,NA,NA,NA,NA
"241",0,0,NA,1,0,"Y","E8","E8_EVENT8_A_2024_E8-SF2","E8_EVENT8_A_2024","A","2024","D",1,NA,"Wild","SF"," 2024-03-22 21:24:14",-8.4,"8","E8-SF2_2024","N",NA,NA,NA,NA,NA,NA,NA
"242",0,0,NA,0,0,"N","E8","E8_EVENT9_A_2024_E8-F1","E8_EVENT9_A_2024","A","2024","D",4,NA,"Wild","F"," 2024-03-26 23:28:26",-3.3,"9","E8-F1_2024","N",NA,NA,NA,NA,NA,NA,NA
"243",0,0,NA,0,0,"N","E8","E8_EVENT9_A_2024_E8-M1","E8_EVENT9_A_2024","A","2024","D",4,NA,"Wild","M"," 2024-03-26 23:28:26",-3.3,"9","E8-M1_2024","N",NA,NA,NA,NA,NA,NA,NA
"244",0,0,NA,0,0,"N","E8","E8_EVENT9_A_2024_E8-M2","E8_EVENT9_A_2024","A","2024","D",4,NA,"Wild","M"," 2024-03-26 23:28:26",-3.3,"9","E8-M2_2024","N",NA,NA,NA,NA,NA,NA,NA
"245",0,0,NA,0,0,"N","E8","E8_EVENT9_A_2024_E8-U2","E8_EVENT9_A_2024","A","2024","D",4,NA,"Wild","U"," 2024-03-26 23:28:26",-3.3,"9","E8-U2_2024","N",NA,NA,NA,NA,NA,NA,NA
"246",0,0,NA,0,0,"Y","E8","E8_EVENT9_W_2024_E8-M1","E8_EVENT9_W_2024","W","2024","D",4,NA,"Wild","M"," 2024-03-26 23:26:54",-3.3,"9","E8-M1_2024","N",NA,NA,NA,NA,NA,NA,NA
"247",0,0,NA,0,0,"Y","E8","E8_EVENT9_W_2024_E8-M2","E8_EVENT9_W_2024","W","2024","D",4,NA,"Wild","M"," 2024-03-26 23:26:54",-3.3,"9","E8-M2_2024","N",NA,NA,NA,NA,NA,NA,NA
"248",0,0,NA,0,0,"Y","E8","E8_EVENT9_W_2024_E8-SF1","E8_EVENT9_W_2024","W","2024","D",4,NA,"Wild","SF"," 2024-03-26 23:26:54",-3.3,"9","E8-SF1_2024","N",NA,NA,NA,NA,NA,NA,NA
"249",6.144,34.25,2,1,0,"Y","E8","E8_EVENT9_W_2024_E8-U2","E8_EVENT9_W_2024","W","2024","D",4,NA,"Wild","U"," 2024-03-26 23:26:54",-3.3,"9","E8-U2_2024","N",NA,NA,NA,NA,NA,NA,NA
"250",0,0,NA,0,0,"Y","E9","E9_EVENT1_A_2025_E9-U1","E9_EVENT1_A_2025","A","2025","D",1,NA,"Wild","U","2025-01-05 17:52:06",-14.6,"1","E9-U1_2025","N",NA,NA,NA,NA,NA,NA,NA
"251",0,0,NA,1,0,"Y","E9","E9_EVENT1_A_2024_E9-SF1","E9_EVENT1_A_2024","A","2024","D",1,NA,"Wild","SF"," 2024-03-07 23:48:26",-11.4,"1","E9-SF1_2024","N",NA,NA,NA,NA,NA,NA,NA
"252",0,0,NA,0,0,"N","E9","E9_EVENT2_A_2025_E9-U2","E9_EVENT2_A_2025","A","2025","D",1,NA,"Wild","U","2025-01-06 02:20:36",-10.6,"2","E9-U2_2025","N",NA,NA,NA,NA,NA,NA,NA
"253",0,10.534,NA,0,0,"Y","E9","E9_EVENT2_W_2024_E9-SF2","E9_EVENT2_W_2024","W","2024","D",1,NA,"Wild","SF"," 2024-03-13 23:34:34",0.7,"2","E9-SF2_2024","N",NA,NA,NA,NA,NA,NA,NA
"254",0,0,NA,1,0,"Y","E9","E9_EVENT3_A_2025_E9-U3","E9_EVENT3_A_2025","A","2025","D",1,NA,"Wild","U","2025-01-09 06:29:40",-1.7,"3","E9-U3_2025","N",NA,NA,NA,NA,NA,NA,NA
"255",0,0,NA,0,0,"N","E9","E9_EVENT3_W_2024_E9-M1","E9_EVENT3_W_2024","W","2024","L",1,NA,"Wild","M"," 2024-03-16 17:49:12",5.8,"3","E9-M1_2024","Y",NA,NA,NA,NA,NA,NA,NA
"256",0,0,NA,0,0,"Y","E9","E9_EVENT4_A_2025_E9-F1","E9_EVENT4_A_2025","A","2025","D",2,NA,"Wild","F","2025-01-12 00:30:54",-2.2,"4","E9-F1_2025","N",NA,NA,NA,NA,NA,NA,NA
"257",0,0,NA,0,0,"N","E9","E9_EVENT4_A_2025_E9-M1","E9_EVENT4_A_2025","A","2025","D",2,NA,"Wild","M","2025-01-12 00:30:54",-2.2,"4","E9-M1_2025","N",NA,NA,NA,NA,NA,NA,NA
"258",0.215,19.392,2,1,0,"Y","E9","E9_EVENT4_A_2024_E9-SF3","E9_EVENT4_A_2024","A","2024","D",1,NA,"Wild","SF"," 2024-03-27 21:01:40",3.1,"4","E9-SF3_2024","N",NA,NA,NA,NA,NA,NA,NA
"259",0,0.786,NA,0,0,"Y","E9","E9_EVENT5_A_2025_E9-U4","E9_EVENT5_A_2025","A","2025","D",1,NA,"Wild","U","2025-01-25 23:05:32",-4.3,"5","E9-U4_2025","Y",NA,NA,NA,NA,NA,NA,NA
"260",0,0,NA,0,0,"Y","E9","E9_EVENT5_A_2024_E9-SF4","E9_EVENT5_A_2024","A","2024","D",1,NA,"Wild","SF"," 2024-03-30 01:49:26",-3.2,"5","E9-SF4_2024","Y",NA,NA,NA,NA,NA,NA,NA
"261",0,0,NA,1,0,"N","E9","E9_EVENT6_A_2025_E9-U3","E9_EVENT6_A_2025","A","2025","D",1,NA,"Wild","U","2025-02-08 14:27:28",-14.3,"6","E9-U3_2025","N",NA,NA,NA,NA,NA,NA,NA
"262",0,39.534,NA,0,0,"Y","E9","E9_EVENT6_A_2024_E9-SF4","E9_EVENT6_A_2024","A","2024","D",1,NA,"Wild","SF"," 2024-03-31 22:15:38",1.5,"6","E9-SF4_2024","Y",NA,NA,NA,NA,NA,NA,NA
"263",0.966,12.666,2,0,0,"Y","NE1","NE1_EVENT1_W_2025_NE1-M1","NE1_EVENT1_W_2025","W","2025","D",1,-0.926203850767381,"City","M","2025-03-18 22:35:05",-1.6,"1","NE1-M1_2025","N","0.016323",838.0353167,24.54095655,19.17940275,6949.50529633,20826.66587,103176.781
"264",0,0,NA,0,0,"Y","NE1","NE1_EVENT1_A_2024_NE1-F1","NE1_EVENT1_A_2024","A","2024","D",1,-0.926203850767381,"City","F"," 2024-02-06 06:10:24",-6.4,"1","NE1-F1_2024","Y","0.016323",838.0353167,24.54095655,19.17940275,6949.50529633,20826.66587,103176.781
"265",10.181,60.5,3,0,0,"Y","NE1","NE1_EVENT1_W_2024_NE1-F1","NE1_EVENT1_W_2024","W","2024","D",1,-0.926203850767381,"City","F"," 2024-02-06 06:07:37",-6.4,"1","NE1-F1_2024","Y","0.016323",838.0353167,24.54095655,19.17940275,6949.50529633,20826.66587,103176.781
"266",100.289,203.945,5,0,1,"Y","NE1","NE1_EVENT2_W_2025_NE1-F1","NE1_EVENT2_W_2025","W","2025","L",1,-0.926203850767381,"City","F","2025-03-29 13:51:38",-6.6,"2","NE1-F1_2025","Y","0.016323",838.0353167,24.54095655,19.17940275,6949.50529633,20826.66587,103176.781
"267",0,0,NA,0,0,"Y","NE1","NE1_EVENT2_A_2024_NE1-F1","NE1_EVENT2_A_2024","A","2024","L",1,-0.926203850767381,"City","F"," 2024-02-06 09:32:06",-6.4,"2","NE1-F1_2024","Y","0.016323",838.0353167,24.54095655,19.17940275,6949.50529633,20826.66587,103176.781
"268",4.584,10.449,2,1,0,"Y","NE1","NE1_EVENT3_A_2024_NE1-F1","NE1_EVENT3_A_2024","A","2024","D",1,-0.926203850767381,"City","F"," 2024-02-10 21:07:04",-7.5,"3","NE1-F1_2024","Y","0.016323",838.0353167,24.54095655,19.17940275,6949.50529633,20826.66587,103176.781
"269",0,0,NA,0,0,"N","NE1","NE1_EVENT4_A_2024_NE1-SF1","NE1_EVENT4_A_2024","A","2024","D",1,-0.926203850767381,"City","SF"," 2024-02-16 20:27:22",-7.3,"4","NE1-SF1_2024","Y","0.016323",838.0353167,24.54095655,19.17940275,6949.50529633,20826.66587,103176.781
"270",0,0,NA,0,0,"N","NE1","NE1_EVENT4_W_2024_NE1-SF1","NE1_EVENT4_W_2024","W","2024","D",1,-0.926203850767381,"City","SF"," 2024-02-16 20:27:06",-7.3,"4","NE1-SF1_2024","Y","0.016323",838.0353167,24.54095655,19.17940275,6949.50529633,20826.66587,103176.781
"271",0,0,NA,0,0,"Y","NE1","NE1_EVENT5_A_2024_NE1-M1","NE1_EVENT5_A_2024","A","2024","L",1,-0.926203850767381,"City","M"," 2024-02-19 12:49:44",-3.6,"5","NE1-M1_2024","N","0.016323",838.0353167,24.54095655,19.17940275,6949.50529633,20826.66587,103176.781
"272",0.767,4.65,2,0,0,"Y","NE1","NE1_EVENT6_W_2024_NE1-F1","NE1_EVENT6_W_2024","W","2024","D",1,-0.926203850767381,"City","F"," 2024-02-21 03:59:41",-2.3,"6","NE1-F1_2024","Y","0.016323",838.0353167,24.54095655,19.17940275,6949.50529633,20826.66587,103176.781
"273",1.617,10.15,2,0,0,"Y","NE1","NE1_EVENT7_A_2024_NE1-F1","NE1_EVENT7_A_2024","A","2024","L",1,-0.926203850767381,"City","F"," 2024-02-22 08:18:30",3,"7","NE1-F1_2024","Y","0.016323",838.0353167,24.54095655,19.17940275,6949.50529633,20826.66587,103176.781
"274",0,0,NA,0,0,"Y","NE1","NE1_EVENT8_A_2024_NE1-F1","NE1_EVENT8_A_2024","A","2024","D",1,-0.926203850767381,"City","F"," 2024-02-23 03:23:42",5.3,"8","NE1-F1_2024","Y","0.016323",838.0353167,24.54095655,19.17940275,6949.50529633,20826.66587,103176.781
"275",1.534,8.868,2,0,0,"Y","NE1","NE1_EVENT8_W_2024_NE1-F1","NE1_EVENT8_W_2024","W","2024","D",1,-0.926203850767381,"City","F"," 2024-02-23 03:22:28",5.3,"8","NE1-F1_2024","Y","0.016323",838.0353167,24.54095655,19.17940275,6949.50529633,20826.66587,103176.781
"276",0,0,NA,1,0,"Y","NE1","NE1_EVENT9_A_2024_NE1-F1","NE1_EVENT9_A_2024","A","2024","D",1,-0.926203850767381,"City","F"," 2024-02-28 05:31:24",-17.4,"9","NE1-F1_2024","Y","0.016323",838.0353167,24.54095655,19.17940275,6949.50529633,20826.66587,103176.781
"277",34.794,91.123,2,0,1,"Y","NE2","NE2_EVENT10_W_2025_NE2-M1","NE2_EVENT10_W_2025","W","2025","D",1,-0.848045474933128,"City","M","2025-03-08 18:09:18",4.7,"10","NE2-M1_2025","N","0.011799",2518.28801,87.0832986,1.466528777,4416.81464571,15090.352,73038.57066
"278",2.333,9.832,1,0,0,"Y","NE2","NE2_EVENT11_A_2025_NE2-F1","NE2_EVENT11_A_2025","A","2025","D",2,-0.848045474933128,"City","F","2025-03-20 04:53:48",0.4,"11","NE2-F1_2025","N","0.011799",2518.28801,87.0832986,1.466528777,4416.81464571,15090.352,73038.57066
"279",0,0,NA,0,0,"N","NE2","NE2_EVENT11_A_2025_NE2-M2","NE2_EVENT11_A_2025","A","2025","D",2,-0.848045474933128,"City","M","2025-03-20 04:53:48",0.4,"11","NE2-M2_2025","N","0.011799",2518.28801,87.0832986,1.466528777,4416.81464571,15090.352,73038.57066
"280",0,11.098,NA,0,0,"Y","NE2","NE2_EVENT11_W_2025_NE2-F1","NE2_EVENT11_W_2025","W","2025","D",2,-0.848045474933128,"City","F","2025-03-20 04:53:35",0.4,"11","NE2-F1_2025","N","0.011799",2518.28801,87.0832986,1.466528777,4416.81464571,15090.352,73038.57066
"281",0,11.264,NA,0,0,"Y","NE2","NE2_EVENT11_W_2025_NE2-M2","NE2_EVENT11_W_2025","W","2025","D",2,-0.848045474933128,"City","M","2025-03-20 04:53:35",0.4,"11","NE2-M2_2025","N","0.011799",2518.28801,87.0832986,1.466528777,4416.81464571,15090.352,73038.57066
"282",0,0,NA,0,0,"Y","NE2","NE2_EVENT12_A_2025_NE2-F1","NE2_EVENT12_A_2025","A","2025","L",2,-0.848045474933128,"City","F","2025-03-23 06:29:34",2.7,"12","NE2-F1_2025","N","0.011799",2518.28801,87.0832986,1.466528777,4416.81464571,15090.352,73038.57066
"283",0,0,NA,0,0,"Y","NE2","NE2_EVENT12_A_2025_NE2-M2","NE2_EVENT12_A_2025","A","2025","L",2,-0.848045474933128,"City","M","2025-03-23 06:29:34",2.7,"12","NE2-M2_2025","N","0.011799",2518.28801,87.0832986,1.466528777,4416.81464571,15090.352,73038.57066
"284",0,0,NA,0,0,"N","NE2","NE2_EVENT12_W_2025_NE2-F1","NE2_EVENT12_W_2025","W","2025","L",2,-0.848045474933128,"City","F","2025-03-23 06:28:50",2.7,"12","NE2-F1_2025","N","0.011799",2518.28801,87.0832986,1.466528777,4416.81464571,15090.352,73038.57066
"285",0,13.065,NA,0,0,"Y","NE2","NE2_EVENT12_W_2025_NE2-M2","NE2_EVENT12_W_2025","W","2025","L",2,-0.848045474933128,"City","M","2025-03-23 06:28:50",2.7,"12","NE2-M2_2025","N","0.011799",2518.28801,87.0832986,1.466528777,4416.81464571,15090.352,73038.57066
"286",0,7.345,NA,0,0,"Y","NE2","NE2_EVENT13_A_2025_NE2-M1","NE2_EVENT13_A_2025","A","2025","D",1,-0.848045474933128,"City","M","2025-03-24 04:08:12",6.5,"13","NE2-M1_2025","N","0.011799",2518.28801,87.0832986,1.466528777,4416.81464571,15090.352,73038.57066
"287",0,0,NA,0,0,"Y","NE2","NE2_EVENT13_W_2025_NE2-M1","NE2_EVENT13_W_2025","W","2025","D",1,-0.848045474933128,"City","M","2025-03-24 04:07:40",6.5,"13","NE2-M1_2025","N","0.011799",2518.28801,87.0832986,1.466528777,4416.81464571,15090.352,73038.57066
"288",3.466,10.232,2,0,0,"Y","NE2","NE2_EVENT14_A_2025_NE2-SF1","NE2_EVENT14_A_2025","A","2025","D",1,-0.848045474933128,"City","SF","2025-03-26 08:30:52",3.9,"14","NE2-SF1_2025","Y","0.011799",2518.28801,87.0832986,1.466528777,4416.81464571,15090.352,73038.57066
"289",0.533,7.066,1,0,0,"Y","NE2","NE2_EVENT15_A_2025_NE2-SF1","NE2_EVENT15_A_2025","A","2025","D",1,-0.848045474933128,"City","SF","2025-03-30 04:12:26",-5.1,"15","NE2-SF1_2025","Y","0.011799",2518.28801,87.0832986,1.466528777,4416.81464571,15090.352,73038.57066
"290",0,5.133,NA,0,0,"Y","NE2","NE2_EVENT16_W_2025_NE2-F1","NE2_EVENT16_W_2025","W","2025","L",1,-0.848045474933128,"City","F","2025-03-31 10:41:29",0.8,"16","NE2-F1_2025","N","0.011799",2518.28801,87.0832986,1.466528777,4416.81464571,15090.352,73038.57066
"291",0,0,NA,0,0,"Y","NE2","NE2_EVENT1_W_2025_NE2-F1","NE2_EVENT1_W_2025","W","2025","L",1,-0.848045474933128,"City","F","2025-02-19 17:00:59",-21,"1","NE2-F1_2025","N","0.011799",2518.28801,87.0832986,1.466528777,4416.81464571,15090.352,73038.57066
"292",0,0,NA,0,0,"Y","NE2","NE2_EVENT1_W_2024_NE2-SM1","NE2_EVENT1_W_2024","W","2024","D",1,-0.848045474933128,"City","SM"," 2024-02-06 18:46:24",-6.4,"1","NE2-SM1_2024","N","0.011799",2518.28801,87.0832986,1.466528777,4416.81464571,15090.352,73038.57066
"293",0,1.303,NA,0,0,"Y","NE2","NE2_EVENT2_A_2025_NE2-U2","NE2_EVENT2_A_2025","A","2025","D",1,-0.848045474933128,"City","U","2025-02-19 22:18:46",-21,"2","NE2-U2_2025","N","0.011799",2518.28801,87.0832986,1.466528777,4416.81464571,15090.352,73038.57066
"294",0,0,NA,0,0,"Y","NE2","NE2_EVENT2_W_2025_NE2-U2","NE2_EVENT2_W_2025","W","2025","D",1,-0.848045474933128,"City","U","2025-02-19 22:20:05",-21,"2","NE2-U2_2025","N","0.011799",2518.28801,87.0832986,1.466528777,4416.81464571,15090.352,73038.57066
"295",0,0,NA,0,0,"Y","NE2","NE2_EVENT2_A_2024_NE2-SM1","NE2_EVENT2_A_2024","A","2024","D",1,-0.848045474933128,"City","SM"," 2024-02-06 23:40:52",-6.4,"2","NE2-SM1_2024","N","0.011799",2518.28801,87.0832986,1.466528777,4416.81464571,15090.352,73038.57066
"296",0,3.401,NA,0,0,"Y","NE2","NE2_EVENT2_W_2024_NE2-SM1","NE2_EVENT2_W_2024","W","2024","D",1,-0.848045474933128,"City","SM"," 2024-02-06 23:38:12",-6.4,"2","NE2-SM1_2024","N","0.011799",2518.28801,87.0832986,1.466528777,4416.81464571,15090.352,73038.57066
"297",0,7.665,NA,0,0,"Y","NE2","NE2_EVENT3_W_2025_NE2-U2","NE2_EVENT3_W_2025","W","2025","D",1,-0.848045474933128,"City","U","2025-02-20 05:22:42",-10.4,"3","NE2-U2_2025","N","0.011799",2518.28801,87.0832986,1.466528777,4416.81464571,15090.352,73038.57066
"298",0,0,NA,1,0,"N","NE2","NE2_EVENT3_A_2024_NE2-U1","NE2_EVENT3_A_2024","A","2024","D",1,-0.848045474933128,"City","U"," 2024-02-07 21:25:38",-4.4,"3","NE2-U1_2024","N","0.011799",2518.28801,87.0832986,1.466528777,4416.81464571,15090.352,73038.57066
"299",0,2.01,NA,0,0,"Y","NE2","NE2_EVENT4_A_2025_NE2-U2","NE2_EVENT4_A_2025","A","2025","D",1,-0.848045474933128,"City","U","2025-02-21 05:05:09",1.3,"4","NE2-U2_2025","N","0.011799",2518.28801,87.0832986,1.466528777,4416.81464571,15090.352,73038.57066
"300",0,0,NA,0,0,"Y","NE2","NE2_EVENT4_W_2024_NE2-SM1","NE2_EVENT4_W_2024","W","2024","D",1,-0.848045474933128,"City","SM"," 2024-02-08 06:14:00",-3.8,"4","NE2-SM1_2024","N","0.011799",2518.28801,87.0832986,1.466528777,4416.81464571,15090.352,73038.57066
"301",0,0,NA,0,0,"Y","NE2","NE2_EVENT5_A_2025_NE2-U2","NE2_EVENT5_A_2025","A","2025","D",1,-0.848045474933128,"City","U","2025-02-22 02:20:31",4.7,"5","NE2-U2_2025","N","0.011799",2518.28801,87.0832986,1.466528777,4416.81464571,15090.352,73038.57066
"302",0,0,NA,0,0,"Y","NE2","NE2_EVENT5_W_2024_NE2-SM1","NE2_EVENT5_W_2024","W","2024","D",1,-0.848045474933128,"City","SM"," 2024-02-08 07:10:44",-3.8,"5","NE2-SM1_2024","N","0.011799",2518.28801,87.0832986,1.466528777,4416.81464571,15090.352,73038.57066
"303",0,3.033,NA,0,0,"Y","NE2","NE2_EVENT6_A_2025_NE2-M1","NE2_EVENT6_A_2025","A","2025","D",1,-0.848045474933128,"City","M","2025-02-24 05:12:33",2.2,"6","NE2-M1_2025","N","0.011799",2518.28801,87.0832986,1.466528777,4416.81464571,15090.352,73038.57066
"304",0,1.017,NA,0,0,"Y","NE2","NE2_EVENT6_A_2024_NE2-SF1","NE2_EVENT6_A_2024","A","2024","D",1,-0.848045474933128,"City","SF"," 2024-02-09 05:10:16",-8,"6","NE2-SF1_2024","Y","0.011799",2518.28801,87.0832986,1.466528777,4416.81464571,15090.352,73038.57066
"305",0,0.933,NA,0,0,"Y","NE2","NE2_EVENT7_W_2025_NE2-F1","NE2_EVENT7_W_2025","W","2025","D",1,-0.848045474933128,"City","F","2025-03-06 19:05:03",1.6,"7","NE2-F1_2025","N","0.011799",2518.28801,87.0832986,1.466528777,4416.81464571,15090.352,73038.57066
"306",0,4.233,NA,0,0,"Y","NE2","NE2_EVENT7_A_2024_NE2-SM1","NE2_EVENT7_A_2024","A","2024","D",1,-0.848045474933128,"City","SM"," 2024-02-19 18:28:44",-3.6,"7","NE2-SM1_2024","N","0.011799",2518.28801,87.0832986,1.466528777,4416.81464571,15090.352,73038.57066
"307",0,0,NA,0,0,"N","NE2","NE2_EVENT7_W_2024_NE2-SM1","NE2_EVENT7_W_2024","W","2024","D",1,-0.848045474933128,"City","SM"," 2024-02-19 18:28:24",-3.6,"7","NE2-SM1_2024","N","0.011799",2518.28801,87.0832986,1.466528777,4416.81464571,15090.352,73038.57066
"308",0,0,NA,0,0,"Y","NE2","NE2_EVENT8_A_2025_NE2-M2","NE2_EVENT8_A_2025","A","2025","D",1,-0.848045474933128,"City","M","2025-03-06 20:37:45",1.6,"8","NE2-M2_2025","N","0.011799",2518.28801,87.0832986,1.466528777,4416.81464571,15090.352,73038.57066
"309",0,0,NA,0,0,"Y","NE2","NE2_EVENT8_W_2025_NE2-M2","NE2_EVENT8_W_2025","W","2025","D",1,-0.848045474933128,"City","M","2025-03-06 20:38:36",1.6,"8","NE2-M2_2025","N","0.011799",2518.28801,87.0832986,1.466528777,4416.81464571,15090.352,73038.57066
"310",0,0,NA,0,0,"Y","NE2","NE2_EVENT8_A_2024_NE2-SF1","NE2_EVENT8_A_2024","A","2024","D",1,-0.848045474933128,"City","SF"," 2024-02-22 04:57:20",3,"8","NE2-SF1_2024","Y","0.011799",2518.28801,87.0832986,1.466528777,4416.81464571,15090.352,73038.57066
"311",0,0,NA,0,0,"Y","NE2","NE2_EVENT9_A_2025_NE2-SF1","NE2_EVENT9_A_2025","A","2025","D",1,-0.848045474933128,"City","SF","2025-03-07 23:55:10",2.5,"9","NE2-SF1_2025","Y","0.011799",2518.28801,87.0832986,1.466528777,4416.81464571,15090.352,73038.57066
"312",3.334,23.028,2,0,0,"Y","NE2","NE2_EVENT9_W_2025_NE2-SF1","NE2_EVENT9_W_2025","W","2025","D",1,-0.848045474933128,"City","SF","2025-03-07 23:55:19",2.5,"9","NE2-SF1_2025","Y","0.011799",2518.28801,87.0832986,1.466528777,4416.81464571,15090.352,73038.57066
"313",0,0,NA,0,0,"Y","NE2","NE2_EVENT9_A_2024_NE2-SF1","NE2_EVENT9_A_2024","A","2024","D",1,-0.848045474933128,"City","SF"," 2024-02-27 13:14:56",-19.7,"9","NE2-SF1_2024","Y","0.011799",2518.28801,87.0832986,1.466528777,4416.81464571,15090.352,73038.57066
"314",2.965,14.717,2,1,0,"Y","NE3","NE3_EVENT1_A_2025_NE3-F1","NE3_EVENT1_A_2025","A","2025","D",1,0.0940393235753364,"City","F","2025-02-20 02:49:16",-10.4,"1","NE3-F1_2025","N","0.015589",2518.28801,87.0832986,1.466528777,4666.23703025,13468.67378,94125.42643
"315",0,0,NA,0,0,"Y","NE3","NE3_EVENT1_W_2025_NE3-F1","NE3_EVENT1_W_2025","W","2025","D",1,0.0940393235753364,"City","F","2025-02-20 02:50:56",-10.4,"1","NE3-F1_2025","N","0.015589",2518.28801,87.0832986,1.466528777,4666.23703025,13468.67378,94125.42643
"316",0,0,NA,0,0,"N","NE3","NE3_EVENT1_A_2024_NE3-SM1","NE3_EVENT1_A_2024","A","2024","D",1,0.0940393235753364,"City","SM"," 2024-02-13 06:27:48",-3.9,"1","NE3-SM1_2024","N","0.015589",2518.28801,87.0832986,1.466528777,4666.23703025,13468.67378,94125.42643
"317",0,0,NA,0,0,"Y","NE3","NE3_EVENT2_A_2025_NE3-SM1","NE3_EVENT2_A_2025","A","2025","L",1,0.0940393235753364,"City","SM","2025-03-08 16:48:50",4.7,"2","NE3-SM1_2025","N","0.015589",2518.28801,87.0832986,1.466528777,4666.23703025,13468.67378,94125.42643
"318",0,0,NA,0,0,"Y","NE3","NE3_EVENT2_A_2024_NE3-F1","NE3_EVENT2_A_2024","A","2024","D",1,0.0940393235753364,"City","F"," 2024-02-25 02:35:20",-6,"2","NE3-F1_2024","N","0.015589",2518.28801,87.0832986,1.466528777,4666.23703025,13468.67378,94125.42643
"319",0,12.658,NA,0,0,"Y","NE3","NE3_EVENT3_A_2025_NE3-F1","NE3_EVENT3_A_2025","A","2025","L",1,0.0940393235753364,"City","F","2025-03-20 08:06:36",0.4,"3","NE3-F1_2025","N","0.015589",2518.28801,87.0832986,1.466528777,4666.23703025,13468.67378,94125.42643
"320",0,0,NA,0,0,"Y","NE3","NE3_EVENT3_W_2025_NE3-F1","NE3_EVENT3_W_2025","W","2025","L",1,0.0940393235753364,"City","F","2025-03-20 08:09:22",0.4,"3","NE3-F1_2025","N","0.015589",2518.28801,87.0832986,1.466528777,4666.23703025,13468.67378,94125.42643
"321",0,0,NA,0,0,"Y","NE3","NE3_EVENT4_A_2025_NE3-F1","NE3_EVENT4_A_2025","A","2025","D",1,0.0940393235753364,"City","F","2025-03-23 00:54:50",2.7,"4","NE3-F1_2025","N","0.015589",2518.28801,87.0832986,1.466528777,4666.23703025,13468.67378,94125.42643
"322",0,7.667,NA,0,0,"Y","NE3","NE3_EVENT4_W_2025_NE3-F1","NE3_EVENT4_W_2025","W","2025","D",1,0.0940393235753364,"City","F","2025-03-23 00:54:34",2.7,"4","NE3-F1_2025","N","0.015589",2518.28801,87.0832986,1.466528777,4666.23703025,13468.67378,94125.42643
"323",0.167,5.25,1,0,0,"Y","NE3","NE3_EVENT5_A_2025_NE3-F1","NE3_EVENT5_A_2025","A","2025","D",1,0.0940393235753364,"City","F","2025-03-23 01:18:30",2.7,"5","NE3-F1_2025","N","0.015589",2518.28801,87.0832986,1.466528777,4666.23703025,13468.67378,94125.42643
"324",0.767,6.067,1,0,0,"Y","NE3","NE3_EVENT5_W_2025_NE3-F1","NE3_EVENT5_W_2025","W","2025","D",1,0.0940393235753364,"City","F","2025-03-23 01:19:02",2.7,"5","NE3-F1_2025","N","0.015589",2518.28801,87.0832986,1.466528777,4666.23703025,13468.67378,94125.42643
"325",0,0,NA,0,0,"N","NE3","NE3_EVENT6_A_2025_NE3-SM1","NE3_EVENT6_A_2025","A","2025","D",1,0.0940393235753364,"City","SM","2025-03-24 02:50:40",6.5,"6","NE3-SM1_2025","N","0.015589",2518.28801,87.0832986,1.466528777,4666.23703025,13468.67378,94125.42643
"326",0,0,NA,0,0,"Y","NE3","NE3_EVENT6_W_2025_NE3-SM1","NE3_EVENT6_W_2025","W","2025","D",1,0.0940393235753364,"City","SM","2025-03-24 02:51:38",6.5,"6","NE3-SM1_2025","N","0.015589",2518.28801,87.0832986,1.466528777,4666.23703025,13468.67378,94125.42643
"327",0,0,NA,0,0,"N","NE3","NE3_EVENT7_W_2025_NE3-U1","NE3_EVENT7_W_2025","W","2025","D",1,0.0940393235753364,"City","U","2025-03-24 04:21:30",6.5,"7","NE3-U1_2025","N","0.015589",2518.28801,87.0832986,1.466528777,4666.23703025,13468.67378,94125.42643
"328",0,0,NA,0,0,"N","NE3","NE3_EVENT8_A_2025_NE3-U1","NE3_EVENT8_A_2025","A","2025","D",1,0.0940393235753364,"City","U","2025-04-08 22:25:00",8.4,"8","NE3-U1_2025","N","0.015589",2518.28801,87.0832986,1.466528777,4666.23703025,13468.67378,94125.42643
"329",0,0,NA,0,0,"Y","NE3","NE3_EVENT9_A_2025_NE3-F1","NE3_EVENT9_A_2025","A","2025","D",2,0.0940393235753364,"City","F","2025-04-08 22:33:02",8.4,"9","NE3-F1_2025","N","0.015589",2518.28801,87.0832986,1.466528777,4666.23703025,13468.67378,94125.42643
"330",0,0,NA,0,0,"Y","NE3","NE3_EVENT9_A_2025_NE3-SM1","NE3_EVENT9_A_2025","A","2025","D",2,0.0940393235753364,"City","SM","2025-04-08 22:33:02",8.4,"9","NE3-SM1_2025","N","0.015589",2518.28801,87.0832986,1.466528777,4666.23703025,13468.67378,94125.42643
"331",0,0,NA,0,0,"N","NE3","NE3_EVENT9_W_2025_NE3-F1","NE3_EVENT9_W_2025","W","2025","D",2,0.0940393235753364,"City","F","2025-04-08 22:34:22",8.4,"9","NE3-F1_2025","N","0.015589",2518.28801,87.0832986,1.466528777,4666.23703025,13468.67378,94125.42643
"332",0,0,NA,0,0,"N","NE3","NE3_EVENT9_W_2025_NE3-SM1","NE3_EVENT9_W_2025","W","2025","D",2,0.0940393235753364,"City","SM","2025-04-08 22:34:22",8.4,"9","NE3-SM1_2025","N","0.015589",2518.28801,87.0832986,1.466528777,4666.23703025,13468.67378,94125.42643
"333",0,0,NA,0,0,"Y","NE4","NE4_EVENT10_W_2025_NE4-F1","NE4_EVENT10_W_2025","W","2025","L",1,0.250441651376105,"City","F","2025-03-04 16:10:20",-0.3,"10","NE4-F1_2025","Y","0.010981",5733.214224,90.44492971,4.992344502,6047.40476392,19180.06838,72678.33172
"334",0,0,NA,0,0,"N","NE4","NE4_EVENT11_A_2025_NE4-M2","NE4_EVENT11_A_2025","A","2025","D",1,0.250441651376105,"City","M","2025-03-07 23:19:26",2.5,"11","NE4-M2_2025","Y","0.010981",5733.214224,90.44492971,4.992344502,6047.40476392,19180.06838,72678.33172
"335",0,0,NA,0,0,"N","NE4","NE4_EVENT12_A_2025_NE4-F3","NE4_EVENT12_A_2025","A","2025","L",2,0.250441651376105,"City","F","2025-03-10 09:32:12",-2.8,"12","NE4-F3_2025","Y","0.010981",5733.214224,90.44492971,4.992344502,6047.40476392,19180.06838,72678.33172
"336",0,0,NA,0,0,"N","NE4","NE4_EVENT12_A_2025_NE4-M1","NE4_EVENT12_A_2025","A","2025","L",2,0.250441651376105,"City","M","2025-03-10 09:32:12",-2.8,"12","NE4-M1_2025","N","0.010981",5733.214224,90.44492971,4.992344502,6047.40476392,19180.06838,72678.33172
"337",0,0,NA,0,0,"N","NE4","NE4_EVENT13_A_2025_NE4-F1","NE4_EVENT13_A_2025","A","2025","L",1,0.250441651376105,"City","F","2025-03-10 10:07:20",-2.8,"13","NE4-F1_2025","Y","0.010981",5733.214224,90.44492971,4.992344502,6047.40476392,19180.06838,72678.33172
"338",0,0,NA,0,0,"N","NE4","NE4_EVENT13_W_2025_NE4-F1","NE4_EVENT13_W_2025","W","2025","L",1,0.250441651376105,"City","F","2025-03-10 10:07:10",-2.8,"13","NE4-F1_2025","Y","0.010981",5733.214224,90.44492971,4.992344502,6047.40476392,19180.06838,72678.33172
"339",0,0,NA,0,0,"N","NE4","NE4_EVENT14_A_2025_NE4-U1","NE4_EVENT14_A_2025","A","2025","D",1,0.250441651376105,"City","U","2025-03-12 20:48:44",-4,"14","NE4-U1_2025","N","0.010981",5733.214224,90.44492971,4.992344502,6047.40476392,19180.06838,72678.33172
"340",0,0,NA,1,0,"Y","NE4","NE4_EVENT15_A_2025_NE4-U1","NE4_EVENT15_A_2025","A","2025","D",1,0.250441651376105,"City","U","2025-03-16 00:05:34",-9.3,"15","NE4-U1_2025","N","0.010981",5733.214224,90.44492971,4.992344502,6047.40476392,19180.06838,72678.33172
"341",0,0,NA,0,0,"N","NE4","NE4_EVENT16_A_2025_NE4-F1","NE4_EVENT16_A_2025","A","2025","L",1,0.250441651376105,"City","F","2025-03-17 10:04:28",-3.3,"16","NE4-F1_2025","Y","0.010981",5733.214224,90.44492971,4.992344502,6047.40476392,19180.06838,72678.33172
"342",0,0,NA,0,0,"Y","NE4","NE4_EVENT16_W_2025_NE4-F1","NE4_EVENT16_W_2025","W","2025","L",1,0.250441651376105,"City","F","2025-03-17 10:03:54",-3.3,"16","NE4-F1_2025","Y","0.010981",5733.214224,90.44492971,4.992344502,6047.40476392,19180.06838,72678.33172
"343",0,0,NA,0,0,"N","NE4","NE4_EVENT17_A_2025_NE4-F1","NE4_EVENT17_A_2025","A","2025","L",1,0.250441651376105,"City","F","2025-03-18 11:55:26",-1.6,"17","NE4-F1_2025","Y","0.010981",5733.214224,90.44492971,4.992344502,6047.40476392,19180.06838,72678.33172
"344",0,0,NA,0,0,"Y","NE4","NE4_EVENT17_W_2025_NE4-F1","NE4_EVENT17_W_2025","W","2025","L",1,0.250441651376105,"City","F","2025-03-18 11:54:49",-1.6,"17","NE4-F1_2025","Y","0.010981",5733.214224,90.44492971,4.992344502,6047.40476392,19180.06838,72678.33172
"345",0,0,NA,0,0,"Y","NE4","NE4_EVENT18_W_2025_NE4-F1","NE4_EVENT18_W_2025","W","2025","L",1,0.250441651376105,"City","F","2025-03-20 15:37:20",0.4,"18","NE4-F1_2025","Y","0.010981",5733.214224,90.44492971,4.992344502,6047.40476392,19180.06838,72678.33172
"346",0,0,NA,0,0,"N","NE4","NE4_EVENT19_A_2025_NE4-F1","NE4_EVENT19_A_2025","A","2025","L",1,0.250441651376105,"City","F","2025-03-20 17:20:18",0.4,"19","NE4-F1_2025","Y","0.010981",5733.214224,90.44492971,4.992344502,6047.40476392,19180.06838,72678.33172
"347",0,0,NA,0,0,"N","NE4","NE4_EVENT19_W_2025_NE4-F1","NE4_EVENT19_W_2025","W","2025","L",1,0.250441651376105,"City","F","2025-03-20 17:19:56",0.4,"19","NE4-F1_2025","Y","0.010981",5733.214224,90.44492971,4.992344502,6047.40476392,19180.06838,72678.33172
"348",0,0,NA,1,0,"Y","NE4","NE4_EVENT1_A_2025_NE4-M2","NE4_EVENT1_A_2025","A","2025","D",1,0.250441651376105,"City","M","2025-02-20 00:00:10",-10.4,"1","NE4-M2_2025","Y","0.010981",5733.214224,90.44492971,4.992344502,6047.40476392,19180.06838,72678.33172
"349",0,0,NA,0,0,"Y","NE4","NE4_EVENT1_A_2024_NE4-M1","NE4_EVENT1_A_2024","A","2024","D",1,0.250441651376105,"City","M"," 2024-02-07 23:39:42",-4.4,"1","NE4-M1_2024","N","0.010981",5733.214224,90.44492971,4.992344502,6047.40476392,19180.06838,72678.33172
"350",0,0,NA,0,0,"Y","NE4","NE4_EVENT1_W_2024_NE4-M1","NE4_EVENT1_W_2024","W","2024","D",1,0.250441651376105,"City","M"," 2024-02-07 23:39:34",-4.4,"1","NE4-M1_2024","N","0.010981",5733.214224,90.44492971,4.992344502,6047.40476392,19180.06838,72678.33172
"351",0,0,NA,0,0,"N","NE4","NE4_EVENT20_A_2025_NE4-F1","NE4_EVENT20_A_2025","A","2025","D",1,0.250441651376105,"City","F","2025-03-20 19:29:40",0.4,"20","NE4-F1_2025","Y","0.010981",5733.214224,90.44492971,4.992344502,6047.40476392,19180.06838,72678.33172
"352",0,0,NA,0,0,"N","NE4","NE4_EVENT20_W_2025_NE4-F1","NE4_EVENT20_W_2025","W","2025","D",1,0.250441651376105,"City","F","2025-03-20 19:29:09",0.4,"20","NE4-F1_2025","Y","0.010981",5733.214224,90.44492971,4.992344502,6047.40476392,19180.06838,72678.33172
"353",0,0,NA,0,0,"N","NE4","NE4_EVENT21_A_2025_NE4-F1","NE4_EVENT21_A_2025","A","2025","L",1,0.250441651376105,"City","F","2025-03-21 12:36:06",2.1,"21","NE4-F1_2025","Y","0.010981",5733.214224,90.44492971,4.992344502,6047.40476392,19180.06838,72678.33172
"354",0,0,NA,0,0,"N","NE4","NE4_EVENT21_W_2025_NE4-F1","NE4_EVENT21_W_2025","W","2025","L",1,0.250441651376105,"City","F","2025-03-21 12:35:44",2.1,"21","NE4-F1_2025","Y","0.010981",5733.214224,90.44492971,4.992344502,6047.40476392,19180.06838,72678.33172
"355",0,0,NA,0,0,"N","NE4","NE4_EVENT22_A_2025_NE4-M2","NE4_EVENT22_A_2025","A","2025","L",1,0.250441651376105,"City","M","2025-03-21 13:44:12",2.1,"22","NE4-M2_2025","Y","0.010981",5733.214224,90.44492971,4.992344502,6047.40476392,19180.06838,72678.33172
"356",0,0,NA,0,0,"N","NE4","NE4_EVENT23_A_2025_NE4-F1","NE4_EVENT23_A_2025","A","2025","L",2,0.250441651376105,"City","F","2025-03-21 15:01:34",2.1,"23","NE4-F1_2025","Y","0.010981",5733.214224,90.44492971,4.992344502,6047.40476392,19180.06838,72678.33172
"357",0,0,NA,0,0,"N","NE4","NE4_EVENT23_A_2025_NE4-M2","NE4_EVENT23_A_2025","A","2025","L",2,0.250441651376105,"City","M","2025-03-21 15:01:34",2.1,"23","NE4-M2_2025","Y","0.010981",5733.214224,90.44492971,4.992344502,6047.40476392,19180.06838,72678.33172
"358",0,0,NA,0,0,"N","NE4","NE4_EVENT23_W_2025_NE4-F1","NE4_EVENT23_W_2025","W","2025","L",2,0.250441651376105,"City","F","2025-03-21 15:01:12",2.1,"23","NE4-F1_2025","Y","0.010981",5733.214224,90.44492971,4.992344502,6047.40476392,19180.06838,72678.33172
"359",0,0.45,NA,0,0,"Y","NE4","NE4_EVENT23_W_2025_NE4-M2","NE4_EVENT23_W_2025","W","2025","L",2,0.250441651376105,"City","M","2025-03-21 15:01:12",2.1,"23","NE4-M2_2025","Y","0.010981",5733.214224,90.44492971,4.992344502,6047.40476392,19180.06838,72678.33172
"360",0,0,NA,0,0,"Y","NE4","NE4_EVENT24_A_2025_NE4-F3","NE4_EVENT24_A_2025","A","2025","L",1,0.250441651376105,"City","F","2025-03-23 09:31:14",2.7,"24","NE4-F3_2025","Y","0.010981",5733.214224,90.44492971,4.992344502,6047.40476392,19180.06838,72678.33172
"361",0,0,NA,0,0,"N","NE4","NE4_EVENT25_A_2025_NE4-F1","NE4_EVENT25_A_2025","A","2025","D",1,0.250441651376105,"City","F","2025-03-23 19:21:52",2.7,"25","NE4-F1_2025","Y","0.010981",5733.214224,90.44492971,4.992344502,6047.40476392,19180.06838,72678.33172
"362",0,0,NA,0,0,"N","NE4","NE4_EVENT25_W_2025_NE4-F1","NE4_EVENT25_W_2025","W","2025","D",1,0.250441651376105,"City","F","2025-03-23 19:21:24",2.7,"25","NE4-F1_2025","Y","0.010981",5733.214224,90.44492971,4.992344502,6047.40476392,19180.06838,72678.33172
"363",0,0,NA,0,0,"Y","NE4","NE4_EVENT26_A_2025_NE4-F3","NE4_EVENT26_A_2025","A","2025","L",1,0.250441651376105,"City","F","2025-03-24 10:49:24",6.5,"26","NE4-F3_2025","Y","0.010981",5733.214224,90.44492971,4.992344502,6047.40476392,19180.06838,72678.33172
"364",0,0,NA,1,0,"N","NE4","NE4_EVENT27_A_2025_NE4-F1","NE4_EVENT27_A_2025","A","2025","D",2,0.250441651376105,"City","F","2025-03-24 19:11:54",6.5,"27","NE4-F1_2025","Y","0.010981",5733.214224,90.44492971,4.992344502,6047.40476392,19180.06838,72678.33172
"365",0,0,NA,0,0,"Y","NE4","NE4_EVENT27_A_2025_NE4-M1","NE4_EVENT27_A_2025","A","2025","D",2,0.250441651376105,"City","M","2025-03-24 19:11:54",6.5,"27","NE4-M1_2025","N","0.010981",5733.214224,90.44492971,4.992344502,6047.40476392,19180.06838,72678.33172
"366",0,0,NA,1,0,"Y","NE4","NE4_EVENT28_A_2025_NE4-M2","NE4_EVENT28_A_2025","A","2025","D",1,0.250441651376105,"City","M","2025-03-24 19:27:34",6.5,"28","NE4-M2_2025","Y","0.010981",5733.214224,90.44492971,4.992344502,6047.40476392,19180.06838,72678.33172
"367",0,0,NA,1,0,"Y","NE4","NE4_EVENT29_A_2025_NE4-U2","NE4_EVENT29_A_2025","A","2025","D",1,0.250441651376105,"City","U","2025-03-24 21:15:10",6.5,"29","NE4-U2_2025","Y","0.010981",5733.214224,90.44492971,4.992344502,6047.40476392,19180.06838,72678.33172
"368",0,0,NA,0,0,"N","NE4","NE4_EVENT2_A_2025_NE4-F1","NE4_EVENT2_A_2025","A","2025","L",1,0.250441651376105,"City","F","2025-02-20 15:31:08",-10.4,"2","NE4-F1_2025","Y","0.010981",5733.214224,90.44492971,4.992344502,6047.40476392,19180.06838,72678.33172
"369",0,0,NA,0,0,"Y","NE4","NE4_EVENT2_W_2024_NE4-F1","NE4_EVENT2_W_2024","W","2024","D",1,0.250441651376105,"City","F"," 2024-02-08 13:16:18",-3.8,"2","NE4-F1_2024","Y","0.010981",5733.214224,90.44492971,4.992344502,6047.40476392,19180.06838,72678.33172
"370",0,0,NA,0,0,"N","NE4","NE4_EVENT30_A_2025_NE4-F3","NE4_EVENT30_A_2025","A","2025","L",3,0.250441651376105,"City","F","2025-03-25 08:18:46",5.4,"30","NE4-F3_2025","Y","0.010981",5733.214224,90.44492971,4.992344502,6047.40476392,19180.06838,72678.33172
"371",0,0,NA,1,0,"N","NE4","NE4_EVENT30_A_2025_NE4-M2","NE4_EVENT30_A_2025","A","2025","L",3,0.250441651376105,"City","M","2025-03-25 08:18:46",5.4,"30","NE4-M2_2025","Y","0.010981",5733.214224,90.44492971,4.992344502,6047.40476392,19180.06838,72678.33172
"372",0,0,NA,0,0,"N","NE4","NE4_EVENT30_A_2025_NE4-U2","NE4_EVENT30_A_2025","A","2025","L",3,0.250441651376105,"City","U","2025-03-25 08:18:46",5.4,"30","NE4-U2_2025","Y","0.010981",5733.214224,90.44492971,4.992344502,6047.40476392,19180.06838,72678.33172
"373",0,0,NA,0,0,"N","NE4","NE4_EVENT31_A_2025_NE4-F1","NE4_EVENT31_A_2025","A","2025","D",1,0.250441651376105,"City","F","2025-03-25 19:52:02",5.4,"31","NE4-F1_2025","Y","0.010981",5733.214224,90.44492971,4.992344502,6047.40476392,19180.06838,72678.33172
"374",0,0,NA,0,0,"Y","NE4","NE4_EVENT31_W_2025_NE4-F1","NE4_EVENT31_W_2025","W","2025","D",1,0.250441651376105,"City","F","2025-03-25 19:51:30",5.4,"31","NE4-F1_2025","Y","0.010981",5733.214224,90.44492971,4.992344502,6047.40476392,19180.06838,72678.33172
"375",0,0,NA,0,0,"Y","NE4","NE4_EVENT32_A_2025_NE4-U2","NE4_EVENT32_A_2025","A","2025","L",1,0.250441651376105,"City","U","2025-03-28 16:25:18",-6.6,"32","NE4-U2_2025","Y","0.010981",5733.214224,90.44492971,4.992344502,6047.40476392,19180.06838,72678.33172
"376",0,0,NA,0,0,"N","NE4","NE4_EVENT32_W_2025_NE4-U2","NE4_EVENT32_W_2025","W","2025","L",1,0.250441651376105,"City","U","2025-03-28 16:24:48",-6.6,"32","NE4-U2_2025","Y","0.010981",5733.214224,90.44492971,4.992344502,6047.40476392,19180.06838,72678.33172
"377",0,0,NA,0,0,"Y","NE4","NE4_EVENT33_A_2025_NE4-F1","NE4_EVENT33_A_2025","A","2025","L",2,0.250441651376105,"City","F","2025-03-28 16:34:00",-6.6,"33","NE4-F1_2025","Y","0.010981",5733.214224,90.44492971,4.992344502,6047.40476392,19180.06838,72678.33172
"378",0,0,NA,0,0,"Y","NE4","NE4_EVENT33_A_2025_NE4-M2","NE4_EVENT33_A_2025","A","2025","L",2,0.250441651376105,"City","M","2025-03-28 16:34:00",-6.6,"33","NE4-M2_2025","Y","0.010981",5733.214224,90.44492971,4.992344502,6047.40476392,19180.06838,72678.33172
"379",0,0,NA,0,0,"N","NE4","NE4_EVENT33_W_2025_NE4-F1","NE4_EVENT33_W_2025","W","2025","L",2,0.250441651376105,"City","F","2025-03-28 16:33:40",-6.6,"33","NE4-F1_2025","Y","0.010981",5733.214224,90.44492971,4.992344502,6047.40476392,19180.06838,72678.33172
"380",0,0,NA,0,0,"N","NE4","NE4_EVENT33_W_2025_NE4-M2","NE4_EVENT33_W_2025","W","2025","L",2,0.250441651376105,"City","M","2025-03-28 16:33:40",-6.6,"33","NE4-M2_2025","Y","0.010981",5733.214224,90.44492971,4.992344502,6047.40476392,19180.06838,72678.33172
"381",0,0,NA,0,0,"Y","NE4","NE4_EVENT34_A_2025_NE4-F4","NE4_EVENT34_A_2025","A","2025","L",1,0.250441651376105,"City","F","2025-03-30 11:31:26",-5.1,"34","NE4-F4_2025","Y","0.010981",5733.214224,90.44492971,4.992344502,6047.40476392,19180.06838,72678.33172
"382",0.667,3.384,1,0,0,"Y","NE4","NE4_EVENT34_W_2025_NE4-F4","NE4_EVENT34_W_2025","W","2025","L",1,0.250441651376105,"City","F","2025-03-30 11:31:26",-4.5,"34","NE4-F4_2025","Y","0.010981",5733.214224,90.44492971,4.992344502,6047.40476392,19180.06838,72678.33172
"383",0,0,NA,0,0,"N","NE4","NE4_EVENT35_A_2025_NE4-F1","NE4_EVENT35_A_2025","A","2025","L",1,0.250441651376105,"City","F","2025-04-04 15:25:24",1.3,"35","NE4-F1_2025","Y","0.010981",5733.214224,90.44492971,4.992344502,6047.40476392,19180.06838,72678.33172
"384",0,0,NA,0,0,"Y","NE4","NE4_EVENT35_W_2025_NE4-F1","NE4_EVENT35_W_2025","W","2025","L",1,0.250441651376105,"City","F","2025-04-04 15:25:06",1.3,"35","NE4-F1_2025","Y","0.010981",5733.214224,90.44492971,4.992344502,6047.40476392,19180.06838,72678.33172
"385",0,0,NA,0,0,"Y","NE4","NE4_EVENT36_A_2025_NE4-F1","NE4_EVENT36_A_2025","A","2025","L",1,0.250441651376105,"City","F","2025-04-05 16:44:36",7.2,"36","NE4-F1_2025","Y","0.010981",5733.214224,90.44492971,4.992344502,6047.40476392,19180.06838,72678.33172
"386",0,0,NA,0,0,"N","NE4","NE4_EVENT36_W_2025_NE4-F1","NE4_EVENT36_W_2025","W","2025","L",1,0.250441651376105,"City","F","2025-04-05 16:44:06",7.2,"36","NE4-F1_2025","Y","0.010981",5733.214224,90.44492971,4.992344502,6047.40476392,19180.06838,72678.33172
"387",0,0,NA,0,0,"Y","NE4","NE4_EVENT37_A_2025_NE4-M2","NE4_EVENT37_A_2025","A","2025","D",2,0.250441651376105,"City","M","2025-04-05 19:39:10",7.2,"37","NE4-M2_2025","Y","0.010981",5733.214224,90.44492971,4.992344502,6047.40476392,19180.06838,72678.33172
"388",0,0,NA,0,0,"N","NE4","NE4_EVENT37_A_2025_NE4-U2","NE4_EVENT37_A_2025","A","2025","D",2,0.250441651376105,"City","U","2025-04-05 19:39:10",7.2,"37","NE4-U2_2025","Y","0.010981",5733.214224,90.44492971,4.992344502,6047.40476392,19180.06838,72678.33172
"389",1.133,3.267,1,1,0,"Y","NE4","NE4_EVENT38_A_2025_NE4-U2","NE4_EVENT38_A_2025","A","2025","D",1,0.250441651376105,"City","U","2025-04-07 05:30:54",9.8,"38","NE4-U2_2025","Y","0.010981",5733.214224,90.44492971,4.992344502,6047.40476392,19180.06838,72678.33172
"390",0.884,2.25,1,0,0,"Y","NE4","NE4_EVENT38_W_2025_NE4-U2","NE4_EVENT38_W_2025","W","2025","L",1,0.250441651376105,"City","U","2025-04-07 05:30:54",-4.5,"38","NE4-U2_2025","Y","0.010981",5733.214224,90.44492971,4.992344502,6047.40476392,19180.06838,72678.33172
"391",0,0,NA,1,0,"N","NE4","NE4_EVENT39_A_2025_NE4-F4","NE4_EVENT39_A_2025","A","2025","D",1,0.250441651376105,"City","F","2025-04-07 19:38:30",9.8,"39","NE4-F4_2025","Y","0.010981",5733.214224,90.44492971,4.992344502,6047.40476392,19180.06838,72678.33172
"392",0,0,NA,0,0,"Y","NE4","NE4_EVENT3_A_2025_NE4-M2","NE4_EVENT3_A_2025","A","2025","L",1,0.250441651376105,"City","M","2025-02-21 12:26:10",1.3,"3","NE4-M2_2025","Y","0.010981",5733.214224,90.44492971,4.992344502,6047.40476392,19180.06838,72678.33172
"393",0,0,NA,1,0,"N","NE4","NE4_EVENT3_W_2024_NE4-U1","NE4_EVENT3_W_2024","W","2024","D",1,0.250441651376105,"City","U"," 2024-02-08 18:20:56",-3.8,"3","NE4-U1_2024","N","0.010981",5733.214224,90.44492971,4.992344502,6047.40476392,19180.06838,72678.33172
"394",0,0,NA,0,0,"Y","NE4","NE4_EVENT40_A_2025_NE4-F4","NE4_EVENT40_A_2025","A","2025","D",1,0.250441651376105,"City","F","2025-04-08 23:09:38",8.4,"40","NE4-F4_2025","Y","0.010981",5733.214224,90.44492971,4.992344502,6047.40476392,19180.06838,72678.33172
"395",0,0,NA,0,0,"N","NE4","NE4_EVENT4_A_2025_NE4-M2","NE4_EVENT4_A_2025","A","2025","D",1,0.250441651376105,"City","M","2025-02-22 23:52:34",4.7,"4","NE4-M2_2025","Y","0.010981",5733.214224,90.44492971,4.992344502,6047.40476392,19180.06838,72678.33172
"396",0,0,NA,0,0,"Y","NE4","NE4_EVENT4_W_2025_NE4-M2","NE4_EVENT4_W_2025","W","2025","D",1,0.250441651376105,"City","M","2025-02-22 23:52:00",4.7,"4","NE4-M2_2025","Y","0.010981",5733.214224,90.44492971,4.992344502,6047.40476392,19180.06838,72678.33172
"397",0,0,NA,0,0,"N","NE4","NE4_EVENT4_W_2024_NE4-F1","NE4_EVENT4_W_2024","W","2024","D",1,0.250441651376105,"City","F"," 2024-02-08 23:50:16",-3.8,"4","NE4-F1_2024","Y","0.010981",5733.214224,90.44492971,4.992344502,6047.40476392,19180.06838,72678.33172
"398",0,0,NA,0,0,"Y","NE4","NE4_EVENT5_A_2025_NE4-F2","NE4_EVENT5_A_2025","A","2025","D",3,0.250441651376105,"City","F","2025-02-23 23:03:08",5.1,"5","NE4-F2_2025","Y","0.010981",5733.214224,90.44492971,4.992344502,6047.40476392,19180.06838,72678.33172
"399",0,0,NA,0,0,"N","NE4","NE4_EVENT5_A_2025_NE4-F3","NE4_EVENT5_A_2025","A","2025","D",3,0.250441651376105,"City","F","2025-02-23 23:03:08",5.1,"5","NE4-F3_2025","Y","0.010981",5733.214224,90.44492971,4.992344502,6047.40476392,19180.06838,72678.33172
"400",0,0,NA,0,0,"Y","NE4","NE4_EVENT5_A_2025_NE4-M1","NE4_EVENT5_A_2025","A","2025","D",3,0.250441651376105,"City","M","2025-02-23 23:03:08",5.1,"5","NE4-M1_2025","N","0.010981",5733.214224,90.44492971,4.992344502,6047.40476392,19180.06838,72678.33172
"401",0,0,NA,0,0,"N","NE4","NE4_EVENT5_W_2025_NE4-F2","NE4_EVENT5_W_2025","W","2025","D",3,0.250441651376105,"City","F","2025-02-23 23:02:52",5.1,"5","NE4-F2_2025","Y","0.010981",5733.214224,90.44492971,4.992344502,6047.40476392,19180.06838,72678.33172
"402",0,0,NA,0,0,"N","NE4","NE4_EVENT5_W_2025_NE4-F3","NE4_EVENT5_W_2025","W","2025","D",3,0.250441651376105,"City","F","2025-02-23 23:02:52",5.1,"5","NE4-F3_2025","Y","0.010981",5733.214224,90.44492971,4.992344502,6047.40476392,19180.06838,72678.33172
"403",0,0,NA,0,0,"Y","NE4","NE4_EVENT5_W_2025_NE4-M1","NE4_EVENT5_W_2025","W","2025","D",3,0.250441651376105,"City","M","2025-02-23 23:02:52",5.1,"5","NE4-M1_2025","N","0.010981",5733.214224,90.44492971,4.992344502,6047.40476392,19180.06838,72678.33172
"404",0,0,NA,0,0,"Y","NE4","NE4_EVENT5_W_2024_NE4-M1","NE4_EVENT5_W_2024","W","2024","D",1,0.250441651376105,"City","M"," 2024-02-10 17:41:50",-7.5,"5","NE4-M1_2024","N","0.010981",5733.214224,90.44492971,4.992344502,6047.40476392,19180.06838,72678.33172
"405",0,0,NA,0,0,"Y","NE4","NE4_EVENT6_A_2025_NE4-F3","NE4_EVENT6_A_2025","A","2025","L",1,0.250441651376105,"City","F","2025-02-24 08:21:40",2.2,"6","NE4-F3_2025","Y","0.010981",5733.214224,90.44492971,4.992344502,6047.40476392,19180.06838,72678.33172
"406",0,0,NA,0,0,"Y","NE4","NE4_EVENT7_W_2025_NE4-M2","NE4_EVENT7_W_2025","W","2025","D",1,0.250441651376105,"City","M","2025-02-25 18:33:50",1.7,"7","NE4-M2_2025","Y","0.010981",5733.214224,90.44492971,4.992344502,6047.40476392,19180.06838,72678.33172
"407",0,0,NA,1,0,"Y","NE4","NE4_EVENT8_A_2025_NE4-F3","NE4_EVENT8_A_2025","A","2025","L",1,0.250441651376105,"City","F","2025-02-26 14:26:29",5.5,"8","NE4-F3_2025","Y","0.010981",5733.214224,90.44492971,4.992344502,6047.40476392,19180.06838,72678.33172
"408",0,0,NA,0,0,"N","NE4","NE4_EVENT8_W_2025_NE4-F3","NE4_EVENT8_W_2025","W","2025","L",1,0.250441651376105,"City","F","2025-02-26 14:25:58",5.5,"8","NE4-F3_2025","Y","0.010981",5733.214224,90.44492971,4.992344502,6047.40476392,19180.06838,72678.33172
"409",0,0,NA,0,0,"Y","NE4","NE4_EVENT9_A_2025_NE4-M2","NE4_EVENT9_A_2025","A","2025","L",1,0.250441651376105,"City","M","2025-02-28 17:09:14",4.1,"9","NE4-M2_2025","Y","0.010981",5733.214224,90.44492971,4.992344502,6047.40476392,19180.06838,72678.33172
"410",0,0,NA,0,0,"Y","NE4","NE4_EVENT9_W_2025_NE4-M2","NE4_EVENT9_W_2025","W","2025","L",1,0.250441651376105,"City","M","2025-02-28 17:09:00",4.1,"9","NE4-M2_2025","Y","0.010981",5733.214224,90.44492971,4.992344502,6047.40476392,19180.06838,72678.33172
"411",0,0,NA,0,0,"Y","NE5","NE5_EVENT10_A_2025_NE5-F1","NE5_EVENT10_A_2025","A","2025","D",2,1.23511041177871,"City","F","2025-03-10 05:22:42",-2.8,"10","NE5-F1_2025","Y","0.013573",3998.427643,83.24765962,4.062239865,687.2926,1254.457,4928.224
"412",0,0,NA,0,0,"N","NE5","NE5_EVENT10_A_2025_NE5-M1","NE5_EVENT10_A_2025","A","2025","D",2,1.23511041177871,"City","M","2025-03-10 05:22:42",-2.8,"10","NE5-M1_2025","N","0.013573",3998.427643,83.24765962,4.062239865,687.2926,1254.457,4928.224
"413",0,0,NA,0,0,"N","NE5","NE5_EVENT10_A_2024_NE5-U2","NE5_EVENT10_A_2024","A","2024","D",1,1.23511041177871,"City","U"," 2024-02-10 00:52:38",-7.5,"10","NE5-U2_2024","N","0.013573",3998.427643,83.24765962,4.062239865,687.2926,1254.457,4928.224
"414",0,0,NA,0,0,"Y","NE5","NE5_EVENT11_A_2025_NE5-M1","NE5_EVENT11_A_2025","A","2025","D",1,1.23511041177871,"City","M","2025-03-11 21:39:30",1.6,"11","NE5-M1_2025","N","0.013573",3998.427643,83.24765962,4.062239865,687.2926,1254.457,4928.224
"415",0,0,NA,0,0,"N","NE5","NE5_EVENT11_A_2024_NE5-U2","NE5_EVENT11_A_2024","A","2024","D",1,1.23511041177871,"City","U"," 2024-02-10 07:19:04",-7.5,"11","NE5-U2_2024","N","0.013573",3998.427643,83.24765962,4.062239865,687.2926,1254.457,4928.224
"416",15,68.883,4,0,1,"Y","NE5","NE5_EVENT12_A_2025_NE5-F1","NE5_EVENT12_A_2025","A","2025","L",1,1.23511041177871,"City","F","2025-03-12 13:12:08",-4,"12","NE5-F1_2025","Y","0.013573",3998.427643,83.24765962,4.062239865,687.2926,1254.457,4928.224
"417",0,0,NA,0,0,"N","NE5","NE5_EVENT12_W_2025_NE5-F1","NE5_EVENT12_W_2025","W","2025","L",1,1.23511041177871,"City","F","2025-03-12 07:10:48",-4,"12","NE5-F1_2025","Y","0.013573",3998.427643,83.24765962,4.062239865,687.2926,1254.457,4928.224
"418",0,4.732,NA,0,0,"Y","NE5","NE5_EVENT12_A_2024_NE5-F1","NE5_EVENT12_A_2024","A","2024","D",2,1.23511041177871,"City","F"," 2024-02-10 18:19:10",-7.5,"12","NE5-F1_2024","N","0.013573",3998.427643,83.24765962,4.062239865,687.2926,1254.457,4928.224
"419",0,0,NA,0,0,"N","NE5","NE5_EVENT12_A_2024_NE5-U1","NE5_EVENT12_A_2024","A","2024","D",2,1.23511041177871,"City","U"," 2024-02-10 18:19:10",-7.5,"12","NE5-U1_2024","N","0.013573",3998.427643,83.24765962,4.062239865,687.2926,1254.457,4928.224
"420",0,0,NA,1,0,"N","NE5","NE5_EVENT13_A_2025_NE5-F1","NE5_EVENT13_A_2025","A","2025","D",1,1.23511041177871,"City","F","2025-03-12 21:10:02",-4,"13","NE5-F1_2025","Y","0.013573",3998.427643,83.24765962,4.062239865,687.2926,1254.457,4928.224
"421",0,0,NA,1,0,"Y","NE5","NE5_EVENT13_A_2024_NE5-F1","NE5_EVENT13_A_2024","A","2024","D",3,1.23511041177871,"City","F"," 2024-02-11 02:59:44",-0.4,"13","NE5-F1_2024","N","0.013573",3998.427643,83.24765962,4.062239865,687.2926,1254.457,4928.224
"422",0,0,NA,0,0,"Y","NE5","NE5_EVENT13_A_2024_NE5-SF2","NE5_EVENT13_A_2024","A","2024","D",3,1.23511041177871,"City","SF"," 2024-02-11 02:59:44",-0.4,"13","NE5-SF2_2024","Y","0.013573",3998.427643,83.24765962,4.062239865,687.2926,1254.457,4928.224
"423",0,0,NA,1,0,"N","NE5","NE5_EVENT13_A_2024_NE5-U1","NE5_EVENT13_A_2024","A","2024","D",3,1.23511041177871,"City","U"," 2024-02-11 02:59:44",-0.4,"13","NE5-U1_2024","N","0.013573",3998.427643,83.24765962,4.062239865,687.2926,1254.457,4928.224
"424",0,0,NA,0,0,"N","NE5","NE5_EVENT14_A_2025_NE5-F1","NE5_EVENT14_A_2025","A","2025","L",2,1.23511041177871,"City","F","2025-03-13 18:40:42",-8.7,"14","NE5-F1_2025","Y","0.013573",3998.427643,83.24765962,4.062239865,687.2926,1254.457,4928.224
"425",0,0,NA,0,0,"Y","NE5","NE5_EVENT14_A_2025_NE5-U1","NE5_EVENT14_A_2025","A","2025","L",2,1.23511041177871,"City","U","2025-03-13 18:40:42",-8.7,"14","NE5-U1_2025","N","0.013573",3998.427643,83.24765962,4.062239865,687.2926,1254.457,4928.224
"426",0,0,NA,0,0,"N","NE5","NE5_EVENT14_W_2025_NE5-F1","NE5_EVENT14_W_2025","W","2025","L",2,1.23511041177871,"City","F","2025-03-13 18:39:44",-8.7,"14","NE5-F1_2025","Y","0.013573",3998.427643,83.24765962,4.062239865,687.2926,1254.457,4928.224
"427",0,0,NA,1,0,"N","NE5","NE5_EVENT14_W_2025_NE5-U1","NE5_EVENT14_W_2025","W","2025","L",2,1.23511041177871,"City","U","2025-03-13 18:39:44",-8.7,"14","NE5-U1_2025","N","0.013573",3998.427643,83.24765962,4.062239865,687.2926,1254.457,4928.224
"428",0,0,NA,0,0,"N","NE5","NE5_EVENT14_A_2024_NE5-F1","NE5_EVENT14_A_2024","A","2024","D",2,1.23511041177871,"City","F"," 2024-02-11 04:19:02",-0.4,"14","NE5-F1_2024","N","0.013573",3998.427643,83.24765962,4.062239865,687.2926,1254.457,4928.224
"429",0,0,NA,1,0,"N","NE5","NE5_EVENT14_A_2024_NE5-U1","NE5_EVENT14_A_2024","A","2024","D",2,1.23511041177871,"City","U"," 2024-02-11 04:19:02",-0.4,"14","NE5-U1_2024","N","0.013573",3998.427643,83.24765962,4.062239865,687.2926,1254.457,4928.224
"430",0,0,NA,0,0,"N","NE5","NE5_EVENT15_A_2025_NE5-M1","NE5_EVENT15_A_2025","A","2025","D",1,1.23511041177871,"City","M","2025-03-15 20:24:00",-10.2,"15","NE5-M1_2025","N","0.013573",3998.427643,83.24765962,4.062239865,687.2926,1254.457,4928.224
"431",0,0,NA,0,0,"Y","NE5","NE5_EVENT15_A_2024_NE5-M1","NE5_EVENT15_A_2024","A","2024","D",1,1.23511041177871,"City","M"," 2024-02-12 02:06:34",-3.5,"15","NE5-M1_2024","Y","0.013573",3998.427643,83.24765962,4.062239865,687.2926,1254.457,4928.224
"432",9.716,19.933,3,0,0,"Y","NE5","NE5_EVENT16_A_2025_NE5-F1","NE5_EVENT16_A_2025","A","2025","D",1,1.23511041177871,"City","F","2025-03-20 04:03:24",0.4,"16","NE5-F1_2025","Y","0.013573",3998.427643,83.24765962,4.062239865,687.2926,1254.457,4928.224
"433",0,0,NA,0,0,"N","NE5","NE5_EVENT16_W_2025_NE5-F1","NE5_EVENT16_W_2025","W","2025","D",1,1.23511041177871,"City","F","2025-03-20 04:02:16",0.4,"16","NE5-F1_2025","Y","0.013573",3998.427643,83.24765962,4.062239865,687.2926,1254.457,4928.224
"434",0,0,NA,0,0,"Y","NE5","NE5_EVENT16_A_2024_NE5-SM1","NE5_EVENT16_A_2024","A","2024","D",1,1.23511041177871,"City","SM"," 2024-02-12 07:27:34",-3.5,"16","NE5-SM1_2024","N","0.013573",3998.427643,83.24765962,4.062239865,687.2926,1254.457,4928.224
"435",47.714,130.349,5,1,1,"Y","NE5","NE5_EVENT17_A_2025_NE5-F1","NE5_EVENT17_A_2025","A","2025","L",1,1.23511041177871,"City","F","2025-03-20 16:55:12",0.4,"17","NE5-F1_2025","Y","0.013573",3998.427643,83.24765962,4.062239865,687.2926,1254.457,4928.224
"436",76.929,203,6,0,1,"Y","NE5","NE5_EVENT17_W_2025_NE5-F1","NE5_EVENT17_W_2025","W","2025","L",1,1.23511041177871,"City","F","2025-03-20 16:53:52",0.4,"17","NE5-F1_2025","Y","0.013573",3998.427643,83.24765962,4.062239865,687.2926,1254.457,4928.224
"437",0,0,NA,1,0,"N","NE5","NE5_EVENT17_A_2024_NE5-F1","NE5_EVENT17_A_2024","A","2024","L",1,1.23511041177871,"City","F"," 2024-02-14 08:42:20",-7.4,"17","NE5-F1_2024","N","0.013573",3998.427643,83.24765962,4.062239865,687.2926,1254.457,4928.224
"438",7.201,20.768,3,0,0,"Y","NE5","NE5_EVENT18_A_2025_NE5-F1","NE5_EVENT18_A_2025","A","2025","L",1,1.23511041177871,"City","F","2025-03-20 17:24:13",0.4,"18","NE5-F1_2025","Y","0.013573",3998.427643,83.24765962,4.062239865,687.2926,1254.457,4928.224
"439",13.084,25.386,3,1,1,"Y","NE5","NE5_EVENT18_W_2025_NE5-F1","NE5_EVENT18_W_2025","W","2025","L",1,1.23511041177871,"City","F","2025-03-20 17:23:20",0.4,"18","NE5-F1_2025","Y","0.013573",3998.427643,83.24765962,4.062239865,687.2926,1254.457,4928.224
"440",0,0,NA,0,0,"N","NE5","NE5_EVENT18_A_2024_NE5-SM2","NE5_EVENT18_A_2024","A","2024","L",1,1.23511041177871,"City","SM"," 2024-02-14 14:02:08",-7.4,"18","NE5-SM2_2024","Y","0.013573",3998.427643,83.24765962,4.062239865,687.2926,1254.457,4928.224
"441",0.416,1.3,1,0,0,"Y","NE5","NE5_EVENT19_A_2025_NE5-F1","NE5_EVENT19_A_2025","A","2025","D",1,1.23511041177871,"City","F","2025-03-20 19:24:28",0.4,"19","NE5-F1_2025","Y","0.013573",3998.427643,83.24765962,4.062239865,687.2926,1254.457,4928.224
"442",14.817,38.067,3,0,1,"Y","NE5","NE5_EVENT19_A_2024_NE5-M1","NE5_EVENT19_A_2024","A","2024","L",1,1.23511041177871,"City","M"," 2024-02-15 10:05:14",-9.2,"19","NE5-M1_2024","Y","0.013573",3998.427643,83.24765962,4.062239865,687.2926,1254.457,4928.224
"443",0,0,NA,1,0,"Y","NE5","NE5_EVENT1_A_2025_NE5-SF1","NE5_EVENT1_A_2025","A","2025","D",1,1.23511041177871,"City","SF","2025-02-19 20:43:54",-21,"1","NE5-SF1_2025","Y","0.013573",3998.427643,83.24765962,4.062239865,687.2926,1254.457,4928.224
"444",2.016,11.467,2,0,0,"Y","NE5","NE5_EVENT1_A_2024_NE5-F1","NE5_EVENT1_A_2024","A","2024","D",1,1.23511041177871,"City","F"," 2024-02-06 02:54:36",-6.4,"1","NE5-F1_2024","N","0.013573",3998.427643,83.24765962,4.062239865,687.2926,1254.457,4928.224
"445",0,0,NA,0,0,"N","NE5","NE5_EVENT20_W_2025_NE5-M1","NE5_EVENT20_W_2025","W","2025","D",1,1.23511041177871,"City","M","2025-03-21 03:06:18",2.1,"20","NE5-M1_2025","N","0.013573",3998.427643,83.24765962,4.062239865,687.2926,1254.457,4928.224
"446",0,2.8,NA,0,0,"Y","NE5","NE5_EVENT20_A_2024_NE5-M1","NE5_EVENT20_A_2024","A","2024","L",1,1.23511041177871,"City","M"," 2024-02-15 15:17:38",-9.2,"20","NE5-M1_2024","Y","0.013573",3998.427643,83.24765962,4.062239865,687.2926,1254.457,4928.224
"447",0,0,NA,0,0,"N","NE5","NE5_EVENT21_A_2025_NE5-M1","NE5_EVENT21_A_2025","A","2025","D",1,1.23511041177871,"City","M","2025-03-21 19:00:31",2.1,"21","NE5-M1_2025","N","0.013573",3998.427643,83.24765962,4.062239865,687.2926,1254.457,4928.224
"448",0,0,NA,0,0,"Y","NE5","NE5_EVENT21_A_2024_NE5-M1","NE5_EVENT21_A_2024","A","2024","D",2,1.23511041177871,"City","M"," 2024-02-15 19:16:22",-9.2,"21","NE5-M1_2024","Y","0.013573",3998.427643,83.24765962,4.062239865,687.2926,1254.457,4928.224
"449",0,14.9,NA,0,0,"Y","NE5","NE5_EVENT21_A_2024_NE5-U3","NE5_EVENT21_A_2024","A","2024","D",2,1.23511041177871,"City","U"," 2024-02-15 19:16:22",-9.2,"21","NE5-U3_2024","N","0.013573",3998.427643,83.24765962,4.062239865,687.2926,1254.457,4928.224
"450",0,0,NA,0,0,"N","NE5","NE5_EVENT22_A_2025_NE5-M1","NE5_EVENT22_A_2025","A","2025","D",1,1.23511041177871,"City","M","2025-03-21 19:22:52",2.1,"22","NE5-M1_2025","N","0.013573",3998.427643,83.24765962,4.062239865,687.2926,1254.457,4928.224
"451",0,4.883,NA,0,0,"Y","NE5","NE5_EVENT22_A_2024_NE5-SF3","NE5_EVENT22_A_2024","A","2024","D",1,1.23511041177871,"City","SF"," 2024-02-15 20:54:30",-9.2,"22","NE5-SF3_2024","Y","0.013573",3998.427643,83.24765962,4.062239865,687.2926,1254.457,4928.224
"452",0,0,NA,0,0,"Y","NE5","NE5_EVENT23_A_2025_NE5-F1","NE5_EVENT23_A_2025","A","2025","L",1,1.23511041177871,"City","F","2025-03-23 12:42:52",2.7,"23","NE5-F1_2025","Y","0.013573",3998.427643,83.24765962,4.062239865,687.2926,1254.457,4928.224
"453",0,1.184,NA,0,0,"Y","NE5","NE5_EVENT23_A_2024_NE5-M1","NE5_EVENT23_A_2024","A","2024","D",2,1.23511041177871,"City","M"," 2024-02-17 07:10:32",-2.1,"23","NE5-M1_2024","Y","0.013573",3998.427643,83.24765962,4.062239865,687.2926,1254.457,4928.224
"454",0,0,NA,0,0,"N","NE5","NE5_EVENT23_A_2024_NE5-SF2","NE5_EVENT23_A_2024","A","2024","D",2,1.23511041177871,"City","SF"," 2024-02-17 07:10:32",-2.1,"23","NE5-SF2_2024","Y","0.013573",3998.427643,83.24765962,4.062239865,687.2926,1254.457,4928.224
"455",5.95,12.367,4,0,1,"Y","NE5","NE5_EVENT24_A_2025_NE5-F1","NE5_EVENT24_A_2025","A","2025","D",1,1.23511041177871,"City","F","2025-03-23 19:10:16",2.7,"24","NE5-F1_2025","Y","0.013573",3998.427643,83.24765962,4.062239865,687.2926,1254.457,4928.224
"456",3.7,18.133,1,0,0,"Y","NE5","NE5_EVENT24_A_2024_NE5-M1","NE5_EVENT24_A_2024","A","2024","L",1,1.23511041177871,"City","M"," 2024-02-18 17:27:44",-4,"24","NE5-M1_2024","Y","0.013573",3998.427643,83.24765962,4.062239865,687.2926,1254.457,4928.224
"457",0,0,NA,0,0,"N","NE5","NE5_EVENT25_A_2025_NE5-F1","NE5_EVENT25_A_2025","A","2025","L",1,1.23511041177871,"City","F","2025-03-25 14:30:06",5.4,"25","NE5-F1_2025","Y","0.013573",3998.427643,83.24765962,4.062239865,687.2926,1254.457,4928.224
"458",0,0.517,NA,0,0,"Y","NE5","NE5_EVENT25_W_2025_NE5-F1","NE5_EVENT25_W_2025","W","2025","L",1,1.23511041177871,"City","F","2025-03-25 14:37:26",5.4,"25","NE5-F1_2025","Y","0.013573",3998.427643,83.24765962,4.062239865,687.2926,1254.457,4928.224
"459",0,0.833,NA,1,0,"Y","NE5","NE5_EVENT25_W_2024_NE5-SF2","NE5_EVENT25_W_2024","W","2024","D",1,1.23511041177871,"City","SF"," 2024-02-18 21:51:06",-4,"25","NE5-SF2_2024","Y","0.013573",3998.427643,83.24765962,4.062239865,687.2926,1254.457,4928.224
"460",0,0,NA,0,0,"Y","NE5","NE5_EVENT26_A_2025_NE5-M1","NE5_EVENT26_A_2025","A","2025","D",1,1.23511041177871,"City","M","2025-03-25 19:21:18",5.4,"26","NE5-M1_2025","N","0.013573",3998.427643,83.24765962,4.062239865,687.2926,1254.457,4928.224
"461",0,0,NA,1,0,"N","NE5","NE5_EVENT26_A_2024_NE5-SF2","NE5_EVENT26_A_2024","A","2024","D",1,1.23511041177871,"City","SF"," 2024-02-19 03:32:28",-3.6,"26","NE5-SF2_2024","Y","0.013573",3998.427643,83.24765962,4.062239865,687.2926,1254.457,4928.224
"462",0,0,NA,0,0,"Y","NE5","NE5_EVENT27_A_2025_NE5-M1","NE5_EVENT27_A_2025","A","2025","D",2,1.23511041177871,"City","M","2025-03-25 19:57:18",5.4,"27","NE5-M1_2025","N","0.013573",3998.427643,83.24765962,4.062239865,687.2926,1254.457,4928.224
"463",0,0,NA,0,0,"Y","NE5","NE5_EVENT27_A_2025_NE5-U1","NE5_EVENT27_A_2025","A","2025","D",2,1.23511041177871,"City","U","2025-03-25 19:57:18",5.4,"27","NE5-U1_2025","N","0.013573",3998.427643,83.24765962,4.062239865,687.2926,1254.457,4928.224
"464",0,2.817,NA,0,0,"N","NE5","NE5_EVENT27_A_2024_NE5-F2","NE5_EVENT27_A_2024","A","2024","D",2,1.23511041177871,"City","F"," 2024-02-19 05:55:14",-3.6,"27","NE5-F2_2024","N","0.013573",3998.427643,83.24765962,4.062239865,687.2926,1254.457,4928.224
"465",0,0,NA,0,0,"N","NE5","NE5_EVENT27_A_2024_NE5-M1","NE5_EVENT27_A_2024","A","2024","D",2,1.23511041177871,"City","M"," 2024-02-19 05:55:14",-3.6,"27","NE5-M1_2024","Y","0.013573",3998.427643,83.24765962,4.062239865,687.2926,1254.457,4928.224
"466",0,0,NA,0,0,"N","NE5","NE5_EVENT28_A_2025_NE5-U1","NE5_EVENT28_A_2025","A","2025","D",1,1.23511041177871,"City","U","2025-03-25 20:09:58",5.4,"28","NE5-U1_2025","N","0.013573",3998.427643,83.24765962,4.062239865,687.2926,1254.457,4928.224
"467",0,0,NA,0,0,"N","NE5","NE5_EVENT28_A_2024_NE5-F2","NE5_EVENT28_A_2024","A","2024","D",2,1.23511041177871,"City","F"," 2024-02-19 22:32:02",-3.6,"28","NE5-F2_2024","N","0.013573",3998.427643,83.24765962,4.062239865,687.2926,1254.457,4928.224
"468",0,0,NA,0,0,"N","NE5","NE5_EVENT28_A_2024_NE5-M1","NE5_EVENT28_A_2024","A","2024","D",2,1.23511041177871,"City","M"," 2024-02-19 22:32:02",-3.6,"28","NE5-M1_2024","Y","0.013573",3998.427643,83.24765962,4.062239865,687.2926,1254.457,4928.224
"469",49.549,165.951,4,0,1,"Y","NE5","NE5_EVENT29_A_2025_NE5-F1","NE5_EVENT29_A_2025","A","2025","L",1,1.23511041177871,"City","F","2025-03-28 13:14:37",-6.6,"29","NE5-F1_2025","Y","0.013573",3998.427643,83.24765962,4.062239865,687.2926,1254.457,4928.224
"470",43.118,172.932,3,0,1,"Y","NE5","NE5_EVENT29_W_2025_NE5-F1","NE5_EVENT29_W_2025","W","2025","L",1,1.23511041177871,"City","F","2025-03-28 13:43:00",-6.6,"29","NE5-F1_2025","Y","0.013573",3998.427643,83.24765962,4.062239865,687.2926,1254.457,4928.224
"471",0,0,NA,0,0,"N","NE5","NE5_EVENT29_A_2024_NE5-F2","NE5_EVENT29_A_2024","A","2024","D",2,1.23511041177871,"City","F"," 2024-02-20 03:14:32",-3.9,"29","NE5-F2_2024","N","0.013573",3998.427643,83.24765962,4.062239865,687.2926,1254.457,4928.224
"472",0,0,NA,0,0,"N","NE5","NE5_EVENT29_A_2024_NE5-M1","NE5_EVENT29_A_2024","A","2024","D",2,1.23511041177871,"City","M"," 2024-02-20 03:14:32",-3.9,"29","NE5-M1_2024","Y","0.013573",3998.427643,83.24765962,4.062239865,687.2926,1254.457,4928.224
"473",53.265,65.966,4,0,1,"Y","NE5","NE5_EVENT2_A_2025_NE5-F1","NE5_EVENT2_A_2025","A","2025","L",1,1.23511041177871,"City","F","2025-02-24 07:07:08",2.2,"2","NE5-F1_2025","Y","0.013573",3998.427643,83.24765962,4.062239865,687.2926,1254.457,4928.224
"474",0,0,NA,0,0,"N","NE5","NE5_EVENT2_W_2025_NE5-F1","NE5_EVENT2_W_2025","W","2025","L",1,1.23511041177871,"City","F","2025-02-24 07:04:14",2.2,"2","NE5-F1_2025","Y","0.013573",3998.427643,83.24765962,4.062239865,687.2926,1254.457,4928.224
"475",0,0,NA,0,0,"Y","NE5","NE5_EVENT2_A_2024_NE5-U1","NE5_EVENT2_A_2024","A","2024","D",1,1.23511041177871,"City","U"," 2024-02-06 06:26:34",-6.4,"2","NE5-U1_2024","N","0.013573",3998.427643,83.24765962,4.062239865,687.2926,1254.457,4928.224
"476",0,0,NA,0,0,"Y","NE5","NE5_EVENT30_A_2025_NE5-F1","NE5_EVENT30_A_2025","A","2025","L",1,1.23511041177871,"City","F","2025-03-28 14:11:04",-6.6,"30","NE5-F1_2025","Y","0.013573",3998.427643,83.24765962,4.062239865,687.2926,1254.457,4928.224
"477",7.217,12.15,3,0,0,"Y","NE5","NE5_EVENT30_W_2025_NE5-F1","NE5_EVENT30_W_2025","W","2025","L",1,1.23511041177871,"City","F","2025-03-28 14:09:44",-6.6,"30","NE5-F1_2025","Y","0.013573",3998.427643,83.24765962,4.062239865,687.2926,1254.457,4928.224
"478",0,0,NA,0,0,"N","NE5","NE5_EVENT30_A_2024_NE5-SM2","NE5_EVENT30_A_2024","A","2024","L",1,1.23511041177871,"City","SM"," 2024-02-21 17:34:56",-2.3,"30","NE5-SM2_2024","Y","0.013573",3998.427643,83.24765962,4.062239865,687.2926,1254.457,4928.224
"479",10.534,16.617,1,0,1,"Y","NE5","NE5_EVENT30_W_2024_NE5-SM2","NE5_EVENT30_W_2024","W","2024","L",1,1.23511041177871,"City","SM"," 2024-02-21 17:35:52",-2.3,"30","NE5-SM2_2024","Y","0.013573",3998.427643,83.24765962,4.062239865,687.2926,1254.457,4928.224
"480",0,0,NA,1,0,"Y","NE5","NE5_EVENT31_A_2025_NE5-U2","NE5_EVENT31_A_2025","A","2025","D",1,1.23511041177871,"City","U","2025-03-28 19:41:06",-6.6,"31","NE5-U2_2025","N","0.013573",3998.427643,83.24765962,4.062239865,687.2926,1254.457,4928.224
"481",0,0,NA,0,0,"Y","NE5","NE5_EVENT31_A_2024_NE5-SM2","NE5_EVENT31_A_2024","A","2024","L",1,1.23511041177871,"City","SM"," 2024-02-22 13:58:22",3,"31","NE5-SM2_2024","Y","0.013573",3998.427643,83.24765962,4.062239865,687.2926,1254.457,4928.224
"482",0,2.55,NA,0,0,"Y","NE5","NE5_EVENT32_A_2025_NE5-F1","NE5_EVENT32_A_2025","A","2025","L",1,1.23511041177871,"City","F","2025-03-30 11:44:44",-5.1,"32","NE5-F1_2025","Y","0.013573",3998.427643,83.24765962,4.062239865,687.2926,1254.457,4928.224
"483",0,0,NA,0,0,"N","NE5","NE5_EVENT32_W_2024_NE5-SM2","NE5_EVENT32_W_2024","W","2024","L",1,1.23511041177871,"City","SM"," 2024-02-22 15:58:22",3,"32","NE5-SM2_2024","Y","0.013573",3998.427643,83.24765962,4.062239865,687.2926,1254.457,4928.224
"484",1.367,6.117,2,0,0,"Y","NE5","NE5_EVENT33_A_2025_NE5-F1","NE5_EVENT33_A_2025","A","2025","L",1,1.23511041177871,"City","F","2025-03-30 13:37:58",-5.1,"33","NE5-F1_2025","Y","0.013573",3998.427643,83.24765962,4.062239865,687.2926,1254.457,4928.224
"485",2.85,6.617,2,0,0,"Y","NE5","NE5_EVENT33_W_2025_NE5-F1","NE5_EVENT33_W_2025","W","2025","L",1,1.23511041177871,"City","F","2025-03-30 13:43:02",-5.1,"33","NE5-F1_2025","Y","0.013573",3998.427643,83.24765962,4.062239865,687.2926,1254.457,4928.224
"486",0,0,NA,0,0,"N","NE5","NE5_EVENT33_A_2024_NE5-SM1","NE5_EVENT33_A_2024","A","2024","L",1,1.23511041177871,"City","SM"," 2024-02-24 08:29:08",1.1,"33","NE5-SM1_2024","N","0.013573",3998.427643,83.24765962,4.062239865,687.2926,1254.457,4928.224
"487",4.216,6.05,1,0,0,"Y","NE5","NE5_EVENT34_A_2025_NE5-F1","NE5_EVENT34_A_2025","A","2025","L",1,1.23511041177871,"City","F","2025-03-30 17:38:00",-5.1,"34","NE5-F1_2025","Y","0.013573",3998.427643,83.24765962,4.062239865,687.2926,1254.457,4928.224
"488",1.217,4.667,1,0,0,"Y","NE5","NE5_EVENT34_W_2025_NE5-F1","NE5_EVENT34_W_2025","W","2025","L",1,1.23511041177871,"City","F","2025-03-30 17:35:14",-5.1,"34","NE5-F1_2025","Y","0.013573",3998.427643,83.24765962,4.062239865,687.2926,1254.457,4928.224
"489",0.666,1.983,1,0,0,"Y","NE5","NE5_EVENT35_A_2025_NE5-F1","NE5_EVENT35_A_2025","A","2025","L",1,1.23511041177871,"City","F","2025-04-01 14:27:28",2.2,"35","NE5-F1_2025","Y","0.013573",3998.427643,83.24765962,4.062239865,687.2926,1254.457,4928.224
"490",0,0,NA,0,0,"N","NE5","NE5_EVENT35_W_2025_NE5-F1","NE5_EVENT35_W_2025","W","2025","L",1,1.23511041177871,"City","F","2025-04-01 14:25:46",2.2,"35","NE5-F1_2025","Y","0.013573",3998.427643,83.24765962,4.062239865,687.2926,1254.457,4928.224
"491",0,0,NA,0,0,"N","NE5","NE5_EVENT36_A_2025_NE5-F1","NE5_EVENT36_A_2025","A","2025","L",1,1.23511041177871,"City","F","2025-04-01 15:13:18",2.2,"36","NE5-F1_2025","Y","0.013573",3998.427643,83.24765962,4.062239865,687.2926,1254.457,4928.224
"492",1.017,3.8,1,1,0,"Y","NE5","NE5_EVENT37_A_2025_NE5-F1","NE5_EVENT37_A_2025","A","2025","L",1,1.23511041177871,"City","F","2025-04-01 18:33:34",2.2,"37","NE5-F1_2025","Y","0.013573",3998.427643,83.24765962,4.062239865,687.2926,1254.457,4928.224
"493",0,0,NA,0,0,"N","NE5","NE5_EVENT37_W_2025_NE5-F1","NE5_EVENT37_W_2025","W","2025","L",1,1.23511041177871,"City","F","2025-04-01 18:31:58",2.2,"37","NE5-F1_2025","Y","0.013573",3998.427643,83.24765962,4.062239865,687.2926,1254.457,4928.224
"494",0,0,NA,0,0,"Y","NE5","NE5_EVENT38_A_2025_NE5-M1","NE5_EVENT38_A_2025","A","2025","D",1,1.23511041177871,"City","M","2025-04-05 20:36:58",7.2,"38","NE5-M1_2025","N","0.013573",3998.427643,83.24765962,4.062239865,687.2926,1254.457,4928.224
"495",0,0,NA,0,0,"Y","NE5","NE5_EVENT39_A_2025_NE5-M1","NE5_EVENT39_A_2025","A","2025","L",1,1.23511041177871,"City","M","2025-04-06 17:02:58",9.4,"39","NE5-M1_2025","N","0.013573",3998.427643,83.24765962,4.062239865,687.2926,1254.457,4928.224
"496",0,0,NA,0,0,"Y","NE5","NE5_EVENT3_A_2025_NE5-M1","NE5_EVENT3_A_2025","A","2025","D",1,1.23511041177871,"City","M","2025-02-27 22:48:56",7.2,"3","NE5-M1_2025","N","0.013573",3998.427643,83.24765962,4.062239865,687.2926,1254.457,4928.224
"497",26.217,60.301,4,0,1,"Y","NE5","NE5_EVENT3_A_2024_NE5-F1","NE5_EVENT3_A_2024","A","2024","D",2,1.23511041177871,"City","F"," 2024-02-06 06:53:30",-6.4,"3","NE5-F1_2024","N","0.013573",3998.427643,83.24765962,4.062239865,687.2926,1254.457,4928.224
"498",0,0,NA,1,0,"Y","NE5","NE5_EVENT3_A_2024_NE5-U1","NE5_EVENT3_A_2024","A","2024","D",2,1.23511041177871,"City","U"," 2024-02-06 06:53:30",-6.4,"3","NE5-U1_2024","N","0.013573",3998.427643,83.24765962,4.062239865,687.2926,1254.457,4928.224
"499",0,0,NA,0,0,"N","NE5","NE5_EVENT40_A_2025_NE5-M1","NE5_EVENT40_A_2025","A","2025","L",1,1.23511041177871,"City","M","2025-04-09 06:14:54",7.6,"40","NE5-M1_2025","N","0.013573",3998.427643,83.24765962,4.062239865,687.2926,1254.457,4928.224
"500",0,0,NA,0,0,"N","NE5","NE5_EVENT41_A_2025_NE5-M1","NE5_EVENT41_A_2025","A","2025","L",1,1.23511041177871,"City","M","2025-04-09 08:37:02",7.6,"41","NE5-M1_2025","N","0.013573",3998.427643,83.24765962,4.062239865,687.2926,1254.457,4928.224
"501",42.833,96.701,4,0,1,"Y","NE5","NE5_EVENT4_A_2025_NE5-F1","NE5_EVENT4_A_2025","A","2025","L",1,1.23511041177871,"City","F","2025-02-28 06:39:10",4.1,"4","NE5-F1_2025","Y","0.013573",3998.427643,83.24765962,4.062239865,687.2926,1254.457,4928.224
"502",0,0,NA,0,0,"N","NE5","NE5_EVENT4_W_2025_NE5-F1","NE5_EVENT4_W_2025","W","2025","L",1,1.23511041177871,"City","F","2025-02-28 06:37:00",4.1,"4","NE5-F1_2025","Y","0.013573",3998.427643,83.24765962,4.062239865,687.2926,1254.457,4928.224
"503",0,0,NA,0,0,"Y","NE5","NE5_EVENT4_A_2024_NE5-U1","NE5_EVENT4_A_2024","A","2024","D",1,1.23511041177871,"City","U"," 2024-02-07 06:19:20",-4.4,"4","NE5-U1_2024","N","0.013573",3998.427643,83.24765962,4.062239865,687.2926,1254.457,4928.224
"504",25.6,34.083,3,0,1,"Y","NE5","NE5_EVENT5_A_2025_NE5-F1","NE5_EVENT5_A_2025","A","2025","D",1,1.23511041177871,"City","F","2025-03-04 02:28:52",-0.3,"5","NE5-F1_2025","Y","0.013573",3998.427643,83.24765962,4.062239865,687.2926,1254.457,4928.224
"505",0,0,NA,0,0,"Y","NE5","NE5_EVENT5_A_2024_NE5-M1","NE5_EVENT5_A_2024","A","2024","D",1,1.23511041177871,"City","M"," 2024-02-07 06:47:32",-4.4,"5","NE5-M1_2024","Y","0.013573",3998.427643,83.24765962,4.062239865,687.2926,1254.457,4928.224
"506",0,0.517,NA,0,0,"Y","NE5","NE5_EVENT6_A_2025_NE5-M1","NE5_EVENT6_A_2025","A","2025","D",1,1.23511041177871,"City","M","2025-03-06 22:39:32",1.6,"6","NE5-M1_2025","N","0.013573",3998.427643,83.24765962,4.062239865,687.2926,1254.457,4928.224
"507",0,4.666,NA,0,0,"Y","NE5","NE5_EVENT6_A_2024_NE5-M1","NE5_EVENT6_A_2024","A","2024","L",1,1.23511041177871,"City","M"," 2024-02-07 13:28:32",-4.4,"6","NE5-M1_2024","Y","0.013573",3998.427643,83.24765962,4.062239865,687.2926,1254.457,4928.224
"508",10.983,18.333,2,0,0,"Y","NE5","NE5_EVENT7_A_2025_NE5-F1","NE5_EVENT7_A_2025","A","2025","D",1,1.23511041177871,"City","F","2025-03-06 23:23:42",1.6,"7","NE5-F1_2025","Y","0.013573",3998.427643,83.24765962,4.062239865,687.2926,1254.457,4928.224
"509",1.517,6.883,1,0,0,"Y","NE5","NE5_EVENT7_A_2024_NE5-M1","NE5_EVENT7_A_2024","A","2024","L",1,1.23511041177871,"City","M"," 2024-02-08 12:08:14",-3.8,"7","NE5-M1_2024","Y","0.013573",3998.427643,83.24765962,4.062239865,687.2926,1254.457,4928.224
"510",0,0,NA,0,0,"N","NE5","NE5_EVENT8_A_2025_NE5-F1","NE5_EVENT8_A_2025","A","2025","L",2,1.23511041177871,"City","F","2025-03-07 16:14:08",2.5,"8","NE5-F1_2025","Y","0.013573",3998.427643,83.24765962,4.062239865,687.2926,1254.457,4928.224
"511",0,0,NA,0,0,"N","NE5","NE5_EVENT8_A_2025_NE5-M1","NE5_EVENT8_A_2025","A","2025","L",2,1.23511041177871,"City","M","2025-03-07 16:14:08",2.5,"8","NE5-M1_2025","N","0.013573",3998.427643,83.24765962,4.062239865,687.2926,1254.457,4928.224
"512",0,0,NA,0,0,"Y","NE5","NE5_EVENT8_W_2025_NE5-F1","NE5_EVENT8_W_2025","W","2025","L",2,1.23511041177871,"City","F","2025-03-07 16:11:36",2.5,"8","NE5-F1_2025","Y","0.013573",3998.427643,83.24765962,4.062239865,687.2926,1254.457,4928.224
"513",0,0,NA,0,0,"N","NE5","NE5_EVENT8_W_2025_NE5-M1","NE5_EVENT8_W_2025","W","2025","L",2,1.23511041177871,"City","M","2025-03-07 16:11:36",2.5,"8","NE5-M1_2025","N","0.013573",3998.427643,83.24765962,4.062239865,687.2926,1254.457,4928.224
"514",0,4.467,NA,0,0,"Y","NE5","NE5_EVENT8_A_2024_NE5-SF1","NE5_EVENT8_A_2024","A","2024","L",1,1.23511041177871,"City","SF"," 2024-02-08 12:59:30",-3.8,"8","NE5-SF1_2024","N","0.013573",3998.427643,83.24765962,4.062239865,687.2926,1254.457,4928.224
"515",56.851,66.768,4,0,1,"Y","NE5","NE5_EVENT9_A_2025_NE5-F1","NE5_EVENT9_A_2025","A","2025","D",1,1.23511041177871,"City","F","2025-03-07 19:41:14",2.5,"9","NE5-F1_2025","Y","0.013573",3998.427643,83.24765962,4.062239865,687.2926,1254.457,4928.224
"516",0,0,NA,1,0,"Y","NE5","NE5_EVENT9_A_2024_NE5-U1","NE5_EVENT9_A_2024","A","2024","D",1,1.23511041177871,"City","U"," 2024-02-08 22:49:28",-3.8,"9","NE5-U1_2024","N","0.013573",3998.427643,83.24765962,4.062239865,687.2926,1254.457,4928.224
"517",0,0,NA,0,0,"Y","NE6","NE6_EVENT10_A_2025_NE6-SF1","NE6_EVENT10_A_2025","A","2025","D",1,0.315177385963333,"City","SF","2025-03-22 01:30:24",3.3,"10","NE6-SF1_2025","Y","0.007395",1894.766749,87.77407673,9.376959804,7367.61207287,20767.29933,37642.45394
"518",0,0,NA,0,0,"Y","NE6","NE6_EVENT11_A_2025_NE6-SM1","NE6_EVENT11_A_2025","A","2025","D",1,0.315177385963333,"City","SM","2025-03-22 04:19:36",3.3,"11","NE6-SM1_2025","N","0.007395",1894.766749,87.77407673,9.376959804,7367.61207287,20767.29933,37642.45394
"519",0,0,NA,0,0,"N","NE6","NE6_EVENT12_A_2025_NE6-SF1","NE6_EVENT12_A_2025","A","2025","D",1,0.315177385963333,"City","SF","2025-03-22 20:39:12",3.3,"12","NE6-SF1_2025","Y","0.007395",1894.766749,87.77407673,9.376959804,7367.61207287,20767.29933,37642.45394
"520",0,0,NA,0,0,"Y","NE6","NE6_EVENT13_W_2025_NE6-SF1","NE6_EVENT13_W_2025","W","2025","D",1,0.315177385963333,"City","SF","2025-03-23 22:50:24",2.7,"13","NE6-SF1_2025","Y","0.007395",1894.766749,87.77407673,9.376959804,7367.61207287,20767.29933,37642.45394
"521",0,0,NA,0,0,"N","NE6","NE6_EVENT14_W_2025_NE6-U1","NE6_EVENT14_W_2025","W","2025","D",1,0.315177385963333,"City","U","2025-03-25 21:05:22",5.4,"14","NE6-U1_2025","N","0.007395",1894.766749,87.77407673,9.376959804,7367.61207287,20767.29933,37642.45394
"522",0,0,NA,0,0,"Y","NE6","NE6_EVENT15_W_2025_NE6-SM1","NE6_EVENT15_W_2025","W","2025","D",1,0.315177385963333,"City","SM","2025-03-25 23:33:22",5.4,"15","NE6-SM1_2025","N","0.007395",1894.766749,87.77407673,9.376959804,7367.61207287,20767.29933,37642.45394
"523",0,0,NA,0,0,"N","NE6","NE6_EVENT16_W_2025_NE6-U1","NE6_EVENT16_W_2025","W","2025","D",1,0.315177385963333,"City","U","2025-03-26 20:16:58",3.9,"16","NE6-U1_2025","N","0.007395",1894.766749,87.77407673,9.376959804,7367.61207287,20767.29933,37642.45394
"524",2.366,5.484,1,1,0,"Y","NE6","NE6_EVENT17_W_2025_NE6-F1","NE6_EVENT17_W_2025","W","2025","D",1,0.315177385963333,"City","F","2025-04-02 04:39:54",-1.9,"17","NE6-F1_2025","N","0.007395",1894.766749,87.77407673,9.376959804,7367.61207287,20767.29933,37642.45394
"525",0,1.5,NA,0,0,"Y","NE6","NE6_EVENT1_A_2025_NE6-SM1","NE6_EVENT1_A_2025","A","2025","D",1,0.315177385963333,"City","SM","2025-02-20 22:20:16",-10.4,"1","NE6-SM1_2025","N","0.007395",1894.766749,87.77407673,9.376959804,7367.61207287,20767.29933,37642.45394
"526",0,0,NA,0,0,"Y","NE6","NE6_EVENT1_W_2024_NE6-F1","NE6_EVENT1_W_2024","W","2024","L",1,0.315177385963333,"City","F"," 2024-02-11 13:37:53",-0.4,"1","NE6-F1_2024","Y","0.007395",1894.766749,87.77407673,9.376959804,7367.61207287,20767.29933,37642.45394
"527",0,0,NA,0,0,"N","NE6","NE6_EVENT2_A_2025_NE6-U1","NE6_EVENT2_A_2025","A","2025","D",1,0.315177385963333,"City","U","2025-02-21 01:10:50",1.3,"2","NE6-U1_2025","N","0.007395",1894.766749,87.77407673,9.376959804,7367.61207287,20767.29933,37642.45394
"528",0.216,21.698,2,0,0,"Y","NE6","NE6_EVENT2_W_2024_NE6-SF1","NE6_EVENT2_W_2024","W","2024","D",1,0.315177385963333,"City","SF"," 2024-02-17 22:13:54",-2.1,"2","NE6-SF1_2024","Y","0.007395",1894.766749,87.77407673,9.376959804,7367.61207287,20767.29933,37642.45394
"529",0.816,2.966,1,0,0,"Y","NE6","NE6_EVENT3_A_2025_NE6-F1","NE6_EVENT3_A_2025","A","2025","D",1,0.315177385963333,"City","F","2025-02-22 23:30:10",4.7,"3","NE6-F1_2025","N","0.007395",1894.766749,87.77407673,9.376959804,7367.61207287,20767.29933,37642.45394
"530",0,0,NA,0,0,"Y","NE6","NE6_EVENT4_A_2025_NE6-SM2","NE6_EVENT4_A_2025","A","2025","D",1,0.315177385963333,"City","SM","2025-02-23 18:38:44",5.1,"4","NE6-SM2_2025","N","0.007395",1894.766749,87.77407673,9.376959804,7367.61207287,20767.29933,37642.45394
"531",0,0,NA,0,0,"Y","NE6","NE6_EVENT5_A_2025_NE6-SM2","NE6_EVENT5_A_2025","A","2025","D",1,0.315177385963333,"City","SM","2025-02-23 21:12:15",5.1,"5","NE6-SM2_2025","N","0.007395",1894.766749,87.77407673,9.376959804,7367.61207287,20767.29933,37642.45394
"532",0,0,NA,0,0,"Y","NE6","NE6_EVENT6_A_2025_NE6-SM2","NE6_EVENT6_A_2025","A","2025","D",1,0.315177385963333,"City","SM","2025-03-01 20:57:29",6,"6","NE6-SM2_2025","N","0.007395",1894.766749,87.77407673,9.376959804,7367.61207287,20767.29933,37642.45394
"533",0,0,NA,0,0,"Y","NE6","NE6_EVENT7_A_2025_NE6-SM2","NE6_EVENT7_A_2025","A","2025","D",1,0.315177385963333,"City","SM","2025-03-12 01:24:58",-4,"7","NE6-SM2_2025","N","0.007395",1894.766749,87.77407673,9.376959804,7367.61207287,20767.29933,37642.45394
"534",0,0.65,NA,0,0,"Y","NE6","NE6_EVENT8_W_2025_NE6-SM2","NE6_EVENT8_W_2025","W","2025","D",1,0.315177385963333,"City","SM","2025-03-12 21:40:44",-4,"8","NE6-SM2_2025","N","0.007395",1894.766749,87.77407673,9.376959804,7367.61207287,20767.29933,37642.45394
"535",0,0,NA,0,0,"Y","NE6","NE6_EVENT9_A_2025_NE6-SM2","NE6_EVENT9_A_2025","A","2025","D",1,0.315177385963333,"City","SM","2025-03-21 00:40:07",2.1,"9","NE6-SM2_2025","N","0.007395",1894.766749,87.77407673,9.376959804,7367.61207287,20767.29933,37642.45394
"536",0,0,NA,0,0,"Y","NE7","NE7_EVENT10_A_2025_NE7-F1","NE7_EVENT10_A_2025","A","2025","L",1,0.33626701003561,"City","F","2025-04-05 10:54:20",7.2,"10","NE7-F1_2025","N","0.009434",1059.874698,92.08846922,5.964154245,7832.16053841,27483.77284,52089.20464
"537",0,0,NA,0,0,"Y","NE7","NE7_EVENT1_W_2025_NE7-F1","NE7_EVENT1_W_2025","W","2025","D",1,0.33626701003561,"City","F","2025-03-12 21:06:08",-4,"1","NE7-F1_2025","N","0.009434",1059.874698,92.08846922,5.964154245,7832.16053841,27483.77284,52089.20464
"538",0,0,NA,0,0,"Y","NE7","NE7_EVENT1_A_2024_NE7-U1","NE7_EVENT1_A_2024","A","2024","D",1,0.33626701003561,"City","U"," 2024-02-13 01:29:34",-3.9,"1","NE7-U1_2024","N","0.009434",1059.874698,92.08846922,5.964154245,7832.16053841,27483.77284,52089.20464
"539",0,0,NA,0,0,"Y","NE7","NE7_EVENT2_A_2025_NE7-F1","NE7_EVENT2_A_2025","A","2025","L",1,0.33626701003561,"City","F","2025-03-14 10:59:02",-13.5,"2","NE7-F1_2025","N","0.009434",1059.874698,92.08846922,5.964154245,7832.16053841,27483.77284,52089.20464
"540",0,0,NA,0,0,"Y","NE7","NE7_EVENT2_A_2024_NE7-M1","NE7_EVENT2_A_2024","A","2024","L",1,0.33626701003561,"City","M"," 2024-02-20 13:37:38",-3.9,"2","NE7-M1_2024","N","0.009434",1059.874698,92.08846922,5.964154245,7832.16053841,27483.77284,52089.20464
"541",0,0,NA,0,0,"Y","NE7","NE7_EVENT3_W_2025_NE7-F1","NE7_EVENT3_W_2025","W","2025","D",1,0.33626701003561,"City","F","2025-03-15 21:29:26",-10.2,"3","NE7-F1_2025","N","0.009434",1059.874698,92.08846922,5.964154245,7832.16053841,27483.77284,52089.20464
"542",0,0,NA,0,0,"Y","NE7","NE7_EVENT3_A_2024_NE7-M1","NE7_EVENT3_A_2024","A","2024","L",1,0.33626701003561,"City","M"," 2024-02-24 08:11:06",1.1,"3","NE7-M1_2024","N","0.009434",1059.874698,92.08846922,5.964154245,7832.16053841,27483.77284,52089.20464
"543",0,0,NA,0,0,"Y","NE7","NE7_EVENT4_A_2025_NE7-F1","NE7_EVENT4_A_2025","A","2025","L",1,0.33626701003561,"City","F","2025-03-16 15:35:38",-9.3,"4","NE7-F1_2025","N","0.009434",1059.874698,92.08846922,5.964154245,7832.16053841,27483.77284,52089.20464
"544",0,0,NA,0,0,"Y","NE7","NE7_EVENT4_W_2024_NE7-SF1","NE7_EVENT4_W_2024","W","2024","L",1,0.33626701003561,"City","SF"," 2024-02-28 10:50:02",-17.4,"4","NE7-SF1_2024","N","0.009434",1059.874698,92.08846922,5.964154245,7832.16053841,27483.77284,52089.20464
"545",0,0,NA,0,0,"Y","NE7","NE7_EVENT5_A_2025_NE7-F1","NE7_EVENT5_A_2025","A","2025","D",1,0.33626701003561,"City","F","2025-03-20 00:13:48",0.4,"5","NE7-F1_2025","N","0.009434",1059.874698,92.08846922,5.964154245,7832.16053841,27483.77284,52089.20464
"546",0,0,NA,0,0,"Y","NE7","NE7_EVENT5_W_2025_NE7-F1","NE7_EVENT5_W_2025","W","2025","D",1,0.33626701003561,"City","F","2025-03-20 00:13:48",0.4,"5","NE7-F1_2025","N","0.009434",1059.874698,92.08846922,5.964154245,7832.16053841,27483.77284,52089.20464
"547",0,0,NA,0,0,"Y","NE7","NE7_EVENT6_A_2025_NE7-F1","NE7_EVENT6_A_2025","A","2025","L",1,0.33626701003561,"City","F","2025-03-21 06:59:36",2.1,"6","NE7-F1_2025","N","0.009434",1059.874698,92.08846922,5.964154245,7832.16053841,27483.77284,52089.20464
"548",0,0,NA,0,0,"Y","NE7","NE7_EVENT6_W_2025_NE7-F1","NE7_EVENT6_W_2025","W","2025","L",1,0.33626701003561,"City","F","2025-03-21 06:59:04",2.1,"6","NE7-F1_2025","N","0.009434",1059.874698,92.08846922,5.964154245,7832.16053841,27483.77284,52089.20464
"549",0,0,NA,0,0,"N","NE7","NE7_EVENT7_A_2025_NE7-F1","NE7_EVENT7_A_2025","A","2025","L",1,0.33626701003561,"City","F","2025-03-27 06:48:34",-1.7,"7","NE7-F1_2025","N","0.009434",1059.874698,92.08846922,5.964154245,7832.16053841,27483.77284,52089.20464
"550",0,0,NA,0,0,"Y","NE7","NE7_EVENT8_A_2025_NE7-F1","NE7_EVENT8_A_2025","A","2025","D",1,0.33626701003561,"City","F","2025-03-30 21:06:18",-5.1,"8","NE7-F1_2025","N","0.009434",1059.874698,92.08846922,5.964154245,7832.16053841,27483.77284,52089.20464
"551",0,0,NA,0,0,"Y","NE7","NE7_EVENT9_A_2025_NE7-F1","NE7_EVENT9_A_2025","A","2025","D",1,0.33626701003561,"City","F","2025-04-01 01:09:38",2.2,"9","NE7-F1_2025","N","0.009434",1059.874698,92.08846922,5.964154245,7832.16053841,27483.77284,52089.20464
"552",0,0,NA,1,0,"Y","NW1","NW1_EVENT1_W_2025_NW1-U1","NW1_EVENT1_W_2025","W","2025","D",1,1.47384167682734,"City","U","2025-01-05 22:47:08",-14.6,"1","NW1-U1_2025","N","0.013033",2837.152216,70.49516451,5.465030299,6634.3318587,18814.35827,52952.83924
"553",0,5.466,NA,0,0,"Y","NW1","NW1_EVENT1_A_2024_NW1-M1","NW1_EVENT1_A_2024","A","2024","L",1,1.47384167682734,"City","M"," 2024-03-21 11:30:42",-5.6,"1","NW1-M1_2024","Y","0.013033",2837.152216,70.49516451,5.465030299,6634.3318587,18814.35827,52952.83924
"554",0,1.033,NA,0,0,"Y","NW1","NW1_EVENT2_A_2025_NW1-SF1","NW1_EVENT2_A_2025","A","2025","L",1,1.47384167682734,"City","SF","2025-02-05 15:50:42",-21.9,"2","NW1-SF1_2025","Y","0.013033",2837.152216,70.49516451,5.465030299,6634.3318587,18814.35827,52952.83924
"555",0,0,NA,1,0,"Y","NW1","NW1_EVENT2_W_2024_NW1-M2","NW1_EVENT2_W_2024","W","2024","D",1,1.47384167682734,"City","M"," 2024-03-23 01:37:46",-6.3,"2","NW1-M2_2024","N","0.013033",2837.152216,70.49516451,5.465030299,6634.3318587,18814.35827,52952.83924
"556",0.902,4.541,1,0,0,"Y","NW1","NW1_EVENT3_A_2025_NW1-SF1","NW1_EVENT3_A_2025","A","2025","D",1,1.47384167682734,"City","SF","2025-02-07 04:29:58",-13.9,"3","NW1-SF1_2025","Y","0.013033",2837.152216,70.49516451,5.465030299,6634.3318587,18814.35827,52952.83924
"557",0,0,NA,0,0,"Y","NW1","NW1_EVENT3_A_2024_NW1-M1","NW1_EVENT3_A_2024","A","2024","D",1,1.47384167682734,"City","M"," 2024-03-24 02:55:16",-4.3,"3","NW1-M1_2024","Y","0.013033",2837.152216,70.49516451,5.465030299,6634.3318587,18814.35827,52952.83924
"558",0,0,NA,0,0,"Y","NW2","NW2_EVENT10_W_2025_NW2-U2","NW2_EVENT10_W_2025","W","2025","D",1,2.11323449441186,"City","U","2025-02-12 06:26:44",-15.4,"10","NW2-U2_2025","N","0.011663",4170.146202,85.07028838,5.897244307,6401.14196012,13971.65204,18571.3136
"559",28.499,93.349,5,0,1,"Y","NW2","NW2_EVENT10_A_2024_NW2-F1","NW2_EVENT10_A_2024","A","2024","D",3,2.11323449441186,"City","F"," 2024-03-11 19:02:00",1.5,"10","NW2-F1_2024","N","0.011663",4170.146202,85.07028838,5.897244307,6401.14196012,13971.65204,18571.3136
"560",7.25,20.949,2,0,0,"Y","NW2","NW2_EVENT10_A_2024_NW2-F2","NW2_EVENT10_A_2024","A","2024","D",3,2.11323449441186,"City","F"," 2024-03-11 19:02:00",1.5,"10","NW2-F2_2024","N","0.011663",4170.146202,85.07028838,5.897244307,6401.14196012,13971.65204,18571.3136
"561",0,0,NA,0,0,"Y","NW2","NW2_EVENT10_A_2024_NW2-M2","NW2_EVENT10_A_2024","A","2024","D",3,2.11323449441186,"City","M"," 2024-03-11 19:02:00",1.5,"10","NW2-M2_2024","Y","0.011663",4170.146202,85.07028838,5.897244307,6401.14196012,13971.65204,18571.3136
"562",19.801,44.666,4,0,0,"Y","NW2","NW2_EVENT10_W_2024_NW2-F1","NW2_EVENT10_W_2024","W","2024","D",3,2.11323449441186,"City","F"," 2024-03-11 19:05:44",1.5,"10","NW2-F1_2024","N","0.011663",4170.146202,85.07028838,5.897244307,6401.14196012,13971.65204,18571.3136
"563",0,0,NA,0,0,"N","NW2","NW2_EVENT10_W_2024_NW2-F2","NW2_EVENT10_W_2024","W","2024","D",3,2.11323449441186,"City","F"," 2024-03-11 19:05:44",1.5,"10","NW2-F2_2024","N","0.011663",4170.146202,85.07028838,5.897244307,6401.14196012,13971.65204,18571.3136
"564",0,0,NA,0,0,"N","NW2","NW2_EVENT10_W_2024_NW2-M2","NW2_EVENT10_W_2024","W","2024","D",3,2.11323449441186,"City","M"," 2024-03-11 19:05:44",1.5,"10","NW2-M2_2024","Y","0.011663",4170.146202,85.07028838,5.897244307,6401.14196012,13971.65204,18571.3136
"565",0,0,NA,0,0,"Y","NW2","NW2_EVENT11_W_2025_NW2-M1","NW2_EVENT11_W_2025","W","2025","L",1,2.11323449441186,"City","M","2025-02-12 14:48:46",-15.4,"11","NW2-M1_2025","N","0.011663",4170.146202,85.07028838,5.897244307,6401.14196012,13971.65204,18571.3136
"566",0,0,NA,0,0,"N","NW2","NW2_EVENT11_A_2024_NW2-U3","NW2_EVENT11_A_2024","A","2024","D",1,2.11323449441186,"City","U"," 2024-03-12 06:03:54",1.1,"11","NW2-U3_2024","N","0.011663",4170.146202,85.07028838,5.897244307,6401.14196012,13971.65204,18571.3136
"567",0,0,NA,0,0,"N","NW2","NW2_EVENT12_A_2024_NW2-U4","NW2_EVENT12_A_2024","A","2024","L",1,2.11323449441186,"City","U"," 2024-03-18 09:01:02",9.8,"12","NW2-U4_2024","N","0.011663",4170.146202,85.07028838,5.897244307,6401.14196012,13971.65204,18571.3136
"568",0,0,NA,0,0,"Y","NW2","NW2_EVENT13_A_2024_NW2-M1","NW2_EVENT13_A_2024","A","2024","L",1,2.11323449441186,"City","M"," 2024-03-18 10:30:24",9.8,"13","NW2-M1_2024","N","0.011663",4170.146202,85.07028838,5.897244307,6401.14196012,13971.65204,18571.3136
"569",0,0,NA,0,0,"Y","NW2","NW2_EVENT14_A_2024_NW2-M1","NW2_EVENT14_A_2024","A","2024","L",1,2.11323449441186,"City","M"," 2024-03-18 10:48:08",9.8,"14","NW2-M1_2024","N","0.011663",4170.146202,85.07028838,5.897244307,6401.14196012,13971.65204,18571.3136
"570",0,1.633,NA,0,0,"Y","NW2","NW2_EVENT15_A_2024_NW2-M1","NW2_EVENT15_A_2024","A","2024","D",1,2.11323449441186,"City","M"," 2024-03-18 20:00:02",9.8,"15","NW2-M1_2024","N","0.011663",4170.146202,85.07028838,5.897244307,6401.14196012,13971.65204,18571.3136
"571",1.8,12.717,1,0,0,"Y","NW2","NW2_EVENT16_W_2024_NW2-M1","NW2_EVENT16_W_2024","W","2024","D",1,2.11323449441186,"City","M"," 2024-03-25 02:49:10",-4.7,"16","NW2-M1_2024","N","0.011663",4170.146202,85.07028838,5.897244307,6401.14196012,13971.65204,18571.3136
"572",0,0.5,NA,1,0,"Y","NW2","NW2_EVENT1_A_2025_NW2-SF1","NW2_EVENT1_A_2025","A","2025","D",1,2.11323449441186,"City","SF","2024-12-30 19:12:48",-9.4,"1","NW2-SF1_2025","N","0.011663",4170.146202,85.07028838,5.897244307,6401.14196012,13971.65204,18571.3136
"573",0,0,NA,0,0,"Y","NW2","NW2_EVENT1_A_2024_NW2-M1","NW2_EVENT1_A_2024","A","2024","L",1,2.11323449441186,"City","M"," 2024-03-04 16:32:01",-21.1,"1","NW2-M1_2024","N","0.011663",4170.146202,85.07028838,5.897244307,6401.14196012,13971.65204,18571.3136
"574",0,0,NA,0,0,"Y","NW2","NW2_EVENT2_A_2025_NW2-SF1","NW2_EVENT2_A_2025","A","2025","D",1,2.11323449441186,"City","SF","2025-01-03 08:04:30",-20.1,"2","NW2-SF1_2025","N","0.011663",4170.146202,85.07028838,5.897244307,6401.14196012,13971.65204,18571.3136
"575",0,0,NA,0,0,"Y","NW2","NW2_EVENT2_A_2024_NW2-M1","NW2_EVENT2_A_2024","A","2024","L",1,2.11323449441186,"City","M"," 2024-03-04 17:21:04",-21.1,"2","NW2-M1_2024","N","0.011663",4170.146202,85.07028838,5.897244307,6401.14196012,13971.65204,18571.3136
"576",0,0,NA,0,0,"Y","NW2","NW2_EVENT3_A_2025_NW2-U1","NW2_EVENT3_A_2025","A","2025","D",1,2.11323449441186,"City","U","2025-01-08 17:50:16",0.9,"3","NW2-U1_2025","Y","0.011663",4170.146202,85.07028838,5.897244307,6401.14196012,13971.65204,18571.3136
"577",9.283,32.516,1,0,1,"Y","NW2","NW2_EVENT3_W_2025_NW2-U1","NW2_EVENT3_W_2025","W","2025","D",1,2.11323449441186,"City","U","2025-01-08 17:48:22",0.9,"3","NW2-U1_2025","Y","0.011663",4170.146202,85.07028838,5.897244307,6401.14196012,13971.65204,18571.3136
"578",0,0,NA,0,0,"N","NW2","NW2_EVENT3_A_2024_NW2-F1","NW2_EVENT3_A_2024","A","2024","L",1,2.11323449441186,"City","F"," 2024-03-05 11:42:18",-20.6,"3","NW2-F1_2024","N","0.011663",4170.146202,85.07028838,5.897244307,6401.14196012,13971.65204,18571.3136
"579",0,12.633,NA,0,0,"Y","NW2","NW2_EVENT3_W_2024_NW2-F1","NW2_EVENT3_W_2024","W","2024","L",1,2.11323449441186,"City","F"," 2024-03-05 11:41:04",-20.6,"3","NW2-F1_2024","N","0.011663",4170.146202,85.07028838,5.897244307,6401.14196012,13971.65204,18571.3136
"580",1.317,6.983,2,0,0,"Y","NW2","NW2_EVENT4_A_2025_NW2-U1","NW2_EVENT4_A_2025","A","2025","D",1,2.11323449441186,"City","U","2025-01-08 20:44:30",0.9,"4","NW2-U1_2025","Y","0.011663",4170.146202,85.07028838,5.897244307,6401.14196012,13971.65204,18571.3136
"581",4.234,46.916,1,0,0,"Y","NW2","NW2_EVENT4_W_2025_NW2-U1","NW2_EVENT4_W_2025","W","2025","D",1,2.11323449441186,"City","U","2025-01-08 20:46:14",0.9,"4","NW2-U1_2025","Y","0.011663",4170.146202,85.07028838,5.897244307,6401.14196012,13971.65204,18571.3136
"582",0,0,NA,0,0,"Y","NW2","NW2_EVENT4_A_2024_NW2-F1","NW2_EVENT4_A_2024","A","2024","L",1,2.11323449441186,"City","F"," 2024-03-05 13:06:03",-20.6,"4","NW2-F1_2024","N","0.011663",4170.146202,85.07028838,5.897244307,6401.14196012,13971.65204,18571.3136
"583",4.383,9.916,1,0,0,"Y","NW2","NW2_EVENT5_A_2025_NW2-SM1","NW2_EVENT5_A_2025","A","2025","L",1,2.11323449441186,"City","SM","2025-01-16 08:43:48",-1.4,"5","NW2-SM1_2025","Y","0.011663",4170.146202,85.07028838,5.897244307,6401.14196012,13971.65204,18571.3136
"584",43.917,64.882,5,0,0,"Y","NW2","NW2_EVENT5_W_2025_NW2-SM1","NW2_EVENT5_W_2025","W","2025","L",1,2.11323449441186,"City","SM","2025-01-16 08:42:24",-1.4,"5","NW2-SM1_2025","Y","0.011663",4170.146202,85.07028838,5.897244307,6401.14196012,13971.65204,18571.3136
"585",0,0,NA,0,0,"Y","NW2","NW2_EVENT5_A_2024_NW2-F1","NW2_EVENT5_A_2024","A","2024","L",1,2.11323449441186,"City","F"," 2024-03-05 16:31:52",-20.6,"5","NW2-F1_2024","N","0.011663",4170.146202,85.07028838,5.897244307,6401.14196012,13971.65204,18571.3136
"586",1.45,3.783,1,0,0,"Y","NW2","NW2_EVENT6_A_2025_NW2-SM1","NW2_EVENT6_A_2025","A","2025","L",1,2.11323449441186,"City","SM","2025-01-17 11:31:23",-11.6,"6","NW2-SM1_2025","Y","0.011663",4170.146202,85.07028838,5.897244307,6401.14196012,13971.65204,18571.3136
"587",2.784,9.4,1,0,0,"Y","NW2","NW2_EVENT6_W_2025_NW2-SM1","NW2_EVENT6_W_2025","W","2025","L",1,2.11323449441186,"City","SM","2025-01-17 11:32:17",-11.6,"6","NW2-SM1_2025","Y","0.011663",4170.146202,85.07028838,5.897244307,6401.14196012,13971.65204,18571.3136
"588",0,0,NA,1,0,"Y","NW2","NW2_EVENT6_A_2024_NW2-F1","NW2_EVENT6_A_2024","A","2024","D",2,2.11323449441186,"City","F"," 2024-03-06 22:56:42",-20.5,"6","NW2-F1_2024","N","0.011663",4170.146202,85.07028838,5.897244307,6401.14196012,13971.65204,18571.3136
"589",1.333,17.815,1,0,0,"Y","NW2","NW2_EVENT6_A_2024_NW2-M2","NW2_EVENT6_A_2024","A","2024","D",2,2.11323449441186,"City","M"," 2024-03-06 22:56:42",-20.5,"6","NW2-M2_2024","Y","0.011663",4170.146202,85.07028838,5.897244307,6401.14196012,13971.65204,18571.3136
"590",0,0,NA,0,0,"N","NW2","NW2_EVENT6_W_2024_NW2-F1","NW2_EVENT6_W_2024","W","2024","D",2,2.11323449441186,"City","F"," 2024-03-06 22:57:52",-20.5,"6","NW2-F1_2024","N","0.011663",4170.146202,85.07028838,5.897244307,6401.14196012,13971.65204,18571.3136
"591",0.85,7.549,1,0,0,"Y","NW2","NW2_EVENT6_W_2024_NW2-M2","NW2_EVENT6_W_2024","W","2024","D",2,2.11323449441186,"City","M"," 2024-03-06 22:57:52",-20.5,"6","NW2-M2_2024","Y","0.011663",4170.146202,85.07028838,5.897244307,6401.14196012,13971.65204,18571.3136
"592",0,0,NA,0,0,"Y","NW2","NW2_EVENT7_A_2025_NW2-U1","NW2_EVENT7_A_2025","A","2025","D",1,2.11323449441186,"City","U","2025-01-20 05:57:48",-13.6,"7","NW2-U1_2025","Y","0.011663",4170.146202,85.07028838,5.897244307,6401.14196012,13971.65204,18571.3136
"593",2.4,13.8,1,0,0,"Y","NW2","NW2_EVENT7_W_2025_NW2-U1","NW2_EVENT7_W_2025","W","2025","D",1,2.11323449441186,"City","U","2025-01-20 05:56:32",-13.6,"7","NW2-U1_2025","Y","0.011663",4170.146202,85.07028838,5.897244307,6401.14196012,13971.65204,18571.3136
"594",0,0,NA,0,0,"N","NW2","NW2_EVENT7_A_2024_NW2-U1","NW2_EVENT7_A_2024","A","2024","D",1,2.11323449441186,"City","U"," 2024-03-08 17:58:46",-3.6,"7","NW2-U1_2024","N","0.011663",4170.146202,85.07028838,5.897244307,6401.14196012,13971.65204,18571.3136
"595",0,0,NA,0,0,"Y","NW2","NW2_EVENT8_W_2025_NW2-M1","NW2_EVENT8_W_2025","W","2025","L",1,2.11323449441186,"City","M","2025-01-20 10:50:44",-13.6,"8","NW2-M1_2025","N","0.011663",4170.146202,85.07028838,5.897244307,6401.14196012,13971.65204,18571.3136
"596",0,0,NA,0,0,"N","NW2","NW2_EVENT8_A_2024_NW2-U2","NW2_EVENT8_A_2024","A","2024","D",1,2.11323449441186,"City","U"," 2024-03-08 19:04:38",-3.6,"8","NW2-U2_2024","N","0.011663",4170.146202,85.07028838,5.897244307,6401.14196012,13971.65204,18571.3136
"597",0,0,NA,0,0,"Y","NW2","NW2_EVENT9_W_2025_NW2-U2","NW2_EVENT9_W_2025","W","2025","D",1,2.11323449441186,"City","U","2025-01-31 23:27:40",-12.5,"9","NW2-U2_2025","N","0.011663",4170.146202,85.07028838,5.897244307,6401.14196012,13971.65204,18571.3136
"598",0,0,NA,0,0,"Y","NW2","NW2_EVENT9_A_2024_NW2-M2","NW2_EVENT9_A_2024","A","2024","D",1,2.11323449441186,"City","M"," 2024-03-11 06:31:48",1.5,"9","NW2-M2_2024","Y","0.011663",4170.146202,85.07028838,5.897244307,6401.14196012,13971.65204,18571.3136
"599",0,0.75,NA,0,0,"Y","NW2","NW2_EVENT9_W_2024_NW2-M2","NW2_EVENT9_W_2024","W","2024","D",1,2.11323449441186,"City","M"," 2024-03-11 06:31:48",1.5,"9","NW2-M2_2024","Y","0.011663",4170.146202,85.07028838,5.897244307,6401.14196012,13971.65204,18571.3136
"600",0.267,5.433,1,0,0,"Y","NW3","NW3_EVENT10_W_2025_NW3-F1","NW3_EVENT10_W_2025","W","2025","D",1,0.922282767505751,"City","F","2025-01-14 00:30:08",0.5,"10","NW3-F1_2025","Y","0.018923",2164.903069,94.33088246,1.23660827,4509.62967331,8196.661571,19727.19092
"601",0,0.483,NA,0,0,"Y","NW3","NW3_EVENT11_A_2025_NW3-M1","NW3_EVENT11_A_2025","A","2025","D",1,0.922282767505751,"City","M","2025-01-17 00:12:54",-11.6,"11","NW3-M1_2025","N","0.018923",2164.903069,94.33088246,1.23660827,4509.62967331,8196.661571,19727.19092
"602",21.167,49.467,2,0,0,"Y","NW3","NW3_EVENT11_W_2025_NW3-M1","NW3_EVENT11_W_2025","W","2025","D",1,0.922282767505751,"City","M","2025-01-17 00:12:54",-11.6,"11","NW3-M1_2025","N","0.018923",2164.903069,94.33088246,1.23660827,4509.62967331,8196.661571,19727.19092
"603",0.233,1.333,1,0,0,"Y","NW3","NW3_EVENT12_A_2025_NW3-F1","NW3_EVENT12_A_2025","A","2025","L",1,0.922282767505751,"City","F","2025-01-19 12:07:34",-23.5,"12","NW3-F1_2025","Y","0.018923",2164.903069,94.33088246,1.23660827,4509.62967331,8196.661571,19727.19092
"604",0,0,NA,1,0,"Y","NW3","NW3_EVENT12_W_2025_NW3-F1","NW3_EVENT12_W_2025","W","2025","L",1,0.922282767505751,"City","F","2025-01-19 12:06:54",-23.5,"12","NW3-F1_2025","Y","0.018923",2164.903069,94.33088246,1.23660827,4509.62967331,8196.661571,19727.19092
"605",16.531,69.116,4,0,0,"Y","NW3","NW3_EVENT13_A_2025_NW3-M1","NW3_EVENT13_A_2025","A","2025","D",1,0.922282767505751,"City","M","2025-01-20 18:50:04",-13.6,"13","NW3-M1_2025","N","0.018923",2164.903069,94.33088246,1.23660827,4509.62967331,8196.661571,19727.19092
"606",23.251,56.101,3,0,1,"Y","NW3","NW3_EVENT13_W_2025_NW3-M1","NW3_EVENT13_W_2025","W","2025","D",1,0.922282767505751,"City","M","2025-01-20 18:50:42",-13.6,"13","NW3-M1_2025","N","0.018923",2164.903069,94.33088246,1.23660827,4509.62967331,8196.661571,19727.19092
"607",0,0,NA,0,0,"Y","NW3","NW3_EVENT14_A_2025_NW3-F1","NW3_EVENT14_A_2025","A","2025","D",1,0.922282767505751,"City","F","2025-01-21 01:33:36",-1.2,"14","NW3-F1_2025","Y","0.018923",2164.903069,94.33088246,1.23660827,4509.62967331,8196.661571,19727.19092
"608",0,0,NA,0,0,"Y","NW3","NW3_EVENT15_A_2025_NW3-M1","NW3_EVENT15_A_2025","A","2025","D",1,0.922282767505751,"City","M","2025-01-24 21:58:40",-4.8,"15","NW3-M1_2025","N","0.018923",2164.903069,94.33088246,1.23660827,4509.62967331,8196.661571,19727.19092
"609",0,0,NA,0,0,"N","NW3","NW3_EVENT15_W_2025_NW3-M1","NW3_EVENT15_W_2025","W","2025","D",1,0.922282767505751,"City","M","2025-01-24 21:57:38",-4.8,"15","NW3-M1_2025","N","0.018923",2164.903069,94.33088246,1.23660827,4509.62967331,8196.661571,19727.19092
"610",0,1.5,NA,1,0,"Y","NW3","NW3_EVENT16_W_2025_NW3-M1","NW3_EVENT16_W_2025","W","2025","D",1,0.922282767505751,"City","M","2025-01-25 05:10:36",-4.3,"16","NW3-M1_2025","N","0.018923",2164.903069,94.33088246,1.23660827,4509.62967331,8196.661571,19727.19092
"611",2.682,16.951,2,0,0,"Y","NW3","NW3_EVENT17_A_2025_NW3-SM1","NW3_EVENT17_A_2025","A","2025","D",1,0.922282767505751,"City","SM","2025-01-25 22:52:30",-4.3,"17","NW3-SM1_2025","N","0.018923",2164.903069,94.33088246,1.23660827,4509.62967331,8196.661571,19727.19092
"612",0.267,2.767,1,0,0,"Y","NW3","NW3_EVENT18_W_2025_NW3-SM1","NW3_EVENT18_W_2025","W","2025","D",1,0.922282767505751,"City","SM","2025-01-26 19:28:18",1,"18","NW3-SM1_2025","N","0.018923",2164.903069,94.33088246,1.23660827,4509.62967331,8196.661571,19727.19092
"613",0,0,NA,0,0,"Y","NW3","NW3_EVENT19_A_2025_NW3-F2","NW3_EVENT19_A_2025","A","2025","D",1,0.922282767505751,"City","F","2025-01-27 07:07:52",4.8,"19","NW3-F2_2025","N","0.018923",2164.903069,94.33088246,1.23660827,4509.62967331,8196.661571,19727.19092
"614",33.019,70.751,3,0,1,"Y","NW3","NW3_EVENT19_W_2025_NW3-F2","NW3_EVENT19_W_2025","W","2025","D",1,0.922282767505751,"City","F","2025-01-27 07:07:12",4.8,"19","NW3-F2_2025","N","0.018923",2164.903069,94.33088246,1.23660827,4509.62967331,8196.661571,19727.19092
"615",0,0,NA,0,0,"N","NW3","NW3_EVENT1_A_2025_NW3-U1","NW3_EVENT1_A_2025","A","2025","D",1,0.922282767505751,"City","U","2025-01-01 06:37:32",-14.7,"1","NW3-U1_2025","N","0.018923",2164.903069,94.33088246,1.23660827,4509.62967331,8196.661571,19727.19092
"616",0,0,NA,0,0,"Y","NW3","NW3_EVENT1_A_2024_NW3-SF1","NW3_EVENT1_A_2024","A","2024","D",1,0.922282767505751,"City","SF"," 2024-03-06 18:59:28",-20.5,"1","NW3-SF1_2024","N","0.018923",2164.903069,94.33088246,1.23660827,4509.62967331,8196.661571,19727.19092
"617",0,0,NA,0,0,"N","NW3","NW3_EVENT1_W_2024_NW3-SF1","NW3_EVENT1_W_2024","W","2024","D",1,0.922282767505751,"City","SF"," 2024-03-06 19:00:18",-20.5,"1","NW3-SF1_2024","N","0.018923",2164.903069,94.33088246,1.23660827,4509.62967331,8196.661571,19727.19092
"618",0,7.234,NA,0,0,"Y","NW3","NW3_EVENT20_A_2025_NW3-M1","NW3_EVENT20_A_2025","A","2025","D",1,0.922282767505751,"City","M","2025-01-28 05:22:44",3.5,"20","NW3-M1_2025","N","0.018923",2164.903069,94.33088246,1.23660827,4509.62967331,8196.661571,19727.19092
"619",15.95,21.7,1,0,0,"Y","NW3","NW3_EVENT20_W_2025_NW3-M1","NW3_EVENT20_W_2025","W","2025","D",1,0.922282767505751,"City","M","2025-01-28 05:21:16",3.5,"20","NW3-M1_2025","N","0.018923",2164.903069,94.33088246,1.23660827,4509.62967331,8196.661571,19727.19092
"620",3.05,9.117,1,0,0,"Y","NW3","NW3_EVENT21_A_2025_NW3-U1","NW3_EVENT21_A_2025","A","2025","L",1,0.922282767505751,"City","U","2025-01-31 06:31:40",-4.5,"21","NW3-U1_2025","N","0.018923",2164.903069,94.33088246,1.23660827,4509.62967331,8196.661571,19727.19092
"621",0,0.884,NA,0,0,"Y","NW3","NW3_EVENT21_W_2025_NW3-U1","NW3_EVENT21_W_2025","W","2025","D",1,0.922282767505751,"City","U","2025-01-31 06:31:40",-12.5,"21","NW3-U1_2025","N","0.018923",2164.903069,94.33088246,1.23660827,4509.62967331,8196.661571,19727.19092
"622",0,6.6,NA,0,0,"Y","NW3","NW3_EVENT22_A_2025_NW3-SM1","NW3_EVENT22_A_2025","A","2025","D",1,0.922282767505751,"City","SM","2025-01-31 22:14:54",-12.5,"22","NW3-SM1_2025","N","0.018923",2164.903069,94.33088246,1.23660827,4509.62967331,8196.661571,19727.19092
"623",1.766,20.9,1,0,0,"Y","NW3","NW3_EVENT22_W_2025_NW3-SM1","NW3_EVENT22_W_2025","W","2025","D",1,0.922282767505751,"City","SM","2025-01-31 22:14:54",-12.5,"22","NW3-SM1_2025","N","0.018923",2164.903069,94.33088246,1.23660827,4509.62967331,8196.661571,19727.19092
"624",0.433,8.35,1,0,0,"Y","NW3","NW3_EVENT23_W_2025_NW3-F2","NW3_EVENT23_W_2025","W","2025","D",1,0.922282767505751,"City","F","2025-02-06 07:37:54",-12.8,"23","NW3-F2_2025","N","0.018923",2164.903069,94.33088246,1.23660827,4509.62967331,8196.661571,19727.19092
"625",10.05,16.066,2,0,0,"Y","NW3","NW3_EVENT24_W_2025_NW3-SM1","NW3_EVENT24_W_2025","W","2025","D",1,0.922282767505751,"City","SM","2025-02-06 08:31:56",-12.8,"24","NW3-SM1_2025","N","0.018923",2164.903069,94.33088246,1.23660827,4509.62967331,8196.661571,19727.19092
"626",16.466,22.133,3,0,0,"Y","NW3","NW3_EVENT25_W_2025_NW3-M1","NW3_EVENT25_W_2025","W","2025","D",1,0.922282767505751,"City","M","2025-02-06 22:55:32",-12.8,"25","NW3-M1_2025","N","0.018923",2164.903069,94.33088246,1.23660827,4509.62967331,8196.661571,19727.19092
"627",0,2.866,NA,0,0,"Y","NW3","NW3_EVENT26_A_2025_NW3-F2","NW3_EVENT26_A_2025","A","2025","D",1,0.922282767505751,"City","F","2025-02-08 19:09:24",-14.3,"26","NW3-F2_2025","N","0.018923",2164.903069,94.33088246,1.23660827,4509.62967331,8196.661571,19727.19092
"628",0,0,NA,0,0,"Y","NW3","NW3_EVENT26_W_2025_NW3-F2","NW3_EVENT26_W_2025","W","2025","D",1,0.922282767505751,"City","F","2025-02-08 19:08:40",-14.3,"26","NW3-F2_2025","N","0.018923",2164.903069,94.33088246,1.23660827,4509.62967331,8196.661571,19727.19092
"629",0,0,NA,0,0,"Y","NW3","NW3_EVENT27_W_2025_NW3-F2","NW3_EVENT27_W_2025","W","2025","D",1,0.922282767505751,"City","F","2025-02-08 19:32:58",-14.3,"27","NW3-F2_2025","N","0.018923",2164.903069,94.33088246,1.23660827,4509.62967331,8196.661571,19727.19092
"630",0,0,NA,1,0,"Y","NW3","NW3_EVENT28_A_2025_NW3-U3","NW3_EVENT28_A_2025","A","2025","D",1,0.922282767505751,"City","U","2025-02-08 21:46:32",-14.3,"28","NW3-U3_2025","N","0.018923",2164.903069,94.33088246,1.23660827,4509.62967331,8196.661571,19727.19092
"631",0,0,NA,0,0,"Y","NW3","NW3_EVENT28_W_2025_NW3-U3","NW3_EVENT28_W_2025","W","2025","D",1,0.922282767505751,"City","U","2025-02-08 21:45:48",-14.3,"28","NW3-U3_2025","N","0.018923",2164.903069,94.33088246,1.23660827,4509.62967331,8196.661571,19727.19092
"632",0.4,4.916,1,0,0,"Y","NW3","NW3_EVENT29_W_2025_NW3-M1","NW3_EVENT29_W_2025","W","2025","D",1,0.922282767505751,"City","M","2025-02-09 22:11:12",-19.2,"29","NW3-M1_2025","N","0.018923",2164.903069,94.33088246,1.23660827,4509.62967331,8196.661571,19727.19092
"633",0,15.634,NA,0,0,"Y","NW3","NW3_EVENT2_A_2025_NW3-M1","NW3_EVENT2_A_2025","A","2025","D",1,0.922282767505751,"City","M","2025-01-04 05:02:38",-16.6,"2","NW3-M1_2025","N","0.018923",2164.903069,94.33088246,1.23660827,4509.62967331,8196.661571,19727.19092
"634",0,0,NA,0,0,"Y","NW3","NW3_EVENT2_W_2025_NW3-M1","NW3_EVENT2_W_2025","W","2025","D",1,0.922282767505751,"City","M","2025-01-04 05:02:41",-16.6,"2","NW3-M1_2025","N","0.018923",2164.903069,94.33088246,1.23660827,4509.62967331,8196.661571,19727.19092
"635",0,0,NA,0,0,"Y","NW3","NW3_EVENT2_A_2024_NW3-U1","NW3_EVENT2_A_2024","A","2024","D",1,0.922282767505751,"City","U"," 2024-03-10 03:29:22",4,"2","NW3-U1_2024","N","0.018923",2164.903069,94.33088246,1.23660827,4509.62967331,8196.661571,19727.19092
"636",1.284,3.15,2,0,0,"Y","NW3","NW3_EVENT30_W_2025_NW3-M1","NW3_EVENT30_W_2025","W","2025","D",1,0.922282767505751,"City","M","2025-02-10 22:52:42",-21.2,"30","NW3-M1_2025","N","0.018923",2164.903069,94.33088246,1.23660827,4509.62967331,8196.661571,19727.19092
"637",0,0,NA,0,0,"Y","NW3","NW3_EVENT31_W_2025_NW3-SM1","NW3_EVENT31_W_2025","W","2025","D",1,0.922282767505751,"City","SM","2025-02-10 23:33:22",-21.2,"31","NW3-SM1_2025","N","0.018923",2164.903069,94.33088246,1.23660827,4509.62967331,8196.661571,19727.19092
"638",0,2.067,NA,0,0,"Y","NW3","NW3_EVENT32_W_2025_NW3-SM1","NW3_EVENT32_W_2025","W","2025","D",1,0.922282767505751,"City","SM","2025-02-13 21:04:02",-16.8,"32","NW3-SM1_2025","N","0.018923",2164.903069,94.33088246,1.23660827,4509.62967331,8196.661571,19727.19092
"639",1.185,11.883,2,0,0,"Y","NW3","NW3_EVENT33_A_2025_NW3-F1","NW3_EVENT33_A_2025","A","2025","L",1,0.922282767505751,"City","F","2025-01-18 13:57:51",-4.5,"33","NW3-F1_2025","Y","0.018923",2164.903069,94.33088246,1.23660827,4509.62967331,8196.661571,19727.19092
"640",0,0,NA,0,0,"N","NW3","NW3_EVENT33_W_2025_NW3-F1","NW3_EVENT33_W_2025","W","2025","L",1,0.922282767505751,"City","F","2025-01-18 13:57:51",-19.3,"33","NW3-F1_2025","Y","0.018923",2164.903069,94.33088246,1.23660827,4509.62967331,8196.661571,19727.19092
"641",0,0,NA,0,0,"Y","NW3","NW3_EVENT3_A_2025_NW3-M1","NW3_EVENT3_A_2025","A","2025","D",1,0.922282767505751,"City","M","2025-01-04 19:33:00",-16.6,"3","NW3-M1_2025","N","0.018923",2164.903069,94.33088246,1.23660827,4509.62967331,8196.661571,19727.19092
"642",0,0,NA,0,0,"Y","NW3","NW3_EVENT3_W_2025_NW3-M1","NW3_EVENT3_W_2025","W","2025","D",1,0.922282767505751,"City","M","2025-01-04 19:33:08",-16.6,"3","NW3-M1_2025","N","0.018923",2164.903069,94.33088246,1.23660827,4509.62967331,8196.661571,19727.19092
"643",0,0,NA,0,0,"Y","NW3","NW3_EVENT3_W_2024_NW3-SM1","NW3_EVENT3_W_2024","W","2024","L",1,0.922282767505751,"City","SM"," 2024-03-17 07:01:36",7.5,"3","NW3-SM1_2024","N","0.018923",2164.903069,94.33088246,1.23660827,4509.62967331,8196.661571,19727.19092
"644",0,0,NA,0,0,"Y","NW3","NW3_EVENT4_A_2025_NW3-F1","NW3_EVENT4_A_2025","A","2025","D",2,0.922282767505751,"City","F","2025-01-07 20:09:06",-5,"4","NW3-F1_2025","Y","0.018923",2164.903069,94.33088246,1.23660827,4509.62967331,8196.661571,19727.19092
"645",0,0,NA,0,0,"N","NW3","NW3_EVENT4_A_2025_NW3-M1","NW3_EVENT4_A_2025","A","2025","D",2,0.922282767505751,"City","M","2025-01-07 20:09:06",-5,"4","NW3-M1_2025","N","0.018923",2164.903069,94.33088246,1.23660827,4509.62967331,8196.661571,19727.19092
"646",0.4,24.583,1,0,0,"Y","NW3","NW3_EVENT4_W_2025_NW3-F1","NW3_EVENT4_W_2025","W","2025","D",2,0.922282767505751,"City","F","2025-01-07 20:07:22",-5,"4","NW3-F1_2025","Y","0.018923",2164.903069,94.33088246,1.23660827,4509.62967331,8196.661571,19727.19092
"647",0.5,5.716,1,0,0,"Y","NW3","NW3_EVENT4_W_2025_NW3-M1","NW3_EVENT4_W_2025","W","2025","D",2,0.922282767505751,"City","M","2025-01-07 20:07:22",-5,"4","NW3-M1_2025","N","0.018923",2164.903069,94.33088246,1.23660827,4509.62967331,8196.661571,19727.19092
"648",0,1.167,NA,0,0,"Y","NW3","NW3_EVENT4_W_2024_NW3-F1","NW3_EVENT4_W_2024","W","2024","D",2,0.922282767505751,"City","F"," 2024-03-21 04:08:16",-5.6,"4","NW3-F1_2024","N","0.018923",2164.903069,94.33088246,1.23660827,4509.62967331,8196.661571,19727.19092
"649",0,1.117,NA,0,0,"Y","NW3","NW3_EVENT4_W_2024_NW3-M1","NW3_EVENT4_W_2024","W","2024","D",2,0.922282767505751,"City","M"," 2024-03-21 04:08:16",-5.6,"4","NW3-M1_2024","Y","0.018923",2164.903069,94.33088246,1.23660827,4509.62967331,8196.661571,19727.19092
"650",0,2.95,NA,0,0,"Y","NW3","NW3_EVENT5_A_2025_NW3-F1","NW3_EVENT5_A_2025","A","2025","D",1,0.922282767505751,"City","F","2025-01-08 04:19:54",0.9,"5","NW3-F1_2025","Y","0.018923",2164.903069,94.33088246,1.23660827,4509.62967331,8196.661571,19727.19092
"651",0.234,2.05,1,0,0,"Y","NW3","NW3_EVENT5_W_2025_NW3-F1","NW3_EVENT5_W_2025","W","2025","D",1,0.922282767505751,"City","F","2025-01-08 04:19:18",0.9,"5","NW3-F1_2025","Y","0.018923",2164.903069,94.33088246,1.23660827,4509.62967331,8196.661571,19727.19092
"652",0,0,NA,0,0,"Y","NW3","NW3_EVENT5_W_2024_NW3-U2","NW3_EVENT5_W_2024","W","2024","D",1,0.922282767505751,"City","U"," 2024-03-23 05:14:46",-6.3,"5","NW3-U2_2024","N","0.018923",2164.903069,94.33088246,1.23660827,4509.62967331,8196.661571,19727.19092
"653",0,1.366,NA,1,0,"Y","NW3","NW3_EVENT6_A_2025_NW3-SM1","NW3_EVENT6_A_2025","A","2025","D",1,0.922282767505751,"City","SM","2025-01-10 20:06:28",2.2,"6","NW3-SM1_2025","N","0.018923",2164.903069,94.33088246,1.23660827,4509.62967331,8196.661571,19727.19092
"654",2.617,11.183,2,0,0,"Y","NW3","NW3_EVENT6_W_2025_NW3-SM1","NW3_EVENT6_W_2025","W","2025","D",1,0.922282767505751,"City","SM","2025-01-10 20:05:20",2.2,"6","NW3-SM1_2025","N","0.018923",2164.903069,94.33088246,1.23660827,4509.62967331,8196.661571,19727.19092
"655",0,0,NA,0,0,"N","NW3","NW3_EVENT6_W_2024_NW3-U3","NW3_EVENT6_W_2024","W","2024","D",1,0.922282767505751,"City","U"," 2024-03-24 23:54:02",-4.3,"6","NW3-U3_2024","N","0.018923",2164.903069,94.33088246,1.23660827,4509.62967331,8196.661571,19727.19092
"656",0,2.65,NA,0,0,"Y","NW3","NW3_EVENT7_A_2025_NW3-SM1","NW3_EVENT7_A_2025","A","2025","D",1,0.922282767505751,"City","SM","2025-01-11 06:23:22",-1.5,"7","NW3-SM1_2025","N","0.018923",2164.903069,94.33088246,1.23660827,4509.62967331,8196.661571,19727.19092
"657",0,0,NA,0,0,"Y","NW3","NW3_EVENT7_W_2025_NW3-SM1","NW3_EVENT7_W_2025","W","2025","D",1,0.922282767505751,"City","SM","2025-01-11 06:23:23",-1.5,"7","NW3-SM1_2025","N","0.018923",2164.903069,94.33088246,1.23660827,4509.62967331,8196.661571,19727.19092
"658",0,1.367,NA,0,0,"Y","NW3","NW3_EVENT7_A_2024_NW3-SF1","NW3_EVENT7_A_2024","A","2024","D",1,0.922282767505751,"City","SF"," 2024-03-29 00:57:49",-4.9,"7","NW3-SF1_2024","N","0.018923",2164.903069,94.33088246,1.23660827,4509.62967331,8196.661571,19727.19092
"659",0,49.083,NA,0,0,"Y","NW3","NW3_EVENT7_W_2024_NW3-SF1","NW3_EVENT7_W_2024","W","2024","D",1,0.922282767505751,"City","SF"," 2024-03-29 00:58:18",-4.9,"7","NW3-SF1_2024","N","0.018923",2164.903069,94.33088246,1.23660827,4509.62967331,8196.661571,19727.19092
"660",0,0,NA,0,0,"Y","NW3","NW3_EVENT8_W_2025_NW3-M1","NW3_EVENT8_W_2025","W","2025","D",1,0.922282767505751,"City","M","2025-01-12 04:03:14",-2.2,"8","NW3-M1_2025","N","0.018923",2164.903069,94.33088246,1.23660827,4509.62967331,8196.661571,19727.19092
"661",0,0,NA,0,0,"Y","NW3","NW3_EVENT8_A_2024_NW3-SM1","NW3_EVENT8_A_2024","A","2024","D",1,0.922282767505751,"City","SM"," 2024-03-31 20:11:48",1.5,"8","NW3-SM1_2024","N","0.018923",2164.903069,94.33088246,1.23660827,4509.62967331,8196.661571,19727.19092
"662",0,0,NA,0,0,"Y","NW3","NW3_EVENT8_W_2024_NW3-SM1","NW3_EVENT8_W_2024","W","2024","D",1,0.922282767505751,"City","SM"," 2024-03-31 20:10:42",1.5,"8","NW3-SM1_2024","N","0.018923",2164.903069,94.33088246,1.23660827,4509.62967331,8196.661571,19727.19092
"663",0.6,6.917,1,0,0,"Y","NW3","NW3_EVENT9_A_2025_NW3-SM1","NW3_EVENT9_A_2025","A","2025","D",1,0.922282767505751,"City","SM","2025-01-12 07:38:26",-2.2,"9","NW3-SM1_2025","N","0.018923",2164.903069,94.33088246,1.23660827,4509.62967331,8196.661571,19727.19092
"664",12.784,22.717,2,0,0,"Y","NW3","NW3_EVENT9_W_2025_NW3-SM1","NW3_EVENT9_W_2025","W","2025","D",1,0.922282767505751,"City","SM","2025-01-12 07:37:48",-2.2,"9","NW3-SM1_2025","N","0.018923",2164.903069,94.33088246,1.23660827,4509.62967331,8196.661571,19727.19092
"665",0,0,NA,0,0,"N","NW4","NW4_EVENT10_A_2024_NW4-SM1","NW4_EVENT10_A_2024","A","2024","L",1,-2.57684916237671,"City","SM"," 2024-03-20 08:48:28",-5.5,"10","NW4-SM1_2024","N","0.013118",0,13.00621158,29.88325297,5949.25774516,14090.33009,81529.55708
"666",0,0,NA,0,0,"Y","NW4","NW4_EVENT11_A_2024_NW4-SM1","NW4_EVENT11_A_2024","A","2024","L",1,-2.57684916237671,"City","SM"," 2024-03-20 10:30:26",-5.5,"11","NW4-SM1_2024","N","0.013118",0,13.00621158,29.88325297,5949.25774516,14090.33009,81529.55708
"667",0,0,NA,0,0,"N","NW4","NW4_EVENT12_A_2024_NW4-U1","NW4_EVENT12_A_2024","A","2024","L",1,-2.57684916237671,"City","U"," 2024-03-20 12:25:02",-5.5,"12","NW4-U1_2024","Y","0.013118",0,13.00621158,29.88325297,5949.25774516,14090.33009,81529.55708
"668",0,0,NA,0,0,"Y","NW4","NW4_EVENT12_W_2024_NW4-U1","NW4_EVENT12_W_2024","W","2024","L",1,-2.57684916237671,"City","U"," 2024-03-20 12:25:02",-5.5,"12","NW4-U1_2024","Y","0.013118",0,13.00621158,29.88325297,5949.25774516,14090.33009,81529.55708
"669",0,0,NA,0,0,"N","NW4","NW4_EVENT13_A_2024_NW4-U2","NW4_EVENT13_A_2024","A","2024","L",1,-2.57684916237671,"City","U"," 2024-03-21 13:49:58",-5.6,"13","NW4-U2_2024","N","0.013118",0,13.00621158,29.88325297,5949.25774516,14090.33009,81529.55708
"670",0,0,NA,0,0,"N","NW4","NW4_EVENT14_A_2024_NW4-SM1","NW4_EVENT14_A_2024","A","2024","D",1,-2.57684916237671,"City","SM"," 2024-03-21 20:58:26",-5.6,"14","NW4-SM1_2024","N","0.013118",0,13.00621158,29.88325297,5949.25774516,14090.33009,81529.55708
"671",0,0,NA,0,0,"N","NW4","NW4_EVENT14_W_2024_NW4-SM1","NW4_EVENT14_W_2024","W","2024","D",1,-2.57684916237671,"City","SM"," 2024-03-21 20:58:26",-5.6,"14","NW4-SM1_2024","N","0.013118",0,13.00621158,29.88325297,5949.25774516,14090.33009,81529.55708
"672",0,3.717,NA,0,0,"Y","NW4","NW4_EVENT15_A_2024_NW4-SM1","NW4_EVENT15_A_2024","A","2024","D",1,-2.57684916237671,"City","SM"," 2024-03-23 06:17:12",-6.3,"15","NW4-SM1_2024","N","0.013118",0,13.00621158,29.88325297,5949.25774516,14090.33009,81529.55708
"673",0,2.9,NA,0,0,"Y","NW4","NW4_EVENT15_W_2024_NW4-SM1","NW4_EVENT15_W_2024","W","2024","D",1,-2.57684916237671,"City","SM"," 2024-03-23 06:17:12",-6.3,"15","NW4-SM1_2024","N","0.013118",0,13.00621158,29.88325297,5949.25774516,14090.33009,81529.55708
"674",2.484,21.284,3,0,0,"Y","NW4","NW4_EVENT16_A_2024_NW4-M1","NW4_EVENT16_A_2024","A","2024","L",1,-2.57684916237671,"City","M"," 2024-03-23 10:19:20",-6.3,"16","NW4-M1_2024","Y","0.013118",0,13.00621158,29.88325297,5949.25774516,14090.33009,81529.55708
"675",32.379,99.93,4,1,1,"Y","NW4","NW4_EVENT16_W_2024_NW4-M1","NW4_EVENT16_W_2024","W","2024","L",1,-2.57684916237671,"City","M"," 2024-03-23 10:18:48",-6.3,"16","NW4-M1_2024","Y","0.013118",0,13.00621158,29.88325297,5949.25774516,14090.33009,81529.55708
"676",0,0,NA,0,0,"Y","NW4","NW4_EVENT17_A_2024_NW4-F1","NW4_EVENT17_A_2024","A","2024","L",1,-2.57684916237671,"City","F"," 2024-03-30 18:03:44",-3.2,"17","NW4-F1_2024","Y","0.013118",0,13.00621158,29.88325297,5949.25774516,14090.33009,81529.55708
"677",1.499,7.883,1,0,0,"Y","NW4","NW4_EVENT17_W_2024_NW4-F1","NW4_EVENT17_W_2024","W","2024","L",1,-2.57684916237671,"City","F"," 2024-03-30 18:03:32",-3.2,"17","NW4-F1_2024","Y","0.013118",0,13.00621158,29.88325297,5949.25774516,14090.33009,81529.55708
"678",0,0,NA,0,0,"Y","NW4","NW4_EVENT18_A_2024_NW4-F1","NW4_EVENT18_A_2024","A","2024","L",1,-2.57684916237671,"City","F"," 2024-03-31 12:15:28",1.5,"18","NW4-F1_2024","Y","0.013118",0,13.00621158,29.88325297,5949.25774516,14090.33009,81529.55708
"679",0,0,NA,0,0,"N","NW4","NW4_EVENT18_W_2024_NW4-F1","NW4_EVENT18_W_2024","W","2024","L",1,-2.57684916237671,"City","F"," 2024-03-31 12:15:12",1.5,"18","NW4-F1_2024","Y","0.013118",0,13.00621158,29.88325297,5949.25774516,14090.33009,81529.55708
"680",0,0,NA,0,0,"N","NW4","NW4_EVENT19_A_2024_NW4-F1","NW4_EVENT19_A_2024","A","2024","L",1,-2.57684916237671,"City","F"," 2024-03-31 15:37:10",1.5,"19","NW4-F1_2024","Y","0.013118",0,13.00621158,29.88325297,5949.25774516,14090.33009,81529.55708
"681",0,0,NA,0,0,"N","NW4","NW4_EVENT19_W_2024_NW4-F1","NW4_EVENT19_W_2024","W","2024","L",1,-2.57684916237671,"City","F"," 2024-03-31 15:37:00",1.5,"19","NW4-F1_2024","Y","0.013118",0,13.00621158,29.88325297,5949.25774516,14090.33009,81529.55708
"682",0,0,NA,0,0,"Y","NW4","NW4_EVENT1_A_2025_NW4-SM1","NW4_EVENT1_A_2025","A","2025","D",1,-2.57684916237671,"City","SM","2025-01-21 06:59:14",-1.2,"1","NW4-SM1_2025","Y","0.013118",0,13.00621158,29.88325297,5949.25774516,14090.33009,81529.55708
"683",0,0,NA,0,0,"Y","NW4","NW4_EVENT1_A_2024_NW4-SM1","NW4_EVENT1_A_2024","A","2024","L",1,-2.57684916237671,"City","SM"," 2024-03-09 05:56:44",1.1,"1","NW4-SM1_2024","N","0.013118",0,13.00621158,29.88325297,5949.25774516,14090.33009,81529.55708
"684",0.25,1,1,0,0,"Y","NW4","NW4_EVENT20_A_2024_NW4-M1","NW4_EVENT20_A_2024","A","2024","L",1,-2.57684916237671,"City","M"," 2024-03-31 18:04:58",1.5,"20","NW4-M1_2024","Y","0.013118",0,13.00621158,29.88325297,5949.25774516,14090.33009,81529.55708
"685",8.166,17.634,4,0,0,"Y","NW4","NW4_EVENT20_W_2024_NW4-M1","NW4_EVENT20_W_2024","W","2024","L",1,-2.57684916237671,"City","M"," 2024-03-31 18:04:04",1.5,"20","NW4-M1_2024","Y","0.013118",0,13.00621158,29.88325297,5949.25774516,14090.33009,81529.55708
"686",0,0,NA,0,0,"N","NW4","NW4_EVENT21_A_2024_NW4-F2","NW4_EVENT21_A_2024","A","2024","L",2,-2.57684916237671,"City","F"," 2024-04-01 06:37:42",7,"21","NW4-F2_2024","Y","0.013118",0,13.00621158,29.88325297,5949.25774516,14090.33009,81529.55708
"687",0.267,4.033,1,0,0,"Y","NW4","NW4_EVENT21_A_2024_NW4-M1","NW4_EVENT21_A_2024","A","2024","L",2,-2.57684916237671,"City","M"," 2024-04-01 06:37:42",7,"21","NW4-M1_2024","Y","0.013118",0,13.00621158,29.88325297,5949.25774516,14090.33009,81529.55708
"688",0,0,NA,0,0,"Y","NW4","NW4_EVENT21_W_2024_NW4-F2","NW4_EVENT21_W_2024","W","2024","L",2,-2.57684916237671,"City","F"," 2024-04-01 06:37:50",7,"21","NW4-F2_2024","Y","0.013118",0,13.00621158,29.88325297,5949.25774516,14090.33009,81529.55708
"689",96.284,97.2,2,0,1,"Y","NW4","NW4_EVENT21_W_2024_NW4-M1","NW4_EVENT21_W_2024","W","2024","L",2,-2.57684916237671,"City","M"," 2024-04-01 06:37:50",7,"21","NW4-M1_2024","Y","0.013118",0,13.00621158,29.88325297,5949.25774516,14090.33009,81529.55708
"690",0,0,NA,0,0,"N","NW4","NW4_EVENT22_A_2024_NW4-F1","NW4_EVENT22_A_2024","A","2024","L",1,-2.57684916237671,"City","F"," 2024-04-01 11:24:56",7,"22","NW4-F1_2024","Y","0.013118",0,13.00621158,29.88325297,5949.25774516,14090.33009,81529.55708
"691",0,0,NA,0,0,"Y","NW4","NW4_EVENT2_A_2025_NW4-M1","NW4_EVENT2_A_2025","A","2025","L",1,-2.57684916237671,"City","M","2025-01-27 16:45:48",4.8,"2","NW4-M1_2025","N","0.013118",0,13.00621158,29.88325297,5949.25774516,14090.33009,81529.55708
"692",0,0,NA,0,0,"Y","NW4","NW4_EVENT2_A_2024_NW4-SM1","NW4_EVENT2_A_2024","A","2024","D",1,-2.57684916237671,"City","SM"," 2024-03-09 20:07:48",1.1,"2","NW4-SM1_2024","N","0.013118",0,13.00621158,29.88325297,5949.25774516,14090.33009,81529.55708
"693",0,6.633,NA,0,0,"Y","NW4","NW4_EVENT2_W_2024_NW4-SM1","NW4_EVENT2_W_2024","W","2024","D",1,-2.57684916237671,"City","SM"," 2024-03-09 20:07:48",1.1,"2","NW4-SM1_2024","N","0.013118",0,13.00621158,29.88325297,5949.25774516,14090.33009,81529.55708
"694",0,0,NA,0,0,"N","NW4","NW4_EVENT3_A_2025_NW4-SM1","NW4_EVENT3_A_2025","A","2025","D",1,-2.57684916237671,"City","SM","2025-02-05 19:38:54",-21.9,"3","NW4-SM1_2025","Y","0.013118",0,13.00621158,29.88325297,5949.25774516,14090.33009,81529.55708
"695",0,0,NA,0,0,"Y","NW4","NW4_EVENT3_A_2024_NW4-SM1","NW4_EVENT3_A_2024","A","2024","D",1,-2.57684916237671,"City","SM"," 2024-03-11 04:29:48",1.5,"3","NW4-SM1_2024","N","0.013118",0,13.00621158,29.88325297,5949.25774516,14090.33009,81529.55708
"696",0,0,NA,0,0,"Y","NW4","NW4_EVENT3_W_2024_NW4-SM1","NW4_EVENT3_W_2024","W","2024","D",1,-2.57684916237671,"City","SM"," 2024-03-11 04:29:48",1.5,"3","NW4-SM1_2024","N","0.013118",0,13.00621158,29.88325297,5949.25774516,14090.33009,81529.55708
"697",0,9.117,NA,0,0,"Y","NW4","NW4_EVENT4_W_2025_NW4-SM1","NW4_EVENT4_W_2025","W","2025","D",1,-2.57684916237671,"City","SM","2025-01-10 05:13:16",2.2,"4","NW4-SM1_2025","Y","0.013118",0,13.00621158,29.88325297,5949.25774516,14090.33009,81529.55708
"698",0,0,NA,0,0,"N","NW4","NW4_EVENT4_A_2024_NW4-SM1","NW4_EVENT4_A_2024","A","2024","L",1,-2.57684916237671,"City","SM"," 2024-03-12 08:04:58",1.1,"4","NW4-SM1_2024","N","0.013118",0,13.00621158,29.88325297,5949.25774516,14090.33009,81529.55708
"699",0,0.933,NA,0,0,"Y","NW4","NW4_EVENT4_W_2024_NW4-SM1","NW4_EVENT4_W_2024","W","2024","L",1,-2.57684916237671,"City","SM"," 2024-03-12 08:04:58",1.1,"4","NW4-SM1_2024","N","0.013118",0,13.00621158,29.88325297,5949.25774516,14090.33009,81529.55708
"700",0,0,NA,0,0,"Y","NW4","NW4_EVENT5_W_2025_NW4-SM1","NW4_EVENT5_W_2025","W","2025","D",1,-2.57684916237671,"City","SM","2025-01-21 03:38:10",-1.2,"5","NW4-SM1_2025","Y","0.013118",0,13.00621158,29.88325297,5949.25774516,14090.33009,81529.55708
"701",0,0,NA,0,0,"N","NW4","NW4_EVENT5_A_2024_NW4-F1","NW4_EVENT5_A_2024","A","2024","D",1,-2.57684916237671,"City","F"," 2024-03-16 00:35:50",5.8,"5","NW4-F1_2024","Y","0.013118",0,13.00621158,29.88325297,5949.25774516,14090.33009,81529.55708
"702",3.049,27.516,1,1,0,"Y","NW4","NW4_EVENT6_W_2025_NW4-SM1","NW4_EVENT6_W_2025","W","2025","D",1,-2.57684916237671,"City","SM","2025-01-21 06:56:50",-1.2,"6","NW4-SM1_2025","Y","0.013118",0,13.00621158,29.88325297,5949.25774516,14090.33009,81529.55708
"703",0,1.717,NA,0,0,"Y","NW4","NW4_EVENT6_A_2024_NW4-U1","NW4_EVENT6_A_2024","A","2024","D",1,-2.57684916237671,"City","U"," 2024-03-16 04:58:22",5.8,"6","NW4-U1_2024","Y","0.013118",0,13.00621158,29.88325297,5949.25774516,14090.33009,81529.55708
"704",0,0,NA,1,0,"Y","NW4","NW4_EVENT7_W_2025_NW4-U1","NW4_EVENT7_W_2025","W","2025","D",1,-2.57684916237671,"City","U","2025-01-22 03:05:50",-4.4,"7","NW4-U1_2025","N","0.013118",0,13.00621158,29.88325297,5949.25774516,14090.33009,81529.55708
"705",0,0,NA,0,0,"N","NW4","NW4_EVENT7_A_2024_NW4-F1","NW4_EVENT7_A_2024","A","2024","L",1,-2.57684916237671,"City","F"," 2024-03-16 10:26:50",5.8,"7","NW4-F1_2024","Y","0.013118",0,13.00621158,29.88325297,5949.25774516,14090.33009,81529.55708
"706",0,6.833,NA,0,0,"Y","NW4","NW4_EVENT7_W_2024_NW4-F1","NW4_EVENT7_W_2024","W","2024","L",1,-2.57684916237671,"City","F"," 2024-03-16 10:27:00",5.8,"7","NW4-F1_2024","Y","0.013118",0,13.00621158,29.88325297,5949.25774516,14090.33009,81529.55708
"707",8.384,13.65,1,0,0,"Y","NW4","NW4_EVENT8_W_2025_NW4-M1","NW4_EVENT8_W_2025","W","2025","L",1,-2.57684916237671,"City","M","2025-01-27 16:45:16",4.8,"8","NW4-M1_2025","N","0.013118",0,13.00621158,29.88325297,5949.25774516,14090.33009,81529.55708
"708",0,0,NA,0,0,"Y","NW4","NW4_EVENT8_A_2024_NW4-F1","NW4_EVENT8_A_2024","A","2024","L",1,-2.57684916237671,"City","F"," 2024-03-19 09:04:08",-0.3,"8","NW4-F1_2024","Y","0.013118",0,13.00621158,29.88325297,5949.25774516,14090.33009,81529.55708
"709",0,0,NA,0,0,"N","NW4","NW4_EVENT9_W_2025_NW4-U1","NW4_EVENT9_W_2025","W","2025","D",1,-2.57684916237671,"City","U","2025-02-05 19:37:36",-21.9,"9","NW4-U1_2025","N","0.013118",0,13.00621158,29.88325297,5949.25774516,14090.33009,81529.55708
"710",0,0,NA,0,0,"Y","NW4","NW4_EVENT9_A_2024_NW4-F1","NW4_EVENT9_A_2024","A","2024","L",1,-2.57684916237671,"City","F"," 2024-03-19 11:29:46",-0.3,"9","NW4-F1_2024","Y","0.013118",0,13.00621158,29.88325297,5949.25774516,14090.33009,81529.55708
"711",0,2.283,NA,0,0,"Y","NW4","NW4_EVENT9_W_2024_NW4-F1","NW4_EVENT9_W_2024","W","2024","L",1,-2.57684916237671,"City","F"," 2024-03-19 11:29:46",-0.3,"9","NW4-F1_2024","Y","0.013118",0,13.00621158,29.88325297,5949.25774516,14090.33009,81529.55708
"712",0,7.017,NA,0,0,"Y","NW5","NW5_EVENT10_W_2025_NW5-M1","NW5_EVENT10_W_2025","W","2025","D",1,-3.16926322163115,"City","M","2025-01-20 18:55:14",-13.6,"10","NW5-M1_2025","N","0.011228",0,8.011867985,34.96442874,3321.01568685,16201.70279,112662.4218
"713",0,0,NA,0,0,"N","NW5","NW5_EVENT10_A_2024_NW5-M1","NW5_EVENT10_A_2024","A","2024","D",1,-3.16926322163115,"City","M"," 2024-03-21 06:33:32",-5.6,"10","NW5-M1_2024","N","0.011228",0,8.011867985,34.96442874,3321.01568685,16201.70279,112662.4218
"714",0,4.034,NA,0,0,"Y","NW5","NW5_EVENT11_A_2025_NW5-M1","NW5_EVENT11_A_2025","A","2025","D",1,-3.16926322163115,"City","M","2025-01-22 23:17:14",-4.4,"11","NW5-M1_2025","N","0.011228",0,8.011867985,34.96442874,3321.01568685,16201.70279,112662.4218
"715",0,0,NA,0,0,"Y","NW5","NW5_EVENT11_W_2025_NW5-M1","NW5_EVENT11_W_2025","W","2025","D",1,-3.16926322163115,"City","M","2025-01-22 23:09:10",-4.4,"11","NW5-M1_2025","N","0.011228",0,8.011867985,34.96442874,3321.01568685,16201.70279,112662.4218
"716",0,0,NA,0,0,"N","NW5","NW5_EVENT12_W_2025_NW5-U4","NW5_EVENT12_W_2025","W","2025","D",1,-3.16926322163115,"City","U","2025-01-23 20:57:16",-1.4,"12","NW5-U4_2025","N","0.011228",0,8.011867985,34.96442874,3321.01568685,16201.70279,112662.4218
"717",0,2.217,NA,0,0,"Y","NW5","NW5_EVENT13_A_2025_NW5-U1","NW5_EVENT13_A_2025","A","2025","D",1,-3.16926322163115,"City","U","2025-01-24 03:30:44",-4.8,"13","NW5-U1_2025","N","0.011228",0,8.011867985,34.96442874,3321.01568685,16201.70279,112662.4218
"718",0,1.85,NA,0,0,"Y","NW5","NW5_EVENT13_W_2025_NW5-U1","NW5_EVENT13_W_2025","W","2025","D",1,-3.16926322163115,"City","U","2025-01-24 03:31:04",-4.8,"13","NW5-U1_2025","N","0.011228",0,8.011867985,34.96442874,3321.01568685,16201.70279,112662.4218
"719",0,1.133,NA,0,0,"Y","NW5","NW5_EVENT14_A_2025_NW5-U1","NW5_EVENT14_A_2025","A","2025","D",1,-3.16926322163115,"City","U","2025-01-25 04:46:18",-4.3,"14","NW5-U1_2025","N","0.011228",0,8.011867985,34.96442874,3321.01568685,16201.70279,112662.4218
"720",0,0,NA,0,0,"N","NW5","NW5_EVENT15_W_2025_NW5-F1","NW5_EVENT15_W_2025","W","2025","D",2,-3.16926322163115,"City","F","2025-01-25 22:54:08",-4.3,"15","NW5-F1_2025","N","0.011228",0,8.011867985,34.96442874,3321.01568685,16201.70279,112662.4218
"721",0,0,NA,0,0,"N","NW5","NW5_EVENT15_W_2025_NW5-M2","NW5_EVENT15_W_2025","W","2025","D",2,-3.16926322163115,"City","M","2025-01-25 22:54:08",-4.3,"15","NW5-M2_2025","N","0.011228",0,8.011867985,34.96442874,3321.01568685,16201.70279,112662.4218
"722",0,0,NA,0,0,"Y","NW5","NW5_EVENT16_A_2025_NW5-M1","NW5_EVENT16_A_2025","A","2025","D",1,-3.16926322163115,"City","M","2025-02-03 22:34:06",-26.8,"16","NW5-M1_2025","N","0.011228",0,8.011867985,34.96442874,3321.01568685,16201.70279,112662.4218
"723",0,0,NA,0,0,"Y","NW5","NW5_EVENT16_W_2025_NW5-M1","NW5_EVENT16_W_2025","W","2025","D",1,-3.16926322163115,"City","M","2025-02-03 22:34:02",-26.8,"16","NW5-M1_2025","N","0.011228",0,8.011867985,34.96442874,3321.01568685,16201.70279,112662.4218
"724",0,0,NA,0,0,"N","NW5","NW5_EVENT17_W_2025_NW5-U1","NW5_EVENT17_W_2025","W","2025","D",1,-3.16926322163115,"City","U","2025-02-06 05:24:40",-12.8,"17","NW5-U1_2025","N","0.011228",0,8.011867985,34.96442874,3321.01568685,16201.70279,112662.4218
"725",0,0,NA,0,0,"N","NW5","NW5_EVENT18_W_2025_NW5-U5","NW5_EVENT18_W_2025","W","2025","D",1,-3.16926322163115,"City","U","2025-02-08 22:54:52",-14.3,"18","NW5-U5_2025","Y","0.011228",0,8.011867985,34.96442874,3321.01568685,16201.70279,112662.4218
"726",0,0,NA,0,0,"N","NW5","NW5_EVENT19_W_2025_NW5-U1","NW5_EVENT19_W_2025","W","2025","D",1,-3.16926322163115,"City","U","2025-02-09 20:48:04",-19.2,"19","NW5-U1_2025","N","0.011228",0,8.011867985,34.96442874,3321.01568685,16201.70279,112662.4218
"727",0,0,NA,0,0,"N","NW5","NW5_EVENT1_W_2025_NW5-U1","NW5_EVENT1_W_2025","W","2025","D",1,-3.16926322163115,"City","U","2025-01-01 23:12:50",-14.7,"1","NW5-U1_2025","N","0.011228",0,8.011867985,34.96442874,3321.01568685,16201.70279,112662.4218
"728",0,0,NA,1,0,"Y","NW5","NW5_EVENT1_A_2024_NW5-SF1","NW5_EVENT1_A_2024","A","2024","D",1,-3.16926322163115,"City","SF"," 2024-03-17 22:44:12",7.5,"1","NW5-SF1_2024","N","0.011228",0,8.011867985,34.96442874,3321.01568685,16201.70279,112662.4218
"729",0,0,NA,0,0,"N","NW5","NW5_EVENT1_W_2024_NW5-SF1","NW5_EVENT1_W_2024","W","2024","D",1,-3.16926322163115,"City","SF"," 2024-03-17 22:44:42",7.5,"1","NW5-SF1_2024","N","0.011228",0,8.011867985,34.96442874,3321.01568685,16201.70279,112662.4218
"730",0,0,NA,0,0,"Y","NW5","NW5_EVENT2_W_2025_NW5-F1","NW5_EVENT2_W_2025","W","2025","D",3,-3.16926322163115,"City","F","2025-01-10 05:09:06",2.2,"2","NW5-F1_2025","N","0.011228",0,8.011867985,34.96442874,3321.01568685,16201.70279,112662.4218
"731",0,0,NA,0,0,"Y","NW5","NW5_EVENT2_W_2025_NW5-M2","NW5_EVENT2_W_2025","W","2025","D",3,-3.16926322163115,"City","M","2025-01-10 05:09:06",2.2,"2","NW5-M2_2025","N","0.011228",0,8.011867985,34.96442874,3321.01568685,16201.70279,112662.4218
"732",0,0,NA,0,0,"Y","NW5","NW5_EVENT2_W_2025_NW5-U5","NW5_EVENT2_W_2025","W","2025","D",3,-3.16926322163115,"City","U","2025-01-10 05:09:06",2.2,"2","NW5-U5_2025","Y","0.011228",0,8.011867985,34.96442874,3321.01568685,16201.70279,112662.4218
"733",0,0,NA,0,0,"N","NW5","NW5_EVENT2_A_2024_NW5-U1","NW5_EVENT2_A_2024","A","2024","D",1,-3.16926322163115,"City","U"," 2024-03-19 06:19:48",-0.3,"2","NW5-U1_2024","N","0.011228",0,8.011867985,34.96442874,3321.01568685,16201.70279,112662.4218
"734",0,0,NA,0,0,"N","NW5","NW5_EVENT2_W_2024_NW5-U1","NW5_EVENT2_W_2024","W","2024","D",1,-3.16926322163115,"City","U"," 2024-03-19 06:19:48",-0.3,"2","NW5-U1_2024","N","0.011228",0,8.011867985,34.96442874,3321.01568685,16201.70279,112662.4218
"735",0,0,NA,0,0,"Y","NW5","NW5_EVENT3_W_2025_NW5-M1","NW5_EVENT3_W_2025","W","2025","D",2,-3.16926322163115,"City","M","2025-01-11 07:13:32",-1.5,"3","NW5-M1_2025","N","0.011228",0,8.011867985,34.96442874,3321.01568685,16201.70279,112662.4218
"736",0,0,NA,0,0,"Y","NW5","NW5_EVENT3_W_2025_NW5-U1","NW5_EVENT3_W_2025","W","2025","D",2,-3.16926322163115,"City","U","2025-01-11 07:13:32",-1.5,"3","NW5-U1_2025","N","0.011228",0,8.011867985,34.96442874,3321.01568685,16201.70279,112662.4218
"737",0,0,NA,0,0,"N","NW5","NW5_EVENT3_A_2024_NW5-U2","NW5_EVENT3_A_2024","A","2024","D",1,-3.16926322163115,"City","U"," 2024-03-20 04:52:22",-5.5,"3","NW5-U2_2024","N","0.011228",0,8.011867985,34.96442874,3321.01568685,16201.70279,112662.4218
"738",0,0,NA,1,0,"N","NW5","NW5_EVENT4_W_2025_NW5-U2","NW5_EVENT4_W_2025","W","2025","D",1,-3.16926322163115,"City","U","2025-01-11 07:29:52",-1.5,"4","NW5-U2_2025","N","0.011228",0,8.011867985,34.96442874,3321.01568685,16201.70279,112662.4218
"739",0,0,NA,0,0,"N","NW5","NW5_EVENT4_A_2024_NW5-M1","NW5_EVENT4_A_2024","A","2024","D",1,-3.16926322163115,"City","M"," 2024-03-20 10:00:40",-5.5,"4","NW5-M1_2024","N","0.011228",0,8.011867985,34.96442874,3321.01568685,16201.70279,112662.4218
"740",0,2.75,NA,0,0,"Y","NW5","NW5_EVENT5_W_2025_NW5-U1","NW5_EVENT5_W_2025","W","2025","D",1,-3.16926322163115,"City","U","2025-01-13 22:35:10",-0.8,"5","NW5-U1_2025","N","0.011228",0,8.011867985,34.96442874,3321.01568685,16201.70279,112662.4218
"741",0,0,NA,0,0,"Y","NW5","NW5_EVENT5_A_2024_NW5-SF1","NW5_EVENT5_A_2024","A","2024","D",1,-3.16926322163115,"City","SF"," 2024-03-23 03:02:40",-6.3,"5","NW5-SF1_2024","N","0.011228",0,8.011867985,34.96442874,3321.01568685,16201.70279,112662.4218
"742",10.367,66.999,3,0,1,"Y","NW5","NW5_EVENT6_W_2025_NW5-M1","NW5_EVENT6_W_2025","W","2025","D",1,-3.16926322163115,"City","M","2025-01-15 05:30:46",3.6,"6","NW5-M1_2025","N","0.011228",0,8.011867985,34.96442874,3321.01568685,16201.70279,112662.4218
"743",0,0,NA,0,0,"Y","NW5","NW5_EVENT6_A_2024_NW5-F1","NW5_EVENT6_A_2024","A","2024","L",1,-3.16926322163115,"City","F"," 2024-03-24 07:11:18",-4.3,"6","NW5-F1_2024","N","0.011228",0,8.011867985,34.96442874,3321.01568685,16201.70279,112662.4218
"744",0,9.466,NA,0,0,"Y","NW5","NW5_EVENT7_A_2025_NW5-U1","NW5_EVENT7_A_2025","A","2025","D",1,-3.16926322163115,"City","U","2025-01-15 23:42:42",3.6,"7","NW5-U1_2025","N","0.011228",0,8.011867985,34.96442874,3321.01568685,16201.70279,112662.4218
"745",0,1.633,NA,0,0,"Y","NW5","NW5_EVENT7_W_2025_NW5-U1","NW5_EVENT7_W_2025","W","2025","D",1,-3.16926322163115,"City","U","2025-01-15 23:45:52",3.6,"7","NW5-U1_2025","N","0.011228",0,8.011867985,34.96442874,3321.01568685,16201.70279,112662.4218
"746",2.8,9.667,2,0,0,"Y","NW5","NW5_EVENT7_A_2024_NW5-SF1","NW5_EVENT7_A_2024","A","2024","D",1,-3.16926322163115,"City","SF"," 2024-03-24 19:57:50",-4.3,"7","NW5-SF1_2024","N","0.011228",0,8.011867985,34.96442874,3321.01568685,16201.70279,112662.4218
"747",0,0,NA,0,0,"N","NW5","NW5_EVENT8_W_2025_NW5-U3","NW5_EVENT8_W_2025","W","2025","L",1,-3.16926322163115,"City","U","2025-01-17 10:48:16",-11.6,"8","NW5-U3_2025","N","0.011228",0,8.011867985,34.96442874,3321.01568685,16201.70279,112662.4218
"748",0,0,NA,0,0,"Y","NW5","NW5_EVENT8_A_2024_NW5-F2","NW5_EVENT8_A_2024","A","2024","L",1,-3.16926322163115,"City","F"," 2024-03-28 13:05:34",-3.7,"8","NW5-F2_2024","N","0.011228",0,8.011867985,34.96442874,3321.01568685,16201.70279,112662.4218
"749",5.099,2.417,2,1,0,"Y","NW5","NW5_EVENT8_W_2024_NW5-F2","NW5_EVENT8_W_2024","W","2024","L",1,-3.16926322163115,"City","F"," 2024-03-28 13:05:46",-3.7,"8","NW5-F2_2024","N","0.011228",0,8.011867985,34.96442874,3321.01568685,16201.70279,112662.4218
"750",0,0,NA,0,0,"N","NW5","NW5_EVENT9_W_2025_NW5-M2","NW5_EVENT9_W_2025","W","2025","L",2,-3.16926322163115,"City","M","2025-01-20 13:32:02",-13.6,"9","NW5-M2_2025","N","0.011228",0,8.011867985,34.96442874,3321.01568685,16201.70279,112662.4218
"751",0,0,NA,0,0,"N","NW5","NW5_EVENT9_W_2025_NW5-U5","NW5_EVENT9_W_2025","W","2025","L",2,-3.16926322163115,"City","U","2025-01-20 13:32:02",-13.6,"9","NW5-U5_2025","Y","0.011228",0,8.011867985,34.96442874,3321.01568685,16201.70279,112662.4218
"752",0,0,NA,0,0,"Y","NW5","NW5_EVENT9_A_2024_NW5-F2","NW5_EVENT9_A_2024","A","2024","L",1,-3.16926322163115,"City","F"," 2024-03-28 13:23:38",-3.7,"9","NW5-F2_2024","N","0.011228",0,8.011867985,34.96442874,3321.01568685,16201.70279,112662.4218
"753",0,0,NA,0,0,"Y","NW5","NW5_EVENT9_W_2024_NW5-F2","NW5_EVENT9_W_2024","W","2024","L",1,-3.16926322163115,"City","F"," 2024-03-28 13:23:42",-3.7,"9","NW5-F2_2024","N","0.011228",0,8.011867985,34.96442874,3321.01568685,16201.70279,112662.4218
"754",0,0,NA,0,0,"Y","NW6","NW6_EVENT10_A_2025_NW6-U1","NW6_EVENT10_A_2025","A","2025","D",1,0.3743621393906,"City","U","2025-01-04 03:14:44",-16.6,"10","NW6-U1_2025","N","0.018217",2011.265876,92.45631797,0.923329449,7185.78571446,20676.78843,58219.68947
"755",0,0,NA,0,0,"N","NW6","NW6_EVENT10_W_2024_NW6-M2","NW6_EVENT10_W_2024","W","2024","L",1,0.3743621393906,"City","M"," 2024-03-10 12:41:46",4,"10","NW6-M2_2024","Y","0.018217",2011.265876,92.45631797,0.923329449,7185.78571446,20676.78843,58219.68947
"756",0,0,NA,0,0,"Y","NW6","NW6_EVENT11_A_2025_NW6-F2","NW6_EVENT11_A_2025","A","2025","L",2,0.3743621393906,"City","F","2025-01-04 10:48:52",-16.6,"11","NW6-F2_2025","N","0.018217",2011.265876,92.45631797,0.923329449,7185.78571446,20676.78843,58219.68947
"757",0,0,NA,0,0,"Y","NW6","NW6_EVENT11_A_2025_NW6-M1","NW6_EVENT11_A_2025","A","2025","L",2,0.3743621393906,"City","M","2025-01-04 10:48:52",-16.6,"11","NW6-M1_2025","N","0.018217",2011.265876,92.45631797,0.923329449,7185.78571446,20676.78843,58219.68947
"758",0,0,NA,0,0,"N","NW6","NW6_EVENT11_W_2025_NW6-F2","NW6_EVENT11_W_2025","W","2025","L",2,0.3743621393906,"City","F","2025-01-04 10:48:36",-16.6,"11","NW6-F2_2025","N","0.018217",2011.265876,92.45631797,0.923329449,7185.78571446,20676.78843,58219.68947
"759",0,0,NA,0,0,"Y","NW6","NW6_EVENT11_W_2025_NW6-M1","NW6_EVENT11_W_2025","W","2025","L",2,0.3743621393906,"City","M","2025-01-04 10:48:36",-16.6,"11","NW6-M1_2025","N","0.018217",2011.265876,92.45631797,0.923329449,7185.78571446,20676.78843,58219.68947
"760",0,0,NA,0,0,"N","NW6","NW6_EVENT11_W_2024_NW6-M2","NW6_EVENT11_W_2024","W","2024","L",1,0.3743621393906,"City","M"," 2024-03-10 13:19:16",4,"11","NW6-M2_2024","Y","0.018217",2011.265876,92.45631797,0.923329449,7185.78571446,20676.78843,58219.68947
"761",0,0,NA,0,0,"Y","NW6","NW6_EVENT12_A_2025_NW6-U1","NW6_EVENT12_A_2025","A","2025","D",1,0.3743621393906,"City","U","2025-01-04 18:38:28",-16.6,"12","NW6-U1_2025","N","0.018217",2011.265876,92.45631797,0.923329449,7185.78571446,20676.78843,58219.68947
"762",0,0,NA,0,0,"Y","NW6","NW6_EVENT12_A_2024_NW6-F2","NW6_EVENT12_A_2024","A","2024","L",1,0.3743621393906,"City","F"," 2024-03-11 18:11:32",1.5,"12","NW6-F2_2024","N","0.018217",2011.265876,92.45631797,0.923329449,7185.78571446,20676.78843,58219.68947
"763",0,0,NA,0,0,"N","NW6","NW6_EVENT12_W_2024_NW6-F2","NW6_EVENT12_W_2024","W","2024","L",1,0.3743621393906,"City","F"," 2024-03-11 18:10:28",1.5,"12","NW6-F2_2024","N","0.018217",2011.265876,92.45631797,0.923329449,7185.78571446,20676.78843,58219.68947
"764",0,2.616,NA,0,0,"Y","NW6","NW6_EVENT13_A_2025_NW6-M1","NW6_EVENT13_A_2025","A","2025","D",1,0.3743621393906,"City","M","2025-01-04 20:22:24",-16.6,"13","NW6-M1_2025","N","0.018217",2011.265876,92.45631797,0.923329449,7185.78571446,20676.78843,58219.68947
"765",0,0,NA,0,0,"Y","NW6","NW6_EVENT13_W_2025_NW6-M1","NW6_EVENT13_W_2025","W","2025","D",1,0.3743621393906,"City","M","2025-01-04 20:21:29",-16.6,"13","NW6-M1_2025","N","0.018217",2011.265876,92.45631797,0.923329449,7185.78571446,20676.78843,58219.68947
"766",0,0,NA,0,0,"Y","NW6","NW6_EVENT13_A_2024_NW6-F2","NW6_EVENT13_A_2024","A","2024","L",1,0.3743621393906,"City","F"," 2024-03-11 19:55:20",1.5,"13","NW6-F2_2024","N","0.018217",2011.265876,92.45631797,0.923329449,7185.78571446,20676.78843,58219.68947
"767",0,0,NA,0,0,"Y","NW6","NW6_EVENT14_W_2025_NW6-F1","NW6_EVENT14_W_2025","W","2025","L",1,0.3743621393906,"City","F","2025-01-05 10:30:12",-14.6,"14","NW6-F1_2025","Y","0.018217",2011.265876,92.45631797,0.923329449,7185.78571446,20676.78843,58219.68947
"768",0,0,NA,0,0,"N","NW6","NW6_EVENT14_W_2024_NW6-F1","NW6_EVENT14_W_2024","W","2024","L",1,0.3743621393906,"City","F"," 2024-03-12 10:37:54",1.1,"14","NW6-F1_2024","Y","0.018217",2011.265876,92.45631797,0.923329449,7185.78571446,20676.78843,58219.68947
"769",0,0.733,NA,0,0,"Y","NW6","NW6_EVENT15_W_2025_NW6-F2","NW6_EVENT15_W_2025","W","2025","L",1,0.3743621393906,"City","F","2025-01-05 13:48:20",-14.6,"15","NW6-F2_2025","N","0.018217",2011.265876,92.45631797,0.923329449,7185.78571446,20676.78843,58219.68947
"770",0,0,NA,0,0,"Y","NW6","NW6_EVENT15_W_2024_NW6-F1","NW6_EVENT15_W_2024","W","2024","L",1,0.3743621393906,"City","F"," 2024-03-15 09:12:49",7.5,"15","NW6-F1_2024","Y","0.018217",2011.265876,92.45631797,0.923329449,7185.78571446,20676.78843,58219.68947
"771",0,0,NA,0,0,"Y","NW6","NW6_EVENT16_A_2025_NW6-U1","NW6_EVENT16_A_2025","A","2025","D",1,0.3743621393906,"City","U","2025-01-06 06:11:26",-10.6,"16","NW6-U1_2025","N","0.018217",2011.265876,92.45631797,0.923329449,7185.78571446,20676.78843,58219.68947
"772",0,0,NA,0,0,"Y","NW6","NW6_EVENT16_W_2024_NW6-F1","NW6_EVENT16_W_2024","W","2024","L",1,0.3743621393906,"City","F"," 2024-03-15 09:24:44",7.5,"16","NW6-F1_2024","Y","0.018217",2011.265876,92.45631797,0.923329449,7185.78571446,20676.78843,58219.68947
"773",0,0,NA,0,0,"N","NW6","NW6_EVENT17_A_2025_NW6-F2","NW6_EVENT17_A_2025","A","2025","L",2,0.3743621393906,"City","F","2025-01-07 12:49:16",-5,"17","NW6-F2_2025","N","0.018217",2011.265876,92.45631797,0.923329449,7185.78571446,20676.78843,58219.68947
"774",0,0,NA,0,0,"Y","NW6","NW6_EVENT17_A_2025_NW6-M1","NW6_EVENT17_A_2025","A","2025","L",2,0.3743621393906,"City","M","2025-01-07 12:49:16",-5,"17","NW6-M1_2025","N","0.018217",2011.265876,92.45631797,0.923329449,7185.78571446,20676.78843,58219.68947
"775",0,0,NA,0,0,"N","NW6","NW6_EVENT17_W_2024_NW6-F1","NW6_EVENT17_W_2024","W","2024","L",1,0.3743621393906,"City","F"," 2024-03-15 10:29:56",7.5,"17","NW6-F1_2024","Y","0.018217",2011.265876,92.45631797,0.923329449,7185.78571446,20676.78843,58219.68947
"776",0,0,NA,0,0,"Y","NW6","NW6_EVENT18_A_2025_NW6-U1","NW6_EVENT18_A_2025","A","2025","D",1,0.3743621393906,"City","U","2025-01-08 02:37:46",0.9,"18","NW6-U1_2025","N","0.018217",2011.265876,92.45631797,0.923329449,7185.78571446,20676.78843,58219.68947
"777",0,0,NA,0,0,"N","NW6","NW6_EVENT18_A_2024_NW6-F1","NW6_EVENT18_A_2024","A","2024","L",1,0.3743621393906,"City","F"," 2024-03-15 12:31:04",7.5,"18","NW6-F1_2024","Y","0.018217",2011.265876,92.45631797,0.923329449,7185.78571446,20676.78843,58219.68947
"778",0,0,NA,0,0,"Y","NW6","NW6_EVENT19_A_2025_NW6-U1","NW6_EVENT19_A_2025","A","2025","D",1,0.3743621393906,"City","U","2025-01-08 04:41:39",0.9,"19","NW6-U1_2025","N","0.018217",2011.265876,92.45631797,0.923329449,7185.78571446,20676.78843,58219.68947
"779",0,0,NA,0,0,"N","NW6","NW6_EVENT19_W_2024_NW6-F1","NW6_EVENT19_W_2024","W","2024","L",2,0.3743621393906,"City","F"," 2024-03-15 13:13:14",7.5,"19","NW6-F1_2024","Y","0.018217",2011.265876,92.45631797,0.923329449,7185.78571446,20676.78843,58219.68947
"780",0,0,NA,0,0,"N","NW6","NW6_EVENT19_W_2024_NW6-M2","NW6_EVENT19_W_2024","W","2024","L",2,0.3743621393906,"City","M"," 2024-03-15 13:13:14",7.5,"19","NW6-M2_2024","Y","0.018217",2011.265876,92.45631797,0.923329449,7185.78571446,20676.78843,58219.68947
"781",0,0,NA,0,0,"N","NW6","NW6_EVENT1_A_2025_NW6-U1","NW6_EVENT1_A_2025","A","2025","D",1,0.3743621393906,"City","U","2020-01-02 15:08:28",-4.5,"1","NW6-U1_2025","N","0.018217",2011.265876,92.45631797,0.923329449,7185.78571446,20676.78843,58219.68947
"782",0,0,NA,0,0,"N","NW6","NW6_EVENT1_W_2024_NW6-U1","NW6_EVENT1_W_2024","W","2024","L",1,0.3743621393906,"City","U"," 2024-03-04 14:31:36",-21.1,"1","NW6-U1_2024","N","0.018217",2011.265876,92.45631797,0.923329449,7185.78571446,20676.78843,58219.68947
"783",0,0,NA,0,0,"N","NW6","NW6_EVENT20_A_2025_NW6-U1","NW6_EVENT20_A_2025","A","2025","D",1,0.3743621393906,"City","U","2025-01-09 23:21:14",-1.7,"20","NW6-U1_2025","N","0.018217",2011.265876,92.45631797,0.923329449,7185.78571446,20676.78843,58219.68947
"784",0,0,NA,0,0,"N","NW6","NW6_EVENT20_W_2024_NW6-M2","NW6_EVENT20_W_2024","W","2024","L",1,0.3743621393906,"City","M"," 2024-03-15 13:44:22",7.5,"20","NW6-M2_2024","Y","0.018217",2011.265876,92.45631797,0.923329449,7185.78571446,20676.78843,58219.68947
"785",0,0,NA,0,0,"N","NW6","NW6_EVENT21_A_2025_NW6-U1","NW6_EVENT21_A_2025","A","2025","D",1,0.3743621393906,"City","U","2025-01-10 00:47:42",2.2,"21","NW6-U1_2025","N","0.018217",2011.265876,92.45631797,0.923329449,7185.78571446,20676.78843,58219.68947
"786",0,0,NA,0,0,"N","NW6","NW6_EVENT21_W_2024_NW6-F1","NW6_EVENT21_W_2024","W","2024","L",2,0.3743621393906,"City","F"," 2024-03-15 18:18:48",7.5,"21","NW6-F1_2024","Y","0.018217",2011.265876,92.45631797,0.923329449,7185.78571446,20676.78843,58219.68947
"787",0,0,NA,0,0,"N","NW6","NW6_EVENT21_W_2024_NW6-M2","NW6_EVENT21_W_2024","W","2024","L",2,0.3743621393906,"City","M"," 2024-03-15 18:18:48",7.5,"21","NW6-M2_2024","Y","0.018217",2011.265876,92.45631797,0.923329449,7185.78571446,20676.78843,58219.68947
"788",17.284,42.366,3,1,0,"Y","NW6","NW6_EVENT22_A_2025_NW6-F2","NW6_EVENT22_A_2025","A","2025","D",1,0.3743621393906,"City","F","2025-01-10 05:47:20",2.2,"22","NW6-F2_2025","N","0.018217",2011.265876,92.45631797,0.923329449,7185.78571446,20676.78843,58219.68947
"789",0,0,NA,0,0,"N","NW6","NW6_EVENT22_A_2024_NW6-M2","NW6_EVENT22_A_2024","A","2024","L",1,0.3743621393906,"City","M"," 2024-03-15 20:19:16",7.5,"22","NW6-M2_2024","Y","0.018217",2011.265876,92.45631797,0.923329449,7185.78571446,20676.78843,58219.68947
"790",0,0,NA,0,0,"Y","NW6","NW6_EVENT23_A_2025_NW6-F2","NW6_EVENT23_A_2025","A","2025","D",1,0.3743621393906,"City","F","2025-01-10 06:41:00",2.2,"23","NW6-F2_2025","N","0.018217",2011.265876,92.45631797,0.923329449,7185.78571446,20676.78843,58219.68947
"791",0,0,NA,0,0,"N","NW6","NW6_EVENT23_W_2024_NW6-F1","NW6_EVENT23_W_2024","W","2024","L",1,0.3743621393906,"City","F"," 2024-03-16 10:52:22",5.8,"23","NW6-F1_2024","Y","0.018217",2011.265876,92.45631797,0.923329449,7185.78571446,20676.78843,58219.68947
"792",0,0,NA,1,0,"N","NW6","NW6_EVENT24_A_2025_NW6-M2","NW6_EVENT24_A_2025","A","2025","L",1,0.3743621393906,"City","M","2025-01-12 11:46:12",-2.2,"24","NW6-M2_2025","Y","0.018217",2011.265876,92.45631797,0.923329449,7185.78571446,20676.78843,58219.68947
"793",0,2.416,NA,1,0,"Y","NW6","NW6_EVENT24_W_2024_NW5-M1","NW6_EVENT24_W_2024","W","2024","L",2,0.3743621393906,"City","M"," 2024-03-17 06:48:06",7.5,"24","NW5-M1_2024","N","0.018217",2011.265876,92.45631797,0.923329449,7185.78571446,20676.78843,58219.68947
"794",0,0.967,NA,0,0,"Y","NW6","NW6_EVENT24_W_2024_NW6-F3","NW6_EVENT24_W_2024","W","2024","L",2,0.3743621393906,"City","F"," 2024-03-17 06:48:06",7.5,"24","NW6-F3_2024","N","0.018217",2011.265876,92.45631797,0.923329449,7185.78571446,20676.78843,58219.68947
"795",0,0,NA,0,0,"N","NW6","NW6_EVENT25_A_2025_NW6-U1","NW6_EVENT25_A_2025","A","2025","D",1,0.3743621393906,"City","U","2025-01-13 18:18:02",-0.8,"25","NW6-U1_2025","N","0.018217",2011.265876,92.45631797,0.923329449,7185.78571446,20676.78843,58219.68947
"796",0,0,NA,1,0,"Y","NW6","NW6_EVENT25_A_2024_NW6-M1","NW6_EVENT25_A_2024","A","2024","L",1,0.3743621393906,"City","M"," 2024-03-17 08:49:48",7.5,"25","NW6-M1_2024","Y","0.018217",2011.265876,92.45631797,0.923329449,7185.78571446,20676.78843,58219.68947
"797",7.869,17.817,3,0,0,"Y","NW6","NW6_EVENT26_A_2025_NW6-M2","NW6_EVENT26_A_2025","A","2025","L",1,0.3743621393906,"City","M","2025-01-16 13:15:00",-1.4,"26","NW6-M2_2025","Y","0.018217",2011.265876,92.45631797,0.923329449,7185.78571446,20676.78843,58219.68947
"798",33.317,53.683,4,0,0,"Y","NW6","NW6_EVENT26_W_2025_NW6-M2","NW6_EVENT26_W_2025","W","2025","L",1,0.3743621393906,"City","M","2025-01-16 13:14:16",-1.4,"26","NW6-M2_2025","Y","0.018217",2011.265876,92.45631797,0.923329449,7185.78571446,20676.78843,58219.68947
"799",0,0,NA,0,0,"N","NW6","NW6_EVENT26_W_2024_NW6-F1","NW6_EVENT26_W_2024","W","2024","L",1,0.3743621393906,"City","F"," 2024-03-17 10:32:04",7.5,"26","NW6-F1_2024","Y","0.018217",2011.265876,92.45631797,0.923329449,7185.78571446,20676.78843,58219.68947
"800",0,0,NA,0,0,"Y","NW6","NW6_EVENT27_A_2025_NW6-M2","NW6_EVENT27_A_2025","A","2025","L",1,0.3743621393906,"City","M","2025-01-16 13:41:18",-1.4,"27","NW6-M2_2025","Y","0.018217",2011.265876,92.45631797,0.923329449,7185.78571446,20676.78843,58219.68947
"801",0,0,NA,0,0,"Y","NW6","NW6_EVENT27_W_2025_NW6-M2","NW6_EVENT27_W_2025","W","2025","L",1,0.3743621393906,"City","M","2025-01-16 13:40:22",-1.4,"27","NW6-M2_2025","Y","0.018217",2011.265876,92.45631797,0.923329449,7185.78571446,20676.78843,58219.68947
"802",0,0,NA,0,0,"N","NW6","NW6_EVENT27_W_2024_NW6-F1","NW6_EVENT27_W_2024","W","2024","L",2,0.3743621393906,"City","F"," 2024-03-17 13:12:20",7.5,"27","NW6-F1_2024","Y","0.018217",2011.265876,92.45631797,0.923329449,7185.78571446,20676.78843,58219.68947
"803",0,0,NA,0,0,"N","NW6","NW6_EVENT27_W_2024_NW6-M2","NW6_EVENT27_W_2024","W","2024","L",2,0.3743621393906,"City","M"," 2024-03-17 13:12:20",7.5,"27","NW6-M2_2024","Y","0.018217",2011.265876,92.45631797,0.923329449,7185.78571446,20676.78843,58219.68947
"804",14.983,44.35,3,0,0,"Y","NW6","NW6_EVENT28_A_2025_NW6-M2","NW6_EVENT28_A_2025","A","2025","L",1,0.3743621393906,"City","M","2025-01-16 14:08:24",-1.4,"28","NW6-M2_2025","Y","0.018217",2011.265876,92.45631797,0.923329449,7185.78571446,20676.78843,58219.68947
"805",13.966,14.784,3,0,0,"Y","NW6","NW6_EVENT28_W_2025_NW6-M2","NW6_EVENT28_W_2025","W","2025","L",1,0.3743621393906,"City","M","2025-01-16 14:07:50",-1.4,"28","NW6-M2_2025","Y","0.018217",2011.265876,92.45631797,0.923329449,7185.78571446,20676.78843,58219.68947
"806",0,0,NA,0,0,"N","NW6","NW6_EVENT28_W_2024_NW6-F1","NW6_EVENT28_W_2024","W","2024","D",1,0.3743621393906,"City","F"," 2024-03-18 03:04:06",9.8,"28","NW6-F1_2024","Y","0.018217",2011.265876,92.45631797,0.923329449,7185.78571446,20676.78843,58219.68947
"807",0,0,NA,0,0,"Y","NW6","NW6_EVENT29_A_2025_NW6-M2","NW6_EVENT29_A_2025","A","2025","L",1,0.3743621393906,"City","M","2025-01-16 14:27:36",-1.4,"29","NW6-M2_2025","Y","0.018217",2011.265876,92.45631797,0.923329449,7185.78571446,20676.78843,58219.68947
"808",0,0,NA,0,0,"N","NW6","NW6_EVENT29_W_2025_NW6-M2","NW6_EVENT29_W_2025","W","2025","L",1,0.3743621393906,"City","M","2025-01-16 14:26:32",-1.4,"29","NW6-M2_2025","Y","0.018217",2011.265876,92.45631797,0.923329449,7185.78571446,20676.78843,58219.68947
"809",0,0,NA,0,0,"Y","NW6","NW6_EVENT29_A_2024_NW6-F1","NW6_EVENT29_A_2024","A","2024","D",1,0.3743621393906,"City","F"," 2024-03-18 05:05:06",9.8,"29","NW6-F1_2024","Y","0.018217",2011.265876,92.45631797,0.923329449,7185.78571446,20676.78843,58219.68947
"810",0,0,NA,0,0,"Y","NW6","NW6_EVENT2_A_2025_NW6-U1","NW6_EVENT2_A_2025","A","2025","L",1,0.3743621393906,"City","U","2024-12-31 16:27:16",-11.6,"2","NW6-U1_2025","N","0.018217",2011.265876,92.45631797,0.923329449,7185.78571446,20676.78843,58219.68947
"811",0,4.684,NA,0,0,"Y","NW6","NW6_EVENT2_W_2024_NW6-M1","NW6_EVENT2_W_2024","W","2024","L",1,0.3743621393906,"City","M"," 2024-03-06 08:05:54",-20.5,"2","NW6-M1_2024","Y","0.018217",2011.265876,92.45631797,0.923329449,7185.78571446,20676.78843,58219.68947
"812",0,0,NA,0,0,"N","NW6","NW6_EVENT30_A_2025_NW6-U1","NW6_EVENT30_A_2025","A","2025","L",1,0.3743621393906,"City","U","2025-01-19 14:02:17",-23.5,"30","NW6-U1_2025","N","0.018217",2011.265876,92.45631797,0.923329449,7185.78571446,20676.78843,58219.68947
"813",0,0,NA,0,0,"N","NW6","NW6_EVENT30_W_2024_NW6-M2","NW6_EVENT30_W_2024","W","2024","L",1,0.3743621393906,"City","M"," 2024-03-24 10:46:48",-4.3,"30","NW6-M2_2024","Y","0.018217",2011.265876,92.45631797,0.923329449,7185.78571446,20676.78843,58219.68947
"814",0,5.083,NA,0,0,"Y","NW6","NW6_EVENT31_A_2025_NW6-F2","NW6_EVENT31_A_2025","A","2025","L",1,0.3743621393906,"City","F","2025-01-19 14:48:54",-23.5,"31","NW6-F2_2025","N","0.018217",2011.265876,92.45631797,0.923329449,7185.78571446,20676.78843,58219.68947
"815",0,0.383,NA,0,0,"Y","NW6","NW6_EVENT31_W_2025_NW6-F2","NW6_EVENT31_W_2025","W","2025","L",1,0.3743621393906,"City","F","2025-01-19 14:50:51",-23.5,"31","NW6-F2_2025","N","0.018217",2011.265876,92.45631797,0.923329449,7185.78571446,20676.78843,58219.68947
"816",0,0,NA,0,0,"N","NW6","NW6_EVENT31_W_2024_NW6-M2","NW6_EVENT31_W_2024","W","2024","L",1,0.3743621393906,"City","M"," 2024-03-24 11:19:18",-4.3,"31","NW6-M2_2024","Y","0.018217",2011.265876,92.45631797,0.923329449,7185.78571446,20676.78843,58219.68947
"817",0,0.417,NA,0,0,"Y","NW6","NW6_EVENT32_W_2025_NW6-F2","NW6_EVENT32_W_2025","W","2025","L",1,0.3743621393906,"City","F","2025-02-02 09:05:16",-24.9,"32","NW6-F2_2025","N","0.018217",2011.265876,92.45631797,0.923329449,7185.78571446,20676.78843,58219.68947
"818",0,0,NA,0,0,"N","NW6","NW6_EVENT32_A_2024_NW6-M2","NW6_EVENT32_A_2024","A","2024","L",1,0.3743621393906,"City","M"," 2024-03-24 12:47:50",-4.3,"32","NW6-M2_2024","Y","0.018217",2011.265876,92.45631797,0.923329449,7185.78571446,20676.78843,58219.68947
"819",0,4.334,NA,0,0,"Y","NW6","NW6_EVENT33_W_2025_NW6-F2","NW6_EVENT33_W_2025","W","2025","L",1,0.3743621393906,"City","F","2025-02-06 09:55:14",-12.8,"33","NW6-F2_2025","N","0.018217",2011.265876,92.45631797,0.923329449,7185.78571446,20676.78843,58219.68947
"820",0,0,NA,0,0,"Y","NW6","NW6_EVENT33_W_2024_NW6-M2","NW6_EVENT33_W_2024","W","2024","L",1,0.3743621393906,"City","M"," 2024-03-25 11:15:34",-4.7,"33","NW6-M2_2024","Y","0.018217",2011.265876,92.45631797,0.923329449,7185.78571446,20676.78843,58219.68947
"821",0,0,NA,1,0,"N","NW6","NW6_EVENT34_W_2025_NW6-M1","NW6_EVENT34_W_2025","W","2025","D",1,0.3743621393906,"City","M","2025-02-09 07:22:54",-19.2,"34","NW6-M1_2025","N","0.018217",2011.265876,92.45631797,0.923329449,7185.78571446,20676.78843,58219.68947
"822",0,0,NA,0,0,"Y","NW6","NW6_EVENT34_A_2024_NW6-F3","NW6_EVENT34_A_2024","A","2024","D",1,0.3743621393906,"City","F"," 2024-03-26 01:34:44",-3.3,"34","NW6-F3_2024","N","0.018217",2011.265876,92.45631797,0.923329449,7185.78571446,20676.78843,58219.68947
"823",0,0,NA,0,0,"Y","NW6","NW6_EVENT35_W_2025_NW6-F1","NW6_EVENT35_W_2025","W","2025","L",1,0.3743621393906,"City","F","2025-02-10 13:09:56",-21.2,"35","NW6-F1_2025","Y","0.018217",2011.265876,92.45631797,0.923329449,7185.78571446,20676.78843,58219.68947
"824",0,0,NA,0,0,"Y","NW6","NW6_EVENT35_W_2024_NW6-U2","NW6_EVENT35_W_2024","W","2024","D",1,0.3743621393906,"City","U"," 2024-03-28 01:19:08",-3.7,"35","NW6-U2_2024","N","0.018217",2011.265876,92.45631797,0.923329449,7185.78571446,20676.78843,58219.68947
"825",0,0,NA,0,0,"N","NW6","NW6_EVENT36_W_2025_NW6-F2","NW6_EVENT36_W_2025","W","2025","D",1,0.3743621393906,"City","F","2025-02-11 21:51:16",-15.4,"36","NW6-F2_2025","N","0.018217",2011.265876,92.45631797,0.923329449,7185.78571446,20676.78843,58219.68947
"826",0,0,NA,0,0,"Y","NW6","NW6_EVENT36_W_2024_NW6-F3","NW6_EVENT36_W_2024","W","2024","D",1,0.3743621393906,"City","F"," 2024-03-28 01:53:42",-3.7,"36","NW6-F3_2024","N","0.018217",2011.265876,92.45631797,0.923329449,7185.78571446,20676.78843,58219.68947
"827",0,0,NA,0,0,"N","NW6","NW6_EVENT37_W_2025_NW6-M1","NW6_EVENT37_W_2025","W","2025","D",1,0.3743621393906,"City","M","2025-02-12 01:44:36",-15.4,"37","NW6-M1_2025","N","0.018217",2011.265876,92.45631797,0.923329449,7185.78571446,20676.78843,58219.68947
"828",0,0,NA,0,0,"N","NW6","NW6_EVENT38_W_2024_NW6-F1","NW6_EVENT38_W_2024","W","2024","L",1,0.3743621393906,"City","F"," 2024-03-30 14:05:10",-3.2,"38","NW6-F1_2024","Y","0.018217",2011.265876,92.45631797,0.923329449,7185.78571446,20676.78843,58219.68947
"829",1.333,16.516,2,0,0,"Y","NW6","NW6_EVENT39_W_2024_NW6-F3","NW6_EVENT39_W_2024","W","2024","L",1,0.3743621393906,"City","F"," 2024-03-31 06:57:32",1.5,"39","NW6-F3_2024","N","0.018217",2011.265876,92.45631797,0.923329449,7185.78571446,20676.78843,58219.68947
"830",0,0,NA,0,0,"Y","NW6","NW6_EVENT3_A_2025_NW6-U1","NW6_EVENT3_A_2025","A","2025","D",1,0.3743621393906,"City","U","2025-01-01 05:59:18",-14.7,"3","NW6-U1_2025","N","0.018217",2011.265876,92.45631797,0.923329449,7185.78571446,20676.78843,58219.68947
"831",0.517,10.9,1,0,0,"Y","NW6","NW6_EVENT3_W_2024_NW6-F1","NW6_EVENT3_W_2024","W","2024","L",1,0.3743621393906,"City","F"," 2024-03-07 10:21:44",-11.4,"3","NW6-F1_2024","Y","0.018217",2011.265876,92.45631797,0.923329449,7185.78571446,20676.78843,58219.68947
"832",0,0,NA,0,0,"N","NW6","NW6_EVENT40_W_2024_NW6-M2","NW6_EVENT40_W_2024","W","2024","L",1,0.3743621393906,"City","M"," 2024-04-01 09:35:18",7,"40","NW6-M2_2024","Y","0.018217",2011.265876,92.45631797,0.923329449,7185.78571446,20676.78843,58219.68947
"833",0.766,12.633,2,1,0,"Y","NW6","NW6_EVENT4_A_2025_NW6-SM1","NW6_EVENT4_A_2025","A","2025","D",1,0.3743621393906,"City","SM","2025-01-01 23:19:06",-14.7,"4","NW6-SM1_2025","N","0.018217",2011.265876,92.45631797,0.923329449,7185.78571446,20676.78843,58219.68947
"834",24.735,48.333,3,0,0,"Y","NW6","NW6_EVENT4_W_2025_NW6-SM1","NW6_EVENT4_W_2025","W","2025","D",1,0.3743621393906,"City","SM","2025-01-01 23:17:48",-14.7,"4","NW6-SM1_2025","N","0.018217",2011.265876,92.45631797,0.923329449,7185.78571446,20676.78843,58219.68947
"835",0,3.733,NA,0,0,"Y","NW6","NW6_EVENT4_W_2024_NW6-M3","NW6_EVENT4_W_2024","W","2024","L",1,0.3743621393906,"City","M"," 2024-03-09 07:27:30",1.1,"4","NW6-M3_2024","N","0.018217",2011.265876,92.45631797,0.923329449,7185.78571446,20676.78843,58219.68947
"836",0,0.417,NA,0,0,"Y","NW6","NW6_EVENT5_A_2025_NW6-F1","NW6_EVENT5_A_2025","A","2025","L",1,0.3743621393906,"City","F","2025-01-02 10:27:44",-20.1,"5","NW6-F1_2025","Y","0.018217",2011.265876,92.45631797,0.923329449,7185.78571446,20676.78843,58219.68947
"837",0,0,NA,0,0,"N","NW6","NW6_EVENT5_W_2025_NW6-F1","NW6_EVENT5_W_2025","W","2025","L",1,0.3743621393906,"City","F","2025-01-02 10:27:20",-20.1,"5","NW6-F1_2025","Y","0.018217",2011.265876,92.45631797,0.923329449,7185.78571446,20676.78843,58219.68947
"838",5.098,21.817,3,0,0,"Y","NW6","NW6_EVENT5_A_2024_NW6-M2","NW6_EVENT5_A_2024","A","2024","L",1,0.3743621393906,"City","M"," 2024-03-10 10:37:10",4,"5","NW6-M2_2024","Y","0.018217",2011.265876,92.45631797,0.923329449,7185.78571446,20676.78843,58219.68947
"839",0,0,NA,0,0,"N","NW6","NW6_EVENT6_W_2025_NW6-F1","NW6_EVENT6_W_2025","W","2025","L",1,0.3743621393906,"City","F","2025-01-02 11:41:44",-20.1,"6","NW6-F1_2025","Y","0.018217",2011.265876,92.45631797,0.923329449,7185.78571446,20676.78843,58219.68947
"840",0,0,NA,0,0,"Y","NW6","NW6_EVENT6_A_2024_NW6-M2","NW6_EVENT6_A_2024","A","2024","L",1,0.3743621393906,"City","M"," 2024-03-10 10:53:54",4,"6","NW6-M2_2024","Y","0.018217",2011.265876,92.45631797,0.923329449,7185.78571446,20676.78843,58219.68947
"841",1.467,17.416,1,0,0,"Y","NW6","NW6_EVENT6_W_2024_NW6-M2","NW6_EVENT6_W_2024","W","2024","L",1,0.3743621393906,"City","M"," 2024-03-10 10:53:32",4,"6","NW6-M2_2024","Y","0.018217",2011.265876,92.45631797,0.923329449,7185.78571446,20676.78843,58219.68947
"842",0,0,NA,0,0,"N","NW6","NW6_EVENT7_A_2025_NW6-F2","NW6_EVENT7_A_2025","A","2025","L",1,0.3743621393906,"City","F","2025-01-02 11:49:42",-20.1,"7","NW6-F2_2025","N","0.018217",2011.265876,92.45631797,0.923329449,7185.78571446,20676.78843,58219.68947
"843",0,0,NA,0,0,"Y","NW6","NW6_EVENT7_W_2025_NW6-F2","NW6_EVENT7_W_2025","W","2025","L",1,0.3743621393906,"City","F","2025-01-02 11:49:14",-20.1,"7","NW6-F2_2025","N","0.018217",2011.265876,92.45631797,0.923329449,7185.78571446,20676.78843,58219.68947
"844",0,0,NA,0,0,"N","NW6","NW6_EVENT7_A_2024_NW6-M2","NW6_EVENT7_A_2024","A","2024","L",1,0.3743621393906,"City","M"," 2024-03-10 11:38:56",4,"7","NW6-M2_2024","Y","0.018217",2011.265876,92.45631797,0.923329449,7185.78571446,20676.78843,58219.68947
"845",0.417,20.133,1,0,0,"Y","NW6","NW6_EVENT7_W_2024_NW6-M2","NW6_EVENT7_W_2024","W","2024","L",1,0.3743621393906,"City","M"," 2024-03-10 11:38:32",4,"7","NW6-M2_2024","Y","0.018217",2011.265876,92.45631797,0.923329449,7185.78571446,20676.78843,58219.68947
"846",0,0,NA,1,0,"N","NW6","NW6_EVENT8_A_2025_NW6-F2","NW6_EVENT8_A_2025","A","2025","L",2,0.3743621393906,"City","F","2025-01-03 10:41:26",-20.1,"8","NW6-F2_2025","N","0.018217",2011.265876,92.45631797,0.923329449,7185.78571446,20676.78843,58219.68947
"847",0.216,1.15,1,0,0,"Y","NW6","NW6_EVENT8_A_2025_NW6-M1","NW6_EVENT8_A_2025","A","2025","L",2,0.3743621393906,"City","M","2025-01-03 10:41:26",-20.1,"8","NW6-M1_2025","N","0.018217",2011.265876,92.45631797,0.923329449,7185.78571446,20676.78843,58219.68947
"848",0,0,NA,0,0,"N","NW6","NW6_EVENT8_W_2025_NW6-F2","NW6_EVENT8_W_2025","W","2025","L",2,0.3743621393906,"City","F","2025-01-03 10:40:52",-20.1,"8","NW6-F2_2025","N","0.018217",2011.265876,92.45631797,0.923329449,7185.78571446,20676.78843,58219.68947
"849",0,4.199,NA,0,0,"Y","NW6","NW6_EVENT8_W_2025_NW6-M1","NW6_EVENT8_W_2025","W","2025","L",2,0.3743621393906,"City","M","2025-01-03 10:40:52",-20.1,"8","NW6-M1_2025","N","0.018217",2011.265876,92.45631797,0.923329449,7185.78571446,20676.78843,58219.68947
"850",0,0,NA,0,0,"N","NW6","NW6_EVENT8_W_2024_NW6-M2","NW6_EVENT8_W_2024","W","2024","L",2,0.3743621393906,"City","M"," 2024-03-10 11:57:46",4,"8","NW6-M2_2024","Y","0.018217",2011.265876,92.45631797,0.923329449,7185.78571446,20676.78843,58219.68947
"851",0,1.85,NA,0,0,"Y","NW6","NW6_EVENT8_W_2024_NW6-U3","NW6_EVENT8_W_2024","W","2024","L",2,0.3743621393906,"City","U"," 2024-03-10 11:57:46",4,"8","NW6-U3_2024","Y","0.018217",2011.265876,92.45631797,0.923329449,7185.78571446,20676.78843,58219.68947
"852",0,3.783,NA,0,0,"Y","NW6","NW6_EVENT9_A_2025_NW6-M1","NW6_EVENT9_A_2025","A","2025","D",1,0.3743621393906,"City","M","2025-01-03 16:58:42",-20.1,"9","NW6-M1_2025","N","0.018217",2011.265876,92.45631797,0.923329449,7185.78571446,20676.78843,58219.68947
"853",0,0.517,NA,0,0,"Y","NW6","NW6_EVENT9_W_2025_NW6-M1","NW6_EVENT9_W_2025","W","2025","D",1,0.3743621393906,"City","M","2025-01-03 16:57:54",-20.1,"9","NW6-M1_2025","N","0.018217",2011.265876,92.45631797,0.923329449,7185.78571446,20676.78843,58219.68947
"854",0,1.116,NA,0,0,"Y","NW6","NW6_EVENT9_A_2024_NW6-M2","NW6_EVENT9_A_2024","A","2024","L",1,0.3743621393906,"City","M"," 2024-03-10 12:02:04",4,"9","NW6-M2_2024","Y","0.018217",2011.265876,92.45631797,0.923329449,7185.78571446,20676.78843,58219.68947
"855",11.717,40.883,2,0,0,"Y","NW6","NW6_EVENT9_W_2024_NW6-M2","NW6_EVENT9_W_2024","W","2024","L",1,0.3743621393906,"City","M"," 2024-03-10 12:00:56",4,"9","NW6-M2_2024","Y","0.018217",2011.265876,92.45631797,0.923329449,7185.78571446,20676.78843,58219.68947
"856",1.183,3,1,0,0,"Y","NW7","NW7_EVENT10_A_2025_NW7-SF1","NW7_EVENT10_A_2025","A","2025","D",1,1.74489252259136,"City","SF","2025-01-20 21:37:50",-13.6,"10","NW7-SF1_2025","Y","0.017716",2644.857703,82.77131085,3.303690652,7832.56007967,15736.95838,16214.85498
"857",0,9.633,NA,0,0,"Y","NW7","NW7_EVENT10_W_2025_NW7-SF1","NW7_EVENT10_W_2025","W","2025","D",1,1.74489252259136,"City","SF","2025-01-20 21:35:34",-13.6,"10","NW7-SF1_2025","Y","0.017716",2644.857703,82.77131085,3.303690652,7832.56007967,15736.95838,16214.85498
"858",7.316,17.816,3,0,0,"Y","NW7","NW7_EVENT11_W_2025_NW7-M1","NW7_EVENT11_W_2025","W","2025","L",1,1.74489252259136,"City","M","2025-01-23 10:05:24",-1.4,"11","NW7-M1_2025","N","0.017716",2644.857703,82.77131085,3.303690652,7832.56007967,15736.95838,16214.85498
"859",0,0,NA,0,0,"Y","NW7","NW7_EVENT12_W_2025_NW7-M1","NW7_EVENT12_W_2025","W","2025","L",1,1.74489252259136,"City","M","2025-01-23 14:01:24",-1.4,"12","NW7-M1_2025","N","0.017716",2644.857703,82.77131085,3.303690652,7832.56007967,15736.95838,16214.85498
"860",0,0,NA,0,0,"N","NW7","NW7_EVENT13_A_2025_NW7-M1","NW7_EVENT13_A_2025","A","2025","D",1,1.74489252259136,"City","M","2025-01-25 17:38:00",-4.3,"13","NW7-M1_2025","N","0.017716",2644.857703,82.77131085,3.303690652,7832.56007967,15736.95838,16214.85498
"861",0,0,NA,0,0,"Y","NW7","NW7_EVENT14_A_2025_NW7-SF1","NW7_EVENT14_A_2025","A","2025","D",1,1.74489252259136,"City","SF","2025-01-25 18:05:18",-4.3,"14","NW7-SF1_2025","Y","0.017716",2644.857703,82.77131085,3.303690652,7832.56007967,15736.95838,16214.85498
"862",0,0,NA,0,0,"Y","NW7","NW7_EVENT14_W_2025_NW7-SF1","NW7_EVENT14_W_2025","W","2025","D",1,1.74489252259136,"City","SF","2025-01-25 18:04:30",-4.3,"14","NW7-SF1_2025","Y","0.017716",2644.857703,82.77131085,3.303690652,7832.56007967,15736.95838,16214.85498
"863",2.684,4.716,2,0,0,"Y","NW7","NW7_EVENT15_A_2025_NW7-SF1","NW7_EVENT15_A_2025","A","2025","D",1,1.74489252259136,"City","SF","2025-01-25 18:50:28",-4.3,"15","NW7-SF1_2025","Y","0.017716",2644.857703,82.77131085,3.303690652,7832.56007967,15736.95838,16214.85498
"864",0,2.85,NA,0,0,"Y","NW7","NW7_EVENT15_W_2025_NW7-SF1","NW7_EVENT15_W_2025","W","2025","D",1,1.74489252259136,"City","SF","2025-01-25 18:49:32",-4.3,"15","NW7-SF1_2025","Y","0.017716",2644.857703,82.77131085,3.303690652,7832.56007967,15736.95838,16214.85498
"865",0,1.566,NA,0,0,"Y","NW7","NW7_EVENT16_A_2025_NW7-SF1","NW7_EVENT16_A_2025","A","2025","D",1,1.74489252259136,"City","SF","2025-01-25 20:14:42",-4.3,"16","NW7-SF1_2025","Y","0.017716",2644.857703,82.77131085,3.303690652,7832.56007967,15736.95838,16214.85498
"866",0,0,NA,0,0,"N","NW7","NW7_EVENT17_A_2025_NW7-U1","NW7_EVENT17_A_2025","A","2025","D",1,1.74489252259136,"City","U","2025-01-26 19:50:46",1,"17","NW7-U1_2025","N","0.017716",2644.857703,82.77131085,3.303690652,7832.56007967,15736.95838,16214.85498
"867",0,0,NA,0,0,"Y","NW7","NW7_EVENT18_W_2025_NW7-SF1","NW7_EVENT18_W_2025","W","2025","D",1,1.74489252259136,"City","SF","2025-01-27 00:00:26",4.8,"18","NW7-SF1_2025","Y","0.017716",2644.857703,82.77131085,3.303690652,7832.56007967,15736.95838,16214.85498
"868",0,0,NA,0,0,"Y","NW7","NW7_EVENT19_A_2025_NW7-SF1","NW7_EVENT19_A_2025","A","2025","D",1,1.74489252259136,"City","SF","2025-01-27 22:00:34",4.8,"19","NW7-SF1_2025","Y","0.017716",2644.857703,82.77131085,3.303690652,7832.56007967,15736.95838,16214.85498
"869",0,0,NA,1,0,"N","NW7","NW7_EVENT19_W_2025_NW7-SF1","NW7_EVENT19_W_2025","W","2025","D",1,1.74489252259136,"City","SF","2025-01-27 22:00:14",4.8,"19","NW7-SF1_2025","Y","0.017716",2644.857703,82.77131085,3.303690652,7832.56007967,15736.95838,16214.85498
"870",0,2.017,NA,0,0,"Y","NW7","NW7_EVENT1_W_2025_NW7-SF1","NW7_EVENT1_W_2025","W","2025","L",1,1.74489252259136,"City","SF","2020-01-03 23:41:24",-4.5,"1","NW7-SF1_2025","Y","0.017716",2644.857703,82.77131085,3.303690652,7832.56007967,15736.95838,16214.85498
"871",0,0,NA,0,0,"Y","NW7","NW7_EVENT20_A_2025_NW7-M1","NW7_EVENT20_A_2025","A","2025","D",1,1.74489252259136,"City","M","2025-01-28 06:56:20",3.5,"20","NW7-M1_2025","N","0.017716",2644.857703,82.77131085,3.303690652,7832.56007967,15736.95838,16214.85498
"872",0,0,NA,0,0,"Y","NW7","NW7_EVENT21_A_2025_NW7-M1","NW7_EVENT21_A_2025","A","2025","D",1,1.74489252259136,"City","M","2025-01-28 07:51:32",3.5,"21","NW7-M1_2025","N","0.017716",2644.857703,82.77131085,3.303690652,7832.56007967,15736.95838,16214.85498
"873",0,0,NA,0,0,"Y","NW7","NW7_EVENT21_W_2025_NW7-M1","NW7_EVENT21_W_2025","W","2025","D",1,1.74489252259136,"City","M","2025-01-28 07:51:14",3.5,"21","NW7-M1_2025","N","0.017716",2644.857703,82.77131085,3.303690652,7832.56007967,15736.95838,16214.85498
"874",0,0,NA,0,0,"Y","NW7","NW7_EVENT22_A_2025_NW7-U1","NW7_EVENT22_A_2025","A","2025","D",1,1.74489252259136,"City","U","2025-01-30 07:49:06",-4.4,"22","NW7-U1_2025","N","0.017716",2644.857703,82.77131085,3.303690652,7832.56007967,15736.95838,16214.85498
"875",0,3.066,NA,0,0,"Y","NW7","NW7_EVENT23_A_2025_NW7-SF2","NW7_EVENT23_A_2025","A","2025","D",1,1.74489252259136,"City","SF","2025-02-05 20:22:54",-21.9,"23","NW7-SF2_2025","Y","0.017716",2644.857703,82.77131085,3.303690652,7832.56007967,15736.95838,16214.85498
"876",0,0,NA,0,0,"N","NW7","NW7_EVENT24_A_2025_NW7-SF2","NW7_EVENT24_A_2025","A","2025","D",1,1.74489252259136,"City","SF","2025-02-05 21:09:22",-21.9,"24","NW7-SF2_2025","Y","0.017716",2644.857703,82.77131085,3.303690652,7832.56007967,15736.95838,16214.85498
"877",0,0,NA,0,0,"N","NW7","NW7_EVENT25_A_2025_NW7-F1","NW7_EVENT25_A_2025","A","2025","D",1,1.74489252259136,"City","F","2025-02-06 03:11:42",-12.8,"25","NW7-F1_2025","Y","0.017716",2644.857703,82.77131085,3.303690652,7832.56007967,15736.95838,16214.85498
"878",0.743,12.569,1,0,0,"Y","NW7","NW7_EVENT26_A_2025_NW7-SF2","NW7_EVENT26_A_2025","A","2025","D",1,1.74489252259136,"City","SF","2025-02-06 07:45:44",-12.8,"26","NW7-SF2_2025","Y","0.017716",2644.857703,82.77131085,3.303690652,7832.56007967,15736.95838,16214.85498
"879",0,0,NA,0,0,"Y","NW7","NW7_EVENT27_A_2025_NW7-U1","NW7_EVENT27_A_2025","A","2025","L",1,1.74489252259136,"City","U","2025-02-06 13:18:44",-12.8,"27","NW7-U1_2025","N","0.017716",2644.857703,82.77131085,3.303690652,7832.56007967,15736.95838,16214.85498
"880",0,0,NA,1,0,"Y","NW7","NW7_EVENT28_A_2025_NW7-SF1","NW7_EVENT28_A_2025","A","2025","D",1,1.74489252259136,"City","SF","2025-02-07 05:45:48",-13.9,"28","NW7-SF1_2025","Y","0.017716",2644.857703,82.77131085,3.303690652,7832.56007967,15736.95838,16214.85498
"881",0,0,NA,0,0,"N","NW7","NW7_EVENT29_A_2025_NW7-U1","NW7_EVENT29_A_2025","A","2025","L",1,1.74489252259136,"City","U","2025-02-07 11:09:58",-13.9,"29","NW7-U1_2025","N","0.017716",2644.857703,82.77131085,3.303690652,7832.56007967,15736.95838,16214.85498
"882",0,0,NA,0,0,"N","NW7","NW7_EVENT2_A_2025_NW7-U1","NW7_EVENT2_A_2025","A","2025","D",1,1.74489252259136,"City","U","2024-12-31 21:35:12",-11.6,"2","NW7-U1_2025","N","0.017716",2644.857703,82.77131085,3.303690652,7832.56007967,15736.95838,16214.85498
"883",0,0,NA,0,0,"Y","NW7","NW7_EVENT30_A_2025_NW7-M1","NW7_EVENT30_A_2025","A","2025","D",1,1.74489252259136,"City","M","2025-02-07 18:37:02",-13.9,"30","NW7-M1_2025","N","0.017716",2644.857703,82.77131085,3.303690652,7832.56007967,15736.95838,16214.85498
"884",0,0,NA,0,0,"Y","NW7","NW7_EVENT31_A_2025_NW7-SF1","NW7_EVENT31_A_2025","A","2025","D",1,1.74489252259136,"City","SF","2025-02-08 11:13:16",-14.3,"31","NW7-SF1_2025","Y","0.017716",2644.857703,82.77131085,3.303690652,7832.56007967,15736.95838,16214.85498
"885",0,0,NA,0,0,"Y","NW7","NW7_EVENT32_A_2025_NW7-F1","NW7_EVENT32_A_2025","A","2025","D",1,1.74489252259136,"City","F","2025-02-13 00:57:54",-16.8,"32","NW7-F1_2025","Y","0.017716",2644.857703,82.77131085,3.303690652,7832.56007967,15736.95838,16214.85498
"886",2.817,3.7,1,0,0,"Y","NW7","NW7_EVENT3_W_2025_NW7-SF1","NW7_EVENT3_W_2025","W","2025","D",1,1.74489252259136,"City","SF","2025-01-09 04:02:56",-1.7,"3","NW7-SF1_2025","Y","0.017716",2644.857703,82.77131085,3.303690652,7832.56007967,15736.95838,16214.85498
"887",4.331,31.448,3,1,0,"Y","NW7","NW7_EVENT4_A_2025_NW7-SF1","NW7_EVENT4_A_2025","A","2025","D",1,1.74489252259136,"City","SF","2025-01-17 03:36:58",-11.6,"4","NW7-SF1_2025","Y","0.017716",2644.857703,82.77131085,3.303690652,7832.56007967,15736.95838,16214.85498
"888",0,0,NA,0,0,"Y","NW7","NW7_EVENT5_A_2025_NW7-U1","NW7_EVENT5_A_2025","A","2025","L",1,1.74489252259136,"City","U","2025-01-17 15:25:32",-11.6,"5","NW7-U1_2025","N","0.017716",2644.857703,82.77131085,3.303690652,7832.56007967,15736.95838,16214.85498
"889",0,2.067,NA,0,0,"Y","NW7","NW7_EVENT6_W_2025_NW7-M1","NW7_EVENT6_W_2025","W","2025","D",1,1.74489252259136,"City","M","2025-01-17 17:55:58",-11.6,"6","NW7-M1_2025","N","0.017716",2644.857703,82.77131085,3.303690652,7832.56007967,15736.95838,16214.85498
"890",0,0,NA,0,0,"N","NW7","NW7_EVENT7_W_2025_NW7-SF1","NW7_EVENT7_W_2025","W","2025","L",1,1.74489252259136,"City","SF","2025-01-20 14:10:12",-13.6,"7","NW7-SF1_2025","Y","0.017716",2644.857703,82.77131085,3.303690652,7832.56007967,15736.95838,16214.85498
"891",0,0,NA,0,0,"Y","NW7","NW7_EVENT8_A_2025_NW7-M1","NW7_EVENT8_A_2025","A","2025","D",1,1.74489252259136,"City","M","2025-01-20 18:13:00",-13.6,"8","NW7-M1_2025","N","0.017716",2644.857703,82.77131085,3.303690652,7832.56007967,15736.95838,16214.85498
"892",0,0,NA,0,0,"Y","NW7","NW7_EVENT9_A_2025_NW7-F1","NW7_EVENT9_A_2025","A","2025","D",1,1.74489252259136,"City","F","2025-01-20 18:41:58",-13.6,"9","NW7-F1_2025","Y","0.017716",2644.857703,82.77131085,3.303690652,7832.56007967,15736.95838,16214.85498
"893",0,7.083,NA,0,0,"Y","NW7","NW7_EVENT9_W_2025_NW7-F1","NW7_EVENT9_W_2025","W","2025","D",1,1.74489252259136,"City","F","2025-01-20 18:42:46",-13.6,"9","NW7-F1_2025","Y","0.017716",2644.857703,82.77131085,3.303690652,7832.56007967,15736.95838,16214.85498
"894",0,0,NA,1,0,"N","SE1","SE1_EVENT1_W_2024_SE1-U1","SE1_EVENT1_W_2024","W","2024","D",1,1.27161281106364,"City","U"," 2024-02-08 04:09:14",-3.8,"1","SE1-U1_2024","N","0.012326",3795.469451,91.88408697,1.013022285,3857.37153744,3980.663116,5341.332975
"895",0,0,NA,0,0,"Y","SE1","SE1_EVENT2_A_2024_SE1-U1","SE1_EVENT2_A_2024","A","2024","D",1,1.27161281106364,"City","U"," 2024-02-12 22:07:20",-3.5,"2","SE1-U1_2024","N","0.012326",3795.469451,91.88408697,1.013022285,3857.37153744,3980.663116,5341.332975
"896",0,0,NA,0,0,"Y","SE1","SE1_EVENT2_W_2024_SE1-U1","SE1_EVENT2_W_2024","W","2024","D",1,1.27161281106364,"City","U"," 2024-02-12 22:06:48",-3.5,"2","SE1-U1_2024","N","0.012326",3795.469451,91.88408697,1.013022285,3857.37153744,3980.663116,5341.332975
"897",0,0,NA,0,0,"Y","SE1","SE1_EVENT3_W_2024_SE1-U1","SE1_EVENT3_W_2024","W","2024","L",1,1.27161281106364,"City","U"," 2024-02-19 09:53:16",-3.6,"3","SE1-U1_2024","N","0.012326",3795.469451,91.88408697,1.013022285,3857.37153744,3980.663116,5341.332975
"898",0,0.733,NA,0,0,"Y","SE2","SE2_EVENT1_W_2025_SE2-SF1","SE2_EVENT1_W_2025","W","2025","D",1,0.370468455015457,"City","SF","2025-02-18 18:45:52",-24.5,"1","SE2-SF1_2025","Y","0.010747",0,86.0525007,13.29731852,1254.45748255,1254.457483,4928.224025
"899",0,0,NA,0,0,"N","SE2","SE2_EVENT1_W_2024_SE2-SF1","SE2_EVENT1_W_2024","W","2024","D",1,0.370468455015457,"City","SF"," 2024-02-06 05:10:44",-6.4,"1","SE2-SF1_2024","N","0.010747",0,86.0525007,13.29731852,1254.45748255,1254.457483,4928.224025
"900",0,0,NA,0,0,"Y","SE2","SE2_EVENT2_A_2025_SE2-SF1","SE2_EVENT2_A_2025","A","2025","D",1,0.370468455015457,"City","SF","2025-02-20 02:22:30",-10.4,"2","SE2-SF1_2025","Y","0.010747",0,86.0525007,13.29731852,1254.45748255,1254.457483,4928.224025
"901",0,1.017,NA,0,0,"Y","SE2","SE2_EVENT2_W_2024_SE2-SF2","SE2_EVENT2_W_2024","W","2024","D",1,0.370468455015457,"City","SF"," 2024-02-07 02:09:28",-4.4,"2","SE2-SF2_2024","N","0.010747",0,86.0525007,13.29731852,1254.45748255,1254.457483,4928.224025
"902",0,0,NA,0,0,"Y","SE2","SE2_EVENT3_A_2025_SE2-F1","SE2_EVENT3_A_2025","A","2025","D",2,0.370468455015457,"City","F","2025-03-09 05:55:40",-1.4,"3","SE2-F1_2025","N","0.010747",0,86.0525007,13.29731852,1254.45748255,1254.457483,4928.224025
"903",0,1.15,NA,0,0,"Y","SE2","SE2_EVENT3_A_2025_SE2-M1","SE2_EVENT3_A_2025","A","2025","D",2,0.370468455015457,"City","M","2025-03-09 05:55:40",-1.4,"3","SE2-M1_2025","N","0.010747",0,86.0525007,13.29731852,1254.45748255,1254.457483,4928.224025
"904",0,93.05,NA,0,0,"Y","SE2","SE2_EVENT3_W_2025_SE2-F1","SE2_EVENT3_W_2025","W","2025","D",2,0.370468455015457,"City","F","2025-03-09 05:55:52",-1.4,"3","SE2-F1_2025","N","0.010747",0,86.0525007,13.29731852,1254.45748255,1254.457483,4928.224025
"905",0,3.134,NA,0,0,"Y","SE2","SE2_EVENT3_W_2025_SE2-M1","SE2_EVENT3_W_2025","W","2025","D",2,0.370468455015457,"City","M","2025-03-09 05:55:52",-1.4,"3","SE2-M1_2025","N","0.010747",0,86.0525007,13.29731852,1254.45748255,1254.457483,4928.224025
"906",0,4.515,NA,0,0,"Y","SE2","SE2_EVENT3_W_2024_SE2-SM1","SE2_EVENT3_W_2024","W","2024","D",1,0.370468455015457,"City","SM"," 2024-02-10 00:54:00",-7.5,"3","SE2-SM1_2024","N","0.010747",0,86.0525007,13.29731852,1254.45748255,1254.457483,4928.224025
"907",0,0,NA,0,0,"Y","SE2","SE2_EVENT4_A_2025_SE2-M1","SE2_EVENT4_A_2025","A","2025","D",1,0.370468455015457,"City","M","2025-03-13 05:39:58",-8.7,"4","SE2-M1_2025","N","0.010747",0,86.0525007,13.29731852,1254.45748255,1254.457483,4928.224025
"908",0,2,NA,0,0,"Y","SE2","SE2_EVENT4_W_2025_SE2-M1","SE2_EVENT4_W_2025","W","2025","D",1,0.370468455015457,"City","M","2025-03-13 05:40:10",-8.7,"4","SE2-M1_2025","N","0.010747",0,86.0525007,13.29731852,1254.45748255,1254.457483,4928.224025
"909",0,0,NA,0,0,"Y","SE2","SE2_EVENT4_W_2024_SE2-SM1","SE2_EVENT4_W_2024","W","2024","D",1,0.370468455015457,"City","SM"," 2024-02-10 01:23:34",-7.5,"4","SE2-SM1_2024","N","0.010747",0,86.0525007,13.29731852,1254.45748255,1254.457483,4928.224025
"910",0,0,NA,0,0,"Y","SE2","SE2_EVENT5_A_2025_SE2-SF1","SE2_EVENT5_A_2025","A","2025","D",1,0.370468455015457,"City","SF","2025-03-29 16:03:20",-6.6,"5","SE2-SF1_2025","Y","0.010747",0,86.0525007,13.29731852,1254.45748255,1254.457483,4928.224025
"911",0.666,5.033,1,1,0,"Y","SE2","SE2_EVENT5_W_2025_SE2-SF1","SE2_EVENT5_W_2025","W","2025","D",1,0.370468455015457,"City","SF","2025-03-29 16:02:30",-6.6,"5","SE2-SF1_2025","Y","0.010747",0,86.0525007,13.29731852,1254.45748255,1254.457483,4928.224025
"912",0,0,NA,0,0,"N","SE2","SE2_EVENT5_A_2024_SE2-SM1","SE2_EVENT5_A_2024","A","2024","D",1,0.370468455015457,"City","SM"," 2024-02-21 19:53:04",-2.3,"5","SE2-SM1_2024","N","0.010747",0,86.0525007,13.29731852,1254.45748255,1254.457483,4928.224025
"913",0,0,NA,1,0,"N","SE2","SE2_EVENT5_W_2024_SE2-SM1","SE2_EVENT5_W_2024","W","2024","D",1,0.370468455015457,"City","SM"," 2024-02-21 19:53:44",-2.3,"5","SE2-SM1_2024","N","0.010747",0,86.0525007,13.29731852,1254.45748255,1254.457483,4928.224025
"914",0,0,NA,0,0,"N","SE2","SE2_EVENT6_A_2024_SE2-SM2","SE2_EVENT6_A_2024","A","2024","D",1,0.370468455015457,"City","SM"," 2024-02-22 22:11:57",3,"6","SE2-SM2_2024","N","0.010747",0,86.0525007,13.29731852,1254.45748255,1254.457483,4928.224025
"915",0,3.067,NA,1,0,"Y","SE2","SE2_EVENT6_W_2024_SE2-SM2","SE2_EVENT6_W_2024","W","2024","D",1,0.370468455015457,"City","SM"," 2024-02-22 22:12:30",3,"6","SE2-SM2_2024","N","0.010747",0,86.0525007,13.29731852,1254.45748255,1254.457483,4928.224025
"916",0,2.016,NA,0,0,"Y","SE2","SE2_EVENT7_A_2024_SE2-SM2","SE2_EVENT7_A_2024","A","2024","D",1,0.370468455015457,"City","SM"," 2024-02-24 23:38:26",1.1,"7","SE2-SM2_2024","N","0.010747",0,86.0525007,13.29731852,1254.45748255,1254.457483,4928.224025
"917",0,0.917,NA,0,0,"Y","SE2","SE2_EVENT7_W_2024_SE2-SM2","SE2_EVENT7_W_2024","W","2024","D",1,0.370468455015457,"City","SM"," 2024-02-24 23:41:20",1.1,"7","SE2-SM2_2024","N","0.010747",0,86.0525007,13.29731852,1254.45748255,1254.457483,4928.224025
"918",0,1.133,NA,0,0,"Y","SE2","SE2_EVENT8_W_2024_SE2-SM2","SE2_EVENT8_W_2024","W","2024","D",1,0.370468455015457,"City","SM"," 2024-02-25 02:09:48",-6,"8","SE2-SM2_2024","N","0.010747",0,86.0525007,13.29731852,1254.45748255,1254.457483,4928.224025
"919",0,0.283,NA,0,0,"Y","SE2","SE2_EVENT9_A_2024_SE2-U1","SE2_EVENT9_A_2024","A","2024","L",1,0.370468455015457,"City","U"," 2024-02-27 12:22:30",-19.7,"9","SE2-U1_2024","Y","0.010747",0,86.0525007,13.29731852,1254.45748255,1254.457483,4928.224025
"920",9.766,16,3,0,0,"Y","SE2","SE2_EVENT9_W_2024_SE2-U1","SE2_EVENT9_W_2024","W","2024","L",1,0.370468455015457,"City","U"," 2024-02-27 12:22:46",-19.7,"9","SE2-U1_2024","Y","0.010747",0,86.0525007,13.29731852,1254.45748255,1254.457483,4928.224025
"921",0,0,NA,0,0,"N","SE3","SE3_EVENT1_W_2024_SE3-U1","SE3_EVENT1_W_2024","W","2024","L",1,-0.873909460814067,"City","U"," 2024-02-15 10:03:36",-9.2,"1","SE3-U1_2024","N","0.00878",0,14.33395841,27.17513488,6759.48376911,20570.61281,59306.1274
"922",0,0,NA,0,0,"N","SE4","SE4_EVENT10_W_2025_SE4-U1","SE4_EVENT10_W_2025","W","2025","D",1,0.0905984236044033,"City","U","2025-02-24 01:27:46",2.2,"10","SE4-U1_2025","N","0.011329",0,99.15185714,0.76724561,2196.88374694,3736.297154,7720.124684
"923",0,0,NA,0,0,"N","SE4","SE4_EVENT11_W_2025_SE4-SM1","SE4_EVENT11_W_2025","W","2025","D",1,0.0905984236044033,"City","SM","2025-02-24 20:50:28",2.2,"11","SE4-SM1_2025","N","0.011329",0,99.15185714,0.76724561,2196.88374694,3736.297154,7720.124684
"924",9.035,42.95,2,1,1,"Y","SE4","SE4_EVENT12_A_2025_SE4-SM1","SE4_EVENT12_A_2025","A","2025","D",1,0.0905984236044033,"City","SM","2025-02-25 22:54:20",1.7,"12","SE4-SM1_2025","N","0.011329",0,99.15185714,0.76724561,2196.88374694,3736.297154,7720.124684
"925",0,0,NA,0,0,"N","SE4","SE4_EVENT12_W_2025_SE4-SM1","SE4_EVENT12_W_2025","W","2025","D",1,0.0905984236044033,"City","SM","2025-02-25 22:54:14",1.7,"12","SE4-SM1_2025","N","0.011329",0,99.15185714,0.76724561,2196.88374694,3736.297154,7720.124684
"926",0,0,NA,0,0,"Y","SE4","SE4_EVENT13_A_2025_SE4-SF2","SE4_EVENT13_A_2025","A","2025","D",1,0.0905984236044033,"City","SF","2025-02-26 00:26:28",5.5,"13","SE4-SF2_2025","Y","0.011329",0,99.15185714,0.76724561,2196.88374694,3736.297154,7720.124684
"927",0,0,NA,0,0,"N","SE4","SE4_EVENT13_W_2025_SE4-SF2","SE4_EVENT13_W_2025","W","2025","D",1,0.0905984236044033,"City","SF","2025-02-26 00:26:32",5.5,"13","SE4-SF2_2025","Y","0.011329",0,99.15185714,0.76724561,2196.88374694,3736.297154,7720.124684
"928",0,0,NA,0,0,"N","SE4","SE4_EVENT14_A_2025_SE4-SM1","SE4_EVENT14_A_2025","A","2025","D",1,0.0905984236044033,"City","SM","2025-02-27 00:10:46",7.2,"14","SE4-SM1_2025","N","0.011329",0,99.15185714,0.76724561,2196.88374694,3736.297154,7720.124684
"929",0.25,4.15,1,0,0,"Y","SE4","SE4_EVENT14_W_2025_SE4-SM1","SE4_EVENT14_W_2025","W","2025","D",1,0.0905984236044033,"City","SM","2025-02-27 00:10:48",7.2,"14","SE4-SM1_2025","N","0.011329",0,99.15185714,0.76724561,2196.88374694,3736.297154,7720.124684
"930",0,0,NA,0,0,"N","SE4","SE4_EVENT15_W_2025_SE4-U1","SE4_EVENT15_W_2025","W","2025","D",1,0.0905984236044033,"City","U","2025-03-01 22:37:12",6,"15","SE4-U1_2025","N","0.011329",0,99.15185714,0.76724561,2196.88374694,3736.297154,7720.124684
"931",0,0,NA,0,0,"N","SE4","SE4_EVENT16_A_2025_SE4-SF1","SE4_EVENT16_A_2025","A","2025","D",1,0.0905984236044033,"City","SF","2025-03-02 03:05:42",3.4,"16","SE4-SF1_2025","Y","0.011329",0,99.15185714,0.76724561,2196.88374694,3736.297154,7720.124684
"932",5.95,11.866,3,0,0,"Y","SE4","SE4_EVENT16_W_2025_SE4-SF1","SE4_EVENT16_W_2025","W","2025","D",1,0.0905984236044033,"City","SF","2025-03-02 03:06:10",3.4,"16","SE4-SF1_2025","Y","0.011329",0,99.15185714,0.76724561,2196.88374694,3736.297154,7720.124684
"933",0,0,NA,0,0,"N","SE4","SE4_EVENT17_A_2025_SE4-SF1","SE4_EVENT17_A_2025","A","2025","L",1,0.0905984236044033,"City","SF","2025-03-03 06:12:26",-0.6,"17","SE4-SF1_2025","Y","0.011329",0,99.15185714,0.76724561,2196.88374694,3736.297154,7720.124684
"934",0,0,NA,0,0,"N","SE4","SE4_EVENT18_A_2025_SE4-U1","SE4_EVENT18_A_2025","A","2025","L",1,0.0905984236044033,"City","U","2025-03-05 08:47:08",-0.3,"18","SE4-U1_2025","N","0.011329",0,99.15185714,0.76724561,2196.88374694,3736.297154,7720.124684
"935",0,0,NA,0,0,"N","SE4","SE4_EVENT19_A_2025_SE4-SM1","SE4_EVENT19_A_2025","A","2025","D",1,0.0905984236044033,"City","SM","2025-03-06 05:25:46",1.6,"19","SE4-SM1_2025","N","0.011329",0,99.15185714,0.76724561,2196.88374694,3736.297154,7720.124684
"936",0,0,NA,0,0,"N","SE4","SE4_EVENT19_W_2025_SE4-SM1","SE4_EVENT19_W_2025","W","2025","D",1,0.0905984236044033,"City","SM","2025-03-06 05:26:15",1.6,"19","SE4-SM1_2025","N","0.011329",0,99.15185714,0.76724561,2196.88374694,3736.297154,7720.124684
"937",0,0,NA,0,0,"N","SE4","SE4_EVENT1_A_2025_SE4-U1","SE4_EVENT1_A_2025","A","2025","D",1,0.0905984236044033,"City","U","2025-02-19 06:21:34",-21,"1","SE4-U1_2025","N","0.011329",0,99.15185714,0.76724561,2196.88374694,3736.297154,7720.124684
"938",0,0,NA,0,0,"N","SE4","SE4_EVENT1_W_2025_SE4-U1","SE4_EVENT1_W_2025","W","2025","D",1,0.0905984236044033,"City","U","2025-02-19 06:22:18",-21,"1","SE4-U1_2025","N","0.011329",0,99.15185714,0.76724561,2196.88374694,3736.297154,7720.124684
"939",0,20.2,NA,0,0,"Y","SE4","SE4_EVENT1_A_2024_SE4-M1","SE4_EVENT1_A_2024","A","2024","D",1,0.0905984236044033,"City","M"," 2024-02-06 21:19:40",-6.4,"1","SE4-M1_2024","N","0.011329",0,99.15185714,0.76724561,2196.88374694,3736.297154,7720.124684
"940",0,0,NA,0,0,"N","SE4","SE4_EVENT20_A_2025_SE4-U1","SE4_EVENT20_A_2025","A","2025","L",1,0.0905984236044033,"City","U","2025-03-06 09:36:34",1.6,"20","SE4-U1_2025","N","0.011329",0,99.15185714,0.76724561,2196.88374694,3736.297154,7720.124684
"941",29.882,93.203,3,0,0,"Y","SE4","SE4_EVENT21_A_2025_SE4-SM1","SE4_EVENT21_A_2025","A","2025","D",1,0.0905984236044033,"City","SM","2025-03-09 03:51:06",-1.4,"21","SE4-SM1_2025","N","0.011329",0,99.15185714,0.76724561,2196.88374694,3736.297154,7720.124684
"942",0.617,5.407,2,0,0,"Y","SE4","SE4_EVENT21_W_2025_SE4-SM1","SE4_EVENT21_W_2025","W","2025","D",1,0.0905984236044033,"City","SM","2025-03-09 03:53:40",-1.4,"21","SE4-SM1_2025","N","0.011329",0,99.15185714,0.76724561,2196.88374694,3736.297154,7720.124684
"943",17.918,38.717,3,0,0,"Y","SE4","SE4_EVENT22_A_2025_SE4-SM1","SE4_EVENT22_A_2025","A","2025","D",1,0.0905984236044033,"City","SM","2025-03-09 04:09:54",-1.4,"22","SE4-SM1_2025","N","0.011329",0,99.15185714,0.76724561,2196.88374694,3736.297154,7720.124684
"944",20.45,62.35,3,0,1,"Y","SE4","SE4_EVENT22_W_2025_SE4-SM1","SE4_EVENT22_W_2025","W","2025","D",1,0.0905984236044033,"City","SM","2025-03-09 04:11:30",-1.4,"22","SE4-SM1_2025","N","0.011329",0,99.15185714,0.76724561,2196.88374694,3736.297154,7720.124684
"945",0,0,NA,0,0,"N","SE4","SE4_EVENT23_W_2025_SE4-U1","SE4_EVENT23_W_2025","W","2025","D",1,0.0905984236044033,"City","U","2025-03-09 23:09:38",-1.4,"23","SE4-U1_2025","N","0.011329",0,99.15185714,0.76724561,2196.88374694,3736.297154,7720.124684
"946",1.833,24.615,2,0,1,"Y","SE4","SE4_EVENT24_A_2025_SE4-SM1","SE4_EVENT24_A_2025","A","2025","D",1,0.0905984236044033,"City","SM","2025-03-09 23:20:34",-1.4,"24","SE4-SM1_2025","N","0.011329",0,99.15185714,0.76724561,2196.88374694,3736.297154,7720.124684
"947",18.399,107.284,5,0,1,"Y","SE4","SE4_EVENT24_W_2025_SE4-SM1","SE4_EVENT24_W_2025","W","2025","D",1,0.0905984236044033,"City","SM","2025-03-09 23:17:34",-1.4,"24","SE4-SM1_2025","N","0.011329",0,99.15185714,0.76724561,2196.88374694,3736.297154,7720.124684
"948",3.149,9.65,1,0,0,"Y","SE4","SE4_EVENT25_A_2025_SE4-SM1","SE4_EVENT25_A_2025","A","2025","D",1,0.0905984236044033,"City","SM","2025-03-10 22:56:26",-2.8,"25","SE4-SM1_2025","N","0.011329",0,99.15185714,0.76724561,2196.88374694,3736.297154,7720.124684
"949",9.5,19.45,3,1,1,"Y","SE4","SE4_EVENT25_W_2025_SE4-SM1","SE4_EVENT25_W_2025","W","2025","D",1,0.0905984236044033,"City","SM","2025-03-10 22:56:54",-2.8,"25","SE4-SM1_2025","N","0.011329",0,99.15185714,0.76724561,2196.88374694,3736.297154,7720.124684
"950",0,0,NA,0,0,"N","SE4","SE4_EVENT26_W_2025_SE4-U1","SE4_EVENT26_W_2025","W","2025","D",1,0.0905984236044033,"City","U","2025-03-13 19:08:20",-8.7,"26","SE4-U1_2025","N","0.011329",0,99.15185714,0.76724561,2196.88374694,3736.297154,7720.124684
"951",0,0,NA,0,0,"Y","SE4","SE4_EVENT27_W_2025_SE4-SM1","SE4_EVENT27_W_2025","W","2025","D",1,0.0905984236044033,"City","SM","2025-03-26 00:01:09",3.9,"27","SE4-SM1_2025","N","0.011329",0,99.15185714,0.76724561,2196.88374694,3736.297154,7720.124684
"952",0,0,NA,0,0,"N","SE4","SE4_EVENT2_W_2025_SE4-U1","SE4_EVENT2_W_2025","W","2025","L",1,0.0905984236044033,"City","U","2025-02-19 07:06:06",-4.5,"2","SE4-U1_2025","N","0.011329",0,99.15185714,0.76724561,2196.88374694,3736.297154,7720.124684
"953",0,0,NA,0,0,"N","SE4","SE4_EVENT2_A_2024_SE4-U1","SE4_EVENT2_A_2024","A","2024","L",1,0.0905984236044033,"City","U"," 2024-02-20 08:19:10",-3.9,"2","SE4-U1_2024","N","0.011329",0,99.15185714,0.76724561,2196.88374694,3736.297154,7720.124684
"954",0,0,NA,0,0,"N","SE4","SE4_EVENT3_W_2025_SE4-U1","SE4_EVENT3_W_2025","W","2025","D",1,0.0905984236044033,"City","U","2025-02-19 23:07:16",-21,"3","SE4-U1_2025","N","0.011329",0,99.15185714,0.76724561,2196.88374694,3736.297154,7720.124684
"955",45.882,86.766,3,0,1,"Y","SE4","SE4_EVENT3_A_2024_SE4-M1","SE4_EVENT3_A_2024","A","2024","L",1,0.0905984236044033,"City","M"," 2024-02-20 15:37:38",-3.9,"3","SE4-M1_2024","N","0.011329",0,99.15185714,0.76724561,2196.88374694,3736.297154,7720.124684
"956",0.567,3.468,1,0,0,"Y","SE4","SE4_EVENT4_A_2025_SE4-SF1","SE4_EVENT4_A_2025","A","2025","L",1,0.0905984236044033,"City","SF","2025-02-21 05:40:08",-4.5,"4","SE4-SF1_2025","Y","0.011329",0,99.15185714,0.76724561,2196.88374694,3736.297154,7720.124684
"957",0,0,NA,0,0,"N","SE4","SE4_EVENT4_W_2024_SE4-U2","SE4_EVENT4_W_2024","W","2024","L",1,0.0905984236044033,"City","U"," 2024-02-21 15:12:18",-2.3,"4","SE4-U2_2024","Y","0.011329",0,99.15185714,0.76724561,2196.88374694,3736.297154,7720.124684
"958",0,0,NA,0,0,"Y","SE4","SE4_EVENT5_A_2025_SE4-SF2","SE4_EVENT5_A_2025","A","2025","D",1,0.0905984236044033,"City","SF","2025-02-22 19:50:24",4.7,"5","SE4-SF2_2025","Y","0.011329",0,99.15185714,0.76724561,2196.88374694,3736.297154,7720.124684
"959",0,0,NA,0,0,"Y","SE4","SE4_EVENT5_W_2025_SE4-SF2","SE4_EVENT5_W_2025","W","2025","D",1,0.0905984236044033,"City","SF","2025-02-22 19:51:10",4.7,"5","SE4-SF2_2025","Y","0.011329",0,99.15185714,0.76724561,2196.88374694,3736.297154,7720.124684
"960",0,0,NA,0,0,"N","SE4","SE4_EVENT5_A_2024_SE4-F1","SE4_EVENT5_A_2024","A","2024","L",3,0.0905984236044033,"City","F"," 2024-02-23 17:57:48",5.3,"5","SE4-F1_2024","N","0.011329",0,99.15185714,0.76724561,2196.88374694,3736.297154,7720.124684
"961",144.566,248.035,4,0,1,"Y","SE4","SE4_EVENT5_A_2024_SE4-M1","SE4_EVENT5_A_2024","A","2024","L",3,0.0905984236044033,"City","M"," 2024-02-23 17:57:48",5.3,"5","SE4-M1_2024","N","0.011329",0,99.15185714,0.76724561,2196.88374694,3736.297154,7720.124684
"962",0,0,NA,0,0,"N","SE4","SE4_EVENT5_A_2024_SE4-U3","SE4_EVENT5_A_2024","A","2024","L",3,0.0905984236044033,"City","U"," 2024-02-23 17:57:48",5.3,"5","SE4-U3_2024","N","0.011329",0,99.15185714,0.76724561,2196.88374694,3736.297154,7720.124684
"963",0.583,9.267,1,0,0,"Y","SE4","SE4_EVENT6_W_2025_SE4-SF2","SE4_EVENT6_W_2025","W","2025","D",1,0.0905984236044033,"City","SF","2025-02-22 20:33:08",4.7,"6","SE4-SF2_2025","Y","0.011329",0,99.15185714,0.76724561,2196.88374694,3736.297154,7720.124684
"964",0,0,NA,0,0,"Y","SE4","SE4_EVENT6_A_2024_SE4-F1","SE4_EVENT6_A_2024","A","2024","L",3,0.0905984236044033,"City","F"," 2024-02-25 11:27:32",-6,"6","SE4-F1_2024","N","0.011329",0,99.15185714,0.76724561,2196.88374694,3736.297154,7720.124684
"965",0,23.217,NA,0,0,"Y","SE4","SE4_EVENT6_A_2024_SE4-M1","SE4_EVENT6_A_2024","A","2024","L",3,0.0905984236044033,"City","M"," 2024-02-25 11:27:32",-6,"6","SE4-M1_2024","N","0.011329",0,99.15185714,0.76724561,2196.88374694,3736.297154,7720.124684
"966",0,0,NA,0,0,"Y","SE4","SE4_EVENT6_A_2024_SE4-U3","SE4_EVENT6_A_2024","A","2024","L",3,0.0905984236044033,"City","U"," 2024-02-25 11:27:32",-6,"6","SE4-U3_2024","N","0.011329",0,99.15185714,0.76724561,2196.88374694,3736.297154,7720.124684
"967",0,0,NA,0,0,"N","SE4","SE4_EVENT7_A_2025_SE4-U1","SE4_EVENT7_A_2025","A","2025","D",1,0.0905984236044033,"City","U","2025-02-22 23:04:30",4.7,"7","SE4-U1_2025","N","0.011329",0,99.15185714,0.76724561,2196.88374694,3736.297154,7720.124684
"968",0,0,NA,0,0,"N","SE4","SE4_EVENT7_W_2025_SE4-U1","SE4_EVENT7_W_2025","W","2025","L",1,0.0905984236044033,"City","U","2025-02-22 23:04:30",-4.5,"7","SE4-U1_2025","N","0.011329",0,99.15185714,0.76724561,2196.88374694,3736.297154,7720.124684
"969",0,0,NA,0,0,"N","SE4","SE4_EVENT8_A_2025_SE4-SF2","SE4_EVENT8_A_2025","A","2025","L",1,0.0905984236044033,"City","SF","2025-02-23 17:11:32",5.1,"8","SE4-SF2_2025","Y","0.011329",0,99.15185714,0.76724561,2196.88374694,3736.297154,7720.124684
"970",0,0,NA,0,0,"Y","SE4","SE4_EVENT9_A_2025_SE4-SF2","SE4_EVENT9_A_2025","A","2025","D",1,0.0905984236044033,"City","SF","2025-02-23 21:57:20",5.1,"9","SE4-SF2_2025","Y","0.011329",0,99.15185714,0.76724561,2196.88374694,3736.297154,7720.124684
"971",0,0,NA,1,0,"Y","SE5","SE5_EVENT10_W_2025_SE5-U1","SE5_EVENT10_W_2025","W","2025","D",1,-0.465438453867999,"City","U","2025-03-16 01:03:31",-9.3,"10","SE5-U1_2025","N","0.00264",0,62.705509,13.26735622,4316.52339616,6733.559543,19236.39343
"972",0,0,NA,1,0,"Y","SE5","SE5_EVENT10_A_2024_SE5-F1","SE5_EVENT10_A_2024","A","2024","D",1,-0.465438453867999,"City","F"," 2024-02-12 03:23:34",-3.5,"10","SE5-F1_2024","N","0.00264",0,62.705509,13.26735622,4316.52339616,6733.559543,19236.39343
"973",0,0,NA,0,0,"Y","SE5","SE5_EVENT11_W_2025_SE5-M1","SE5_EVENT11_W_2025","W","2025","L",1,-0.465438453867999,"City","M","2025-03-16 16:07:59",-9.3,"11","SE5-M1_2025","N","0.00264",0,62.705509,13.26735622,4316.52339616,6733.559543,19236.39343
"974",0,0,NA,0,0,"N","SE5","SE5_EVENT11_A_2024_SE5-F1","SE5_EVENT11_A_2024","A","2024","L",1,-0.465438453867999,"City","F"," 2024-02-14 10:04:26",-7.4,"11","SE5-F1_2024","N","0.00264",0,62.705509,13.26735622,4316.52339616,6733.559543,19236.39343
"975",0,5.717,NA,0,0,"Y","SE5","SE5_EVENT12_A_2025_SE5-SM1","SE5_EVENT12_A_2025","A","2025","D",1,-0.465438453867999,"City","SM","2025-03-17 23:01:50",-3.3,"12","SE5-SM1_2025","N","0.00264",0,62.705509,13.26735622,4316.52339616,6733.559543,19236.39343
"976",0,0,NA,1,0,"Y","SE5","SE5_EVENT12_A_2024_SE5-F1","SE5_EVENT12_A_2024","A","2024","D",1,-0.465438453867999,"City","F"," 2024-02-15 23:32:02",-9.2,"12","SE5-F1_2024","N","0.00264",0,62.705509,13.26735622,4316.52339616,6733.559543,19236.39343
"977",0,6.267,NA,0,0,"Y","SE5","SE5_EVENT13_W_2025_SE5-SM1","SE5_EVENT13_W_2025","W","2025","D",1,-0.465438453867999,"City","SM","2025-03-19 02:08:48",0.3,"13","SE5-SM1_2025","N","0.00264",0,62.705509,13.26735622,4316.52339616,6733.559543,19236.39343
"978",0,0,NA,0,0,"Y","SE5","SE5_EVENT13_W_2024_SE5-F1","SE5_EVENT13_W_2024","W","2024","D",1,-0.465438453867999,"City","F"," 2024-02-21 22:25:06",-2.3,"13","SE5-F1_2024","N","0.00264",0,62.705509,13.26735622,4316.52339616,6733.559543,19236.39343
"979",0,0,NA,0,0,"Y","SE5","SE5_EVENT14_A_2025_SE5-F1","SE5_EVENT14_A_2025","A","2025","D",3,-0.465438453867999,"City","F","2025-03-20 22:25:20",0.4,"14","SE5-F1_2025","N","0.00264",0,62.705509,13.26735622,4316.52339616,6733.559543,19236.39343
"980",0.267,3.867,1,0,0,"Y","SE5","SE5_EVENT14_A_2025_SE5-M1","SE5_EVENT14_A_2025","A","2025","D",3,-0.465438453867999,"City","M","2025-03-20 22:25:20",0.4,"14","SE5-M1_2025","N","0.00264",0,62.705509,13.26735622,4316.52339616,6733.559543,19236.39343
"981",0,0,NA,0,0,"Y","SE5","SE5_EVENT14_A_2025_SE5-U2","SE5_EVENT14_A_2025","A","2025","D",3,-0.465438453867999,"City","U","2025-03-20 22:25:20",0.4,"14","SE5-U2_2025","Y","0.00264",0,62.705509,13.26735622,4316.52339616,6733.559543,19236.39343
"982",0,1.483,NA,0,0,"Y","SE5","SE5_EVENT15_A_2025_SE5-F1","SE5_EVENT15_A_2025","A","2025","D",2,-0.465438453867999,"City","F","2025-03-21 02:08:22",2.1,"15","SE5-F1_2025","N","0.00264",0,62.705509,13.26735622,4316.52339616,6733.559543,19236.39343
"983",0,0,NA,0,0,"N","SE5","SE5_EVENT15_A_2025_SE5-M1","SE5_EVENT15_A_2025","A","2025","D",2,-0.465438453867999,"City","M","2025-03-21 02:08:22",2.1,"15","SE5-M1_2025","N","0.00264",0,62.705509,13.26735622,4316.52339616,6733.559543,19236.39343
"984",0,0,NA,0,0,"N","SE5","SE5_EVENT16_A_2025_SE5-F1","SE5_EVENT16_A_2025","A","2025","D",2,-0.465438453867999,"City","F","2025-03-21 22:33:52",2.1,"16","SE5-F1_2025","N","0.00264",0,62.705509,13.26735622,4316.52339616,6733.559543,19236.39343
"985",0,2.033,NA,0,0,"Y","SE5","SE5_EVENT16_A_2025_SE5-M1","SE5_EVENT16_A_2025","A","2025","D",2,-0.465438453867999,"City","M","2025-03-21 22:33:52",2.1,"16","SE5-M1_2025","N","0.00264",0,62.705509,13.26735622,4316.52339616,6733.559543,19236.39343
"986",0,0,NA,0,0,"N","SE5","SE5_EVENT16_W_2025_SE5-F1","SE5_EVENT16_W_2025","W","2025","D",2,-0.465438453867999,"City","F","2025-03-21 22:29:30",2.1,"16","SE5-F1_2025","N","0.00264",0,62.705509,13.26735622,4316.52339616,6733.559543,19236.39343
"987",0.5,4.667,1,0,0,"Y","SE5","SE5_EVENT16_W_2025_SE5-M1","SE5_EVENT16_W_2025","W","2025","D",2,-0.465438453867999,"City","M","2025-03-21 22:29:30",2.1,"16","SE5-M1_2025","N","0.00264",0,62.705509,13.26735622,4316.52339616,6733.559543,19236.39343
"988",0,0,NA,0,0,"N","SE5","SE5_EVENT17_A_2025_SE5-U1","SE5_EVENT17_A_2025","A","2025","D",1,-0.465438453867999,"City","U","2025-03-22 02:28:36",3.3,"17","SE5-U1_2025","N","0.00264",0,62.705509,13.26735622,4316.52339616,6733.559543,19236.39343
"989",0,0,NA,0,0,"Y","SE5","SE5_EVENT18_W_2025_SE5-M1","SE5_EVENT18_W_2025","W","2025","D",1,-0.465438453867999,"City","M","2025-03-24 20:55:54",6.5,"18","SE5-M1_2025","N","0.00264",0,62.705509,13.26735622,4316.52339616,6733.559543,19236.39343
"990",0,0,NA,0,0,"Y","SE5","SE5_EVENT19_W_2025_SE5-U2","SE5_EVENT19_W_2025","W","2025","D",1,-0.465438453867999,"City","U","2025-03-24 22:24:24",6.5,"19","SE5-U2_2025","Y","0.00264",0,62.705509,13.26735622,4316.52339616,6733.559543,19236.39343
"991",0,0,NA,0,0,"N","SE5","SE5_EVENT1_W_2025_SE5-U1","SE5_EVENT1_W_2025","W","2025","D",1,-0.465438453867999,"City","U","2025-02-25 23:01:42",1.7,"1","SE5-U1_2025","N","0.00264",0,62.705509,13.26735622,4316.52339616,6733.559543,19236.39343
"992",0,12.566,NA,0,0,"Y","SE5","SE5_EVENT1_A_2024_SE5-F1","SE5_EVENT1_A_2024","A","2024","D",1,-0.465438453867999,"City","F"," 2024-02-04 05:56:30",-8.2,"1","SE5-F1_2024","N","0.00264",0,62.705509,13.26735622,4316.52339616,6733.559543,19236.39343
"993",1.017,4.666,2,0,0,"Y","SE5","SE5_EVENT1_W_2024_SE5-F1","SE5_EVENT1_W_2024","W","2024","D",1,-0.465438453867999,"City","F"," 2024-02-04 06:02:18",-8.2,"1","SE5-F1_2024","N","0.00264",0,62.705509,13.26735622,4316.52339616,6733.559543,19236.39343
"994",0,0,NA,0,0,"N","SE5","SE5_EVENT20_W_2025_SE5-M1","SE5_EVENT20_W_2025","W","2025","L",1,-0.465438453867999,"City","M","2025-03-25 17:25:04",5.4,"20","SE5-M1_2025","N","0.00264",0,62.705509,13.26735622,4316.52339616,6733.559543,19236.39343
"995",0,1.5,NA,0,0,"Y","SE5","SE5_EVENT21_W_2025_SE5-U2","SE5_EVENT21_W_2025","W","2025","D",1,-0.465438453867999,"City","U","2025-03-28 02:30:06",-6.6,"21","SE5-U2_2025","Y","0.00264",0,62.705509,13.26735622,4316.52339616,6733.559543,19236.39343
"996",0,0,NA,0,0,"Y","SE5","SE5_EVENT22_A_2025_SE5-F1","SE5_EVENT22_A_2025","A","2025","D",1,-0.465438453867999,"City","F","2025-03-29 01:02:52",-6.6,"22","SE5-F1_2025","N","0.00264",0,62.705509,13.26735622,4316.52339616,6733.559543,19236.39343
"997",0,0,NA,0,0,"Y","SE5","SE5_EVENT23_W_2025_SE5-U2","SE5_EVENT23_W_2025","W","2025","D",1,-0.465438453867999,"City","U","2025-04-03 21:42:46",-2.9,"23","SE5-U2_2025","Y","0.00264",0,62.705509,13.26735622,4316.52339616,6733.559543,19236.39343
"998",0,0,NA,0,0,"Y","SE5","SE5_EVENT24_W_2025_SE5-U2","SE5_EVENT24_W_2025","W","2025","D",1,-0.465438453867999,"City","U","2025-04-03 22:17:08",-2.9,"24","SE5-U2_2025","Y","0.00264",0,62.705509,13.26735622,4316.52339616,6733.559543,19236.39343
"999",0,0,NA,0,0,"N","SE5","SE5_EVENT25_A_2025_SE5-U2","SE5_EVENT25_A_2025","A","2025","D",1,-0.465438453867999,"City","U","2025-04-03 22:34:12",-2.9,"25","SE5-U2_2025","Y","0.00264",0,62.705509,13.26735622,4316.52339616,6733.559543,19236.39343
"1000",0,0,NA,0,0,"Y","SE5","SE5_EVENT26_W_2025_SE5-M1","SE5_EVENT26_W_2025","W","2025","D",1,-0.465438453867999,"City","M","2025-04-04 18:41:28",1.3,"26","SE5-M1_2025","N","0.00264",0,62.705509,13.26735622,4316.52339616,6733.559543,19236.39343
"1001",0,0,NA,0,0,"N","SE5","SE5_EVENT27_A_2025_SE5-M1","SE5_EVENT27_A_2025","A","2025","D",1,-0.465438453867999,"City","M","2025-04-07 03:06:04",9.8,"27","SE5-M1_2025","N","0.00264",0,62.705509,13.26735622,4316.52339616,6733.559543,19236.39343
"1002",0,0,NA,0,0,"N","SE5","SE5_EVENT28_W_2025_SE5-U3","SE5_EVENT28_W_2025","W","2025","D",1,-0.465438453867999,"City","U","2025-04-08 02:07:50",8.4,"28","SE5-U3_2025","Y","0.00264",0,62.705509,13.26735622,4316.52339616,6733.559543,19236.39343
"1003",0,0,NA,0,0,"Y","SE5","SE5_EVENT29_W_2025_SE5-U3","SE5_EVENT29_W_2025","W","2025","L",1,-0.465438453867999,"City","U","2025-04-08 14:02:08",8.4,"29","SE5-U3_2025","Y","0.00264",0,62.705509,13.26735622,4316.52339616,6733.559543,19236.39343
"1004",0,0,NA,0,0,"N","SE5","SE5_EVENT2_W_2025_SE5-SM1","SE5_EVENT2_W_2025","W","2025","L",1,-0.465438453867999,"City","SM","2025-03-01 06:52:52",6,"2","SE5-SM1_2025","N","0.00264",0,62.705509,13.26735622,4316.52339616,6733.559543,19236.39343
"1005",0,2.517,NA,0,0,"Y","SE5","SE5_EVENT2_A_2024_SE5-F1","SE5_EVENT2_A_2024","A","2024","D",1,-0.465438453867999,"City","F"," 2024-02-04 06:39:38",-8.2,"2","SE5-F1_2024","N","0.00264",0,62.705509,13.26735622,4316.52339616,6733.559543,19236.39343
"1006",0,0,NA,0,0,"N","SE5","SE5_EVENT30_W_2025_SE5-U3","SE5_EVENT30_W_2025","W","2025","L",1,-0.465438453867999,"City","U","2025-04-08 15:08:08",8.4,"30","SE5-U3_2025","Y","0.00264",0,62.705509,13.26735622,4316.52339616,6733.559543,19236.39343
"1007",0,0,NA,0,0,"N","SE5","SE5_EVENT31_W_2025_SE5-SM1","SE5_EVENT31_W_2025","W","2025","D",1,-0.465438453867999,"City","SM","2025-04-08 22:32:52",8.4,"31","SE5-SM1_2025","N","0.00264",0,62.705509,13.26735622,4316.52339616,6733.559543,19236.39343
"1008",0,0,NA,0,0,"Y","SE5","SE5_EVENT32_A_2025_SE5-F1","SE5_EVENT32_A_2025","A","2025","D",2,-0.465438453867999,"City","F","2025-04-09 01:29:26",7.6,"32","SE5-F1_2025","N","0.00264",0,62.705509,13.26735622,4316.52339616,6733.559543,19236.39343
"1009",0,1.283,NA,0,0,"Y","SE5","SE5_EVENT32_A_2025_SE5-M1","SE5_EVENT32_A_2025","A","2025","D",2,-0.465438453867999,"City","M","2025-04-09 01:29:26",7.6,"32","SE5-M1_2025","N","0.00264",0,62.705509,13.26735622,4316.52339616,6733.559543,19236.39343
"1010",0,0,NA,0,0,"N","SE5","SE5_EVENT32_W_2025_SE5-F1","SE5_EVENT32_W_2025","W","2025","D",2,-0.465438453867999,"City","F","2025-04-09 01:29:52",7.6,"32","SE5-F1_2025","N","0.00264",0,62.705509,13.26735622,4316.52339616,6733.559543,19236.39343
"1011",0.649,5.2,2,0,0,"Y","SE5","SE5_EVENT32_W_2025_SE5-M1","SE5_EVENT32_W_2025","W","2025","D",2,-0.465438453867999,"City","M","2025-04-09 01:29:52",7.6,"32","SE5-M1_2025","N","0.00264",0,62.705509,13.26735622,4316.52339616,6733.559543,19236.39343
"1012",0,0,NA,0,0,"Y","SE5","SE5_EVENT3_W_2025_SE5-U1","SE5_EVENT3_W_2025","W","2025","D",1,-0.465438453867999,"City","U","2025-03-06 01:14:58",1.6,"3","SE5-U1_2025","N","0.00264",0,62.705509,13.26735622,4316.52339616,6733.559543,19236.39343
"1013",0,0,NA,0,0,"Y","SE5","SE5_EVENT3_W_2024_SE5-U1","SE5_EVENT3_W_2024","W","2024","D",1,-0.465438453867999,"City","U"," 2024-02-05 05:12:50",-8.1,"3","SE5-U1_2024","N","0.00264",0,62.705509,13.26735622,4316.52339616,6733.559543,19236.39343
"1014",0,0,NA,0,0,"Y","SE5","SE5_EVENT4_A_2025_SE5-F1","SE5_EVENT4_A_2025","A","2025","L",3,-0.465438453867999,"City","F","2025-03-09 06:59:18",-1.4,"4","SE5-F1_2025","N","0.00264",0,62.705509,13.26735622,4316.52339616,6733.559543,19236.39343
"1015",14.418,37.116,4,0,1,"Y","SE5","SE5_EVENT4_A_2025_SE5-M1","SE5_EVENT4_A_2025","A","2025","L",3,-0.465438453867999,"City","M","2025-03-09 06:59:18",-1.4,"4","SE5-M1_2025","N","0.00264",0,62.705509,13.26735622,4316.52339616,6733.559543,19236.39343
"1016",2.183,6.65,1,0,0,"Y","SE5","SE5_EVENT4_A_2025_SE5-U2","SE5_EVENT4_A_2025","A","2025","L",3,-0.465438453867999,"City","U","2025-03-09 06:59:18",-1.4,"4","SE5-U2_2025","Y","0.00264",0,62.705509,13.26735622,4316.52339616,6733.559543,19236.39343
"1017",0,0,NA,0,0,"N","SE5","SE5_EVENT4_W_2025_SE5-F1","SE5_EVENT4_W_2025","W","2025","L",3,-0.465438453867999,"City","F","2025-03-09 06:59:24",-1.4,"4","SE5-F1_2025","N","0.00264",0,62.705509,13.26735622,4316.52339616,6733.559543,19236.39343
"1018",0,0,NA,0,0,"Y","SE5","SE5_EVENT4_W_2025_SE5-M1","SE5_EVENT4_W_2025","W","2025","L",3,-0.465438453867999,"City","M","2025-03-09 06:59:24",-1.4,"4","SE5-M1_2025","N","0.00264",0,62.705509,13.26735622,4316.52339616,6733.559543,19236.39343
"1019",1.667,7.166,3,0,0,"Y","SE5","SE5_EVENT4_W_2025_SE5-U2","SE5_EVENT4_W_2025","W","2025","L",3,-0.465438453867999,"City","U","2025-03-09 06:59:24",-1.4,"4","SE5-U2_2025","Y","0.00264",0,62.705509,13.26735622,4316.52339616,6733.559543,19236.39343
"1020",14.583,36.65,5,0,0,"Y","SE5","SE5_EVENT4_W_2024_SE5-SM1","SE5_EVENT4_W_2024","W","2024","D",1,-0.465438453867999,"City","SM"," 2024-02-06 23:36:40",-6.4,"4","SE5-SM1_2024","N","0.00264",0,62.705509,13.26735622,4316.52339616,6733.559543,19236.39343
"1021",0,0,NA,0,0,"N","SE5","SE5_EVENT5_W_2025_SE5-U1","SE5_EVENT5_W_2025","W","2025","D",1,-0.465438453867999,"City","U","2025-03-10 23:43:40",-2.8,"5","SE5-U1_2025","N","0.00264",0,62.705509,13.26735622,4316.52339616,6733.559543,19236.39343
"1022",0,0,NA,0,0,"Y","SE5","SE5_EVENT5_W_2024_SE5-SM1","SE5_EVENT5_W_2024","W","2024","D",1,-0.465438453867999,"City","SM"," 2024-02-07 06:08:10",-4.4,"5","SE5-SM1_2024","N","0.00264",0,62.705509,13.26735622,4316.52339616,6733.559543,19236.39343
"1023",0,0,NA,0,0,"Y","SE5","SE5_EVENT6_W_2025_SE5-F1","SE5_EVENT6_W_2025","W","2025","D",3,-0.465438453867999,"City","F","2025-03-11 00:15:32",1.6,"6","SE5-F1_2025","N","0.00264",0,62.705509,13.26735622,4316.52339616,6733.559543,19236.39343
"1024",0,0,NA,0,0,"Y","SE5","SE5_EVENT6_W_2025_SE5-M1","SE5_EVENT6_W_2025","W","2025","D",3,-0.465438453867999,"City","M","2025-03-11 00:15:32",1.6,"6","SE5-M1_2025","N","0.00264",0,62.705509,13.26735622,4316.52339616,6733.559543,19236.39343
"1025",0,0,NA,0,0,"N","SE5","SE5_EVENT6_W_2025_SE5-U2","SE5_EVENT6_W_2025","W","2025","D",3,-0.465438453867999,"City","U","2025-03-11 00:15:32",1.6,"6","SE5-U2_2025","Y","0.00264",0,62.705509,13.26735622,4316.52339616,6733.559543,19236.39343
"1026",0,0,NA,1,0,"Y","SE5","SE5_EVENT6_W_2024_SE5-F1","SE5_EVENT6_W_2024","W","2024","D",1,-0.465438453867999,"City","F"," 2024-02-08 07:07:40",-3.8,"6","SE5-F1_2024","N","0.00264",0,62.705509,13.26735622,4316.52339616,6733.559543,19236.39343
"1027",0,0,NA,0,0,"Y","SE5","SE5_EVENT7_W_2025_SE5-U2","SE5_EVENT7_W_2025","W","2025","D",1,-0.465438453867999,"City","U","2025-03-13 01:36:06",-8.7,"7","SE5-U2_2025","Y","0.00264",0,62.705509,13.26735622,4316.52339616,6733.559543,19236.39343
"1028",0,2.667,NA,0,0,"Y","SE5","SE5_EVENT7_W_2024_SE5-SM1","SE5_EVENT7_W_2024","W","2024","L",1,-0.465438453867999,"City","SM"," 2024-02-11 15:03:46",-0.4,"7","SE5-SM1_2024","N","0.00264",0,62.705509,13.26735622,4316.52339616,6733.559543,19236.39343
"1029",0,0,NA,0,0,"N","SE5","SE5_EVENT8_W_2025_SE5-F1","SE5_EVENT8_W_2025","W","2025","D",2,-0.465438453867999,"City","F","2025-03-15 06:08:54",-10.2,"8","SE5-F1_2025","N","0.00264",0,62.705509,13.26735622,4316.52339616,6733.559543,19236.39343
"1030",0,0,NA,0,0,"Y","SE5","SE5_EVENT8_W_2025_SE5-M1","SE5_EVENT8_W_2025","W","2025","D",2,-0.465438453867999,"City","M","2025-03-15 06:08:54",-10.2,"8","SE5-M1_2025","N","0.00264",0,62.705509,13.26735622,4316.52339616,6733.559543,19236.39343
"1031",0,0,NA,0,0,"N","SE5","SE5_EVENT8_W_2024_SE5-SM1","SE5_EVENT8_W_2024","W","2024","L",1,-0.465438453867999,"City","SM"," 2024-02-11 16:24:34",-0.4,"8","SE5-SM1_2024","N","0.00264",0,62.705509,13.26735622,4316.52339616,6733.559543,19236.39343
"1032",0,10.65,NA,0,0,"Y","SE5","SE5_EVENT9_A_2025_SE5-M1","SE5_EVENT9_A_2025","A","2025","D",1,-0.465438453867999,"City","M","2025-03-15 22:45:42",-10.2,"9","SE5-M1_2025","N","0.00264",0,62.705509,13.26735622,4316.52339616,6733.559543,19236.39343
"1033",1.633,12.202,1,0,0,"Y","SE5","SE5_EVENT9_W_2025_SE5-SM1","SE5_EVENT9_W_2025","W","2025","D",1,-0.465438453867999,"City","SM","2025-03-15 22:43:58",-10.2,"9","SE5-SM1_2025","N","0.00264",0,62.705509,13.26735622,4316.52339616,6733.559543,19236.39343
"1034",0,0,NA,0,0,"N","SE5","SE5_EVENT9_A_2024_SE5-SM1","SE5_EVENT9_A_2024","A","2024","L",1,-0.465438453867999,"City","SM"," 2024-02-11 16:34:36",-0.4,"9","SE5-SM1_2024","N","0.00264",0,62.705509,13.26735622,4316.52339616,6733.559543,19236.39343
"1035",0,0,NA,0,0,"N","SE5","SE5_EVENT9_W_2024_SE5-SM1","SE5_EVENT9_W_2024","W","2024","L",1,-0.465438453867999,"City","SM"," 2024-02-11 16:35:00",-0.4,"9","SE5-SM1_2024","N","0.00264",0,62.705509,13.26735622,4316.52339616,6733.559543,19236.39343
"1036",0,7.084,NA,0,0,"Y","SE6","SE6_EVENT1_A_2024_SE6-U1","SE6_EVENT1_A_2024","A","2024","D",1,-0.390125098640505,"City","U"," 2024-02-11 03:33:36",-0.4,"1","SE6-U1_2024","Y","0.004941",0,80.20268491,16.58265508,4396.31200077,11217.822,31368.01463
"1037",0,0,NA,0,0,"N","SE6","SE6_EVENT2_A_2024_SE6-M1","SE6_EVENT2_A_2024","A","2024","L",1,-0.390125098640505,"City","M"," 2024-02-13 15:14:04",-3.9,"2","SE6-M1_2024","N","0.004941",0,80.20268491,16.58265508,4396.31200077,11217.822,31368.01463
"1038",0,0,NA,0,0,"N","SE6","SE6_EVENT2_W_2024_SE6-M1","SE6_EVENT2_W_2024","W","2024","L",1,-0.390125098640505,"City","M"," 2024-02-13 15:13:44",-3.9,"2","SE6-M1_2024","N","0.004941",0,80.20268491,16.58265508,4396.31200077,11217.822,31368.01463
"1039",0,0,NA,0,0,"Y","SE6","SE6_EVENT3_A_2024_SE6-M1","SE6_EVENT3_A_2024","A","2024","L",1,-0.390125098640505,"City","M"," 2024-02-13 15:30:24",-3.9,"3","SE6-M1_2024","N","0.004941",0,80.20268491,16.58265508,4396.31200077,11217.822,31368.01463
"1040",0,0,NA,0,0,"Y","SE6","SE6_EVENT3_W_2024_SE6-M1","SE6_EVENT3_W_2024","W","2024","L",1,-0.390125098640505,"City","M"," 2024-02-13 15:29:42",-3.9,"3","SE6-M1_2024","N","0.004941",0,80.20268491,16.58265508,4396.31200077,11217.822,31368.01463
"1041",0,1.683,NA,0,0,"Y","SE6","SE6_EVENT4_A_2024_SE6-U1","SE6_EVENT4_A_2024","A","2024","D",1,-0.390125098640505,"City","U"," 2024-02-19 22:57:16",-3.6,"4","SE6-U1_2024","Y","0.004941",0,80.20268491,16.58265508,4396.31200077,11217.822,31368.01463
"1042",0,0,NA,0,0,"N","SE6","SE6_EVENT4_W_2024_SE6-U1","SE6_EVENT4_W_2024","W","2024","D",1,-0.390125098640505,"City","U"," 2024-02-19 22:57:34",-3.6,"4","SE6-U1_2024","Y","0.004941",0,80.20268491,16.58265508,4396.31200077,11217.822,31368.01463
"1043",0,0,NA,0,0,"Y","SE6","SE6_EVENT5_W_2024_SE6-M1","SE6_EVENT5_W_2024","W","2024","D",1,-0.390125098640505,"City","M"," 2024-02-20 23:46:04",-3.9,"5","SE6-M1_2024","N","0.004941",0,80.20268491,16.58265508,4396.31200077,11217.822,31368.01463
"1044",0,0,NA,0,0,"N","SE7","SE7_EVENT10_A_2025_SE7-M2","SE7_EVENT10_A_2025","A","2025","L",1,1.98230952201642,"City","M","2025-03-06 08:19:21",1.6,"10","SE7-M2_2025","Y","0.015187",4180.779712,85.43110827,1.687682755,4514.82675347,11685.7778,15985.37907
"1045",0,0,NA,0,0,"N","SE7","SE7_EVENT11_W_2025_SE7-F2","SE7_EVENT11_W_2025","W","2025","L",1,1.98230952201642,"City","F","2025-03-09 07:59:38",-1.4,"11","SE7-F2_2025","N","0.015187",4180.779712,85.43110827,1.687682755,4514.82675347,11685.7778,15985.37907
"1046",0,0,NA,0,0,"N","SE7","SE7_EVENT12_A_2025_SE7-F2","SE7_EVENT12_A_2025","A","2025","L",1,1.98230952201642,"City","F","2025-03-09 11:41:49",-1.4,"12","SE7-F2_2025","N","0.015187",4180.779712,85.43110827,1.687682755,4514.82675347,11685.7778,15985.37907
"1047",0,0,NA,0,0,"N","SE7","SE7_EVENT13_A_2025_SE7-F1","SE7_EVENT13_A_2025","A","2025","D",2,1.98230952201642,"City","F","2025-03-10 01:55:59",-2.8,"13","SE7-F1_2025","N","0.015187",4180.779712,85.43110827,1.687682755,4514.82675347,11685.7778,15985.37907
"1048",0,0,NA,0,0,"N","SE7","SE7_EVENT13_A_2025_SE7-M1","SE7_EVENT13_A_2025","A","2025","D",2,1.98230952201642,"City","M","2025-03-10 01:55:59",-2.8,"13","SE7-M1_2025","N","0.015187",4180.779712,85.43110827,1.687682755,4514.82675347,11685.7778,15985.37907
"1049",0,0,NA,0,0,"N","SE7","SE7_EVENT13_W_2025_SE7-F1","SE7_EVENT13_W_2025","W","2025","D",2,1.98230952201642,"City","F","2025-03-10 02:18:16",-2.8,"13","SE7-F1_2025","N","0.015187",4180.779712,85.43110827,1.687682755,4514.82675347,11685.7778,15985.37907
"1050",0,0,NA,0,0,"N","SE7","SE7_EVENT13_W_2025_SE7-M1","SE7_EVENT13_W_2025","W","2025","D",2,1.98230952201642,"City","M","2025-03-10 02:18:16",-2.8,"13","SE7-M1_2025","N","0.015187",4180.779712,85.43110827,1.687682755,4514.82675347,11685.7778,15985.37907
"1051",0,0,NA,1,0,"N","SE7","SE7_EVENT14_A_2025_SE7-F2","SE7_EVENT14_A_2025","A","2025","L",2,1.98230952201642,"City","F","2025-03-10 11:05:03",-2.8,"14","SE7-F2_2025","N","0.015187",4180.779712,85.43110827,1.687682755,4514.82675347,11685.7778,15985.37907
"1052",0.834,4.366,1,0,0,"Y","SE7","SE7_EVENT14_A_2025_SE7-M2","SE7_EVENT14_A_2025","A","2025","L",2,1.98230952201642,"City","M","2025-03-10 11:05:03",-2.8,"14","SE7-M2_2025","Y","0.015187",4180.779712,85.43110827,1.687682755,4514.82675347,11685.7778,15985.37907
"1053",0,0,NA,0,0,"N","SE7","SE7_EVENT14_W_2025_SE7-F2","SE7_EVENT14_W_2025","W","2025","L",2,1.98230952201642,"City","F","2025-03-10 11:07:48",-2.8,"14","SE7-F2_2025","N","0.015187",4180.779712,85.43110827,1.687682755,4514.82675347,11685.7778,15985.37907
"1054",0,0,NA,0,0,"N","SE7","SE7_EVENT14_W_2025_SE7-M2","SE7_EVENT14_W_2025","W","2025","L",2,1.98230952201642,"City","M","2025-03-10 11:07:48",-2.8,"14","SE7-M2_2025","Y","0.015187",4180.779712,85.43110827,1.687682755,4514.82675347,11685.7778,15985.37907
"1055",0,0,NA,0,0,"N","SE7","SE7_EVENT15_A_2025_SE7-F2","SE7_EVENT15_A_2025","A","2025","L",2,1.98230952201642,"City","F","2025-03-10 16:48:22",-2.8,"15","SE7-F2_2025","N","0.015187",4180.779712,85.43110827,1.687682755,4514.82675347,11685.7778,15985.37907
"1056",0,0,NA,0,0,"N","SE7","SE7_EVENT15_A_2025_SE7-U2","SE7_EVENT15_A_2025","A","2025","L",2,1.98230952201642,"City","U","2025-03-10 16:48:22",-2.8,"15","SE7-U2_2025","N","0.015187",4180.779712,85.43110827,1.687682755,4514.82675347,11685.7778,15985.37907
"1057",0,0,NA,0,0,"Y","SE7","SE7_EVENT16_W_2025_SE7-F2","SE7_EVENT16_W_2025","W","2025","L",1,1.98230952201642,"City","F","2025-03-11 09:21:58",1.6,"16","SE7-F2_2025","N","0.015187",4180.779712,85.43110827,1.687682755,4514.82675347,11685.7778,15985.37907
"1058",0,0,NA,0,0,"N","SE7","SE7_EVENT17_A_2025_SE7-M2","SE7_EVENT17_A_2025","A","2025","L",1,1.98230952201642,"City","M","2025-03-11 15:58:31",1.6,"17","SE7-M2_2025","Y","0.015187",4180.779712,85.43110827,1.687682755,4514.82675347,11685.7778,15985.37907
"1059",0,0,NA,0,0,"N","SE7","SE7_EVENT18_A_2025_SE7-M2","SE7_EVENT18_A_2025","A","2025","L",1,1.98230952201642,"City","M","2025-03-11 17:44:17",1.6,"18","SE7-M2_2025","Y","0.015187",4180.779712,85.43110827,1.687682755,4514.82675347,11685.7778,15985.37907
"1060",11.932,83.655,4,0,1,"Y","SE7","SE7_EVENT19_A_2025_SE7-F2","SE7_EVENT19_A_2025","A","2025","D",2,1.98230952201642,"City","F","2025-03-12 06:23:14",-4,"19","SE7-F2_2025","N","0.015187",4180.779712,85.43110827,1.687682755,4514.82675347,11685.7778,15985.37907
"1061",0,0,NA,0,0,"Y","SE7","SE7_EVENT19_A_2025_SE7-U3","SE7_EVENT19_A_2025","A","2025","D",2,1.98230952201642,"City","U","2025-03-12 06:23:14",-4,"19","SE7-U3_2025","Y","0.015187",4180.779712,85.43110827,1.687682755,4514.82675347,11685.7778,15985.37907
"1062",0,8.684,NA,0,0,"Y","SE7","SE7_EVENT19_W_2025_SE7-F2","SE7_EVENT19_W_2025","W","2025","D",2,1.98230952201642,"City","F","2025-03-12 06:25:08",-4,"19","SE7-F2_2025","N","0.015187",4180.779712,85.43110827,1.687682755,4514.82675347,11685.7778,15985.37907
"1063",0,3.346,NA,0,0,"Y","SE7","SE7_EVENT1_A_2025_SE7-F1","SE7_EVENT1_A_2025","A","2025","D",2,1.98230952201642,"City","F","2025-02-21 05:27:57",1.3,"1","SE7-F1_2025","N","0.015187",4180.779712,85.43110827,1.687682755,4514.82675347,11685.7778,15985.37907
"1064",0.235,2.075,1,1,0,"Y","SE7","SE7_EVENT1_A_2025_SE7-M1","SE7_EVENT1_A_2025","A","2025","D",2,1.98230952201642,"City","M","2025-02-21 05:27:57",1.3,"1","SE7-M1_2025","N","0.015187",4180.779712,85.43110827,1.687682755,4514.82675347,11685.7778,15985.37907
"1065",0,0,NA,0,0,"N","SE7","SE7_EVENT1_W_2025_SE7-F1","SE7_EVENT1_W_2025","W","2025","D",2,1.98230952201642,"City","F","2025-02-21 05:41:30",1.3,"1","SE7-F1_2025","N","0.015187",4180.779712,85.43110827,1.687682755,4514.82675347,11685.7778,15985.37907
"1066",0,0,NA,0,0,"N","SE7","SE7_EVENT1_W_2025_SE7-M1","SE7_EVENT1_W_2025","W","2025","D",2,1.98230952201642,"City","M","2025-02-21 05:41:30",1.3,"1","SE7-M1_2025","N","0.015187",4180.779712,85.43110827,1.687682755,4514.82675347,11685.7778,15985.37907
"1067",22.199,145.897,4,1,1,"Y","SE7","SE7_EVENT1_A_2024_SE7-M1","SE7_EVENT1_A_2024","A","2024","D",1,1.98230952201642,"City","M"," 2024-02-08 22:45:58",-3.8,"1","SE7-M1_2024","Y","0.015187",4180.779712,85.43110827,1.687682755,4514.82675347,11685.7778,15985.37907
"1068",0,0,NA,0,0,"N","SE7","SE7_EVENT20_A_2025_SE7-M2","SE7_EVENT20_A_2025","A","2025","L",1,1.98230952201642,"City","M","2025-03-12 10:17:07",-4,"20","SE7-M2_2025","Y","0.015187",4180.779712,85.43110827,1.687682755,4514.82675347,11685.7778,15985.37907
"1069",0,0,NA,0,0,"N","SE7","SE7_EVENT21_W_2025_SE7-F2","SE7_EVENT21_W_2025","W","2025","L",2,1.98230952201642,"City","F","2025-03-12 14:51:54",-4,"21","SE7-F2_2025","N","0.015187",4180.779712,85.43110827,1.687682755,4514.82675347,11685.7778,15985.37907
"1070",0,0,NA,0,0,"N","SE7","SE7_EVENT21_W_2025_SE7-U3","SE7_EVENT21_W_2025","W","2025","L",2,1.98230952201642,"City","U","2025-03-12 14:51:54",-4,"21","SE7-U3_2025","Y","0.015187",4180.779712,85.43110827,1.687682755,4514.82675347,11685.7778,15985.37907
"1071",0,0,NA,0,0,"N","SE7","SE7_EVENT22_W_2025_SE7-F2","SE7_EVENT22_W_2025","W","2025","L",2,1.98230952201642,"City","F","2025-03-13 16:39:12",-8.7,"22","SE7-F2_2025","N","0.015187",4180.779712,85.43110827,1.687682755,4514.82675347,11685.7778,15985.37907
"1072",0,0,NA,0,0,"N","SE7","SE7_EVENT22_W_2025_SE7-U3","SE7_EVENT22_W_2025","W","2025","L",2,1.98230952201642,"City","U","2025-03-13 16:39:12",-8.7,"22","SE7-U3_2025","Y","0.015187",4180.779712,85.43110827,1.687682755,4514.82675347,11685.7778,15985.37907
"1073",0,0,NA,0,0,"N","SE7","SE7_EVENT23_A_2025_SE7-M1","SE7_EVENT23_A_2025","A","2025","D",1,1.98230952201642,"City","M","2025-03-14 00:40:24",-13.5,"23","SE7-M1_2025","N","0.015187",4180.779712,85.43110827,1.687682755,4514.82675347,11685.7778,15985.37907
"1074",0,1.134,NA,1,0,"Y","SE7","SE7_EVENT24_A_2025_SE7-F2","SE7_EVENT24_A_2025","A","2025","L",2,1.98230952201642,"City","F","2025-03-14 15:26:39",-13.5,"24","SE7-F2_2025","N","0.015187",4180.779712,85.43110827,1.687682755,4514.82675347,11685.7778,15985.37907
"1075",0,0,NA,1,0,"N","SE7","SE7_EVENT24_A_2025_SE7-U3","SE7_EVENT24_A_2025","A","2025","L",2,1.98230952201642,"City","U","2025-03-14 15:26:39",-13.5,"24","SE7-U3_2025","Y","0.015187",4180.779712,85.43110827,1.687682755,4514.82675347,11685.7778,15985.37907
"1076",0,0,NA,0,0,"N","SE7","SE7_EVENT24_W_2025_SE7-F2","SE7_EVENT24_W_2025","W","2025","L",2,1.98230952201642,"City","F","2025-03-14 15:27:48",-13.5,"24","SE7-F2_2025","N","0.015187",4180.779712,85.43110827,1.687682755,4514.82675347,11685.7778,15985.37907
"1077",0,0,NA,0,0,"N","SE7","SE7_EVENT24_W_2025_SE7-U3","SE7_EVENT24_W_2025","W","2025","L",2,1.98230952201642,"City","U","2025-03-14 15:27:48",-13.5,"24","SE7-U3_2025","Y","0.015187",4180.779712,85.43110827,1.687682755,4514.82675347,11685.7778,15985.37907
"1078",7.235,14.8,4,0,0,"Y","SE7","SE7_EVENT25_W_2025_SE7-F2","SE7_EVENT25_W_2025","W","2025","L",2,1.98230952201642,"City","F","2025-03-15 14:18:38",-10.2,"25","SE7-F2_2025","N","0.015187",4180.779712,85.43110827,1.687682755,4514.82675347,11685.7778,15985.37907
"1079",0,0,NA,0,0,"N","SE7","SE7_EVENT25_W_2025_SE7-U3","SE7_EVENT25_W_2025","W","2025","L",2,1.98230952201642,"City","U","2025-03-15 14:18:38",-10.2,"25","SE7-U3_2025","Y","0.015187",4180.779712,85.43110827,1.687682755,4514.82675347,11685.7778,15985.37907
"1080",0,0,NA,0,0,"Y","SE7","SE7_EVENT26_W_2025_SE7-F1","SE7_EVENT26_W_2025","W","2025","L",2,1.98230952201642,"City","F","2025-03-15 14:46:44",-10.2,"26","SE7-F1_2025","N","0.015187",4180.779712,85.43110827,1.687682755,4514.82675347,11685.7778,15985.37907
"1081",0,0,NA,0,0,"N","SE7","SE7_EVENT26_W_2025_SE7-M1","SE7_EVENT26_W_2025","W","2025","L",2,1.98230952201642,"City","M","2025-03-15 14:46:44",-10.2,"26","SE7-M1_2025","N","0.015187",4180.779712,85.43110827,1.687682755,4514.82675347,11685.7778,15985.37907
"1082",0,0,NA,0,0,"N","SE7","SE7_EVENT27_A_2025_SE7-F2","SE7_EVENT27_A_2025","A","2025","D",1,1.98230952201642,"City","F","2025-03-15 20:36:00",-10.2,"27","SE7-F2_2025","N","0.015187",4180.779712,85.43110827,1.687682755,4514.82675347,11685.7778,15985.37907
"1083",0,0,NA,0,0,"Y","SE7","SE7_EVENT27_W_2025_SE7-F2","SE7_EVENT27_W_2025","W","2025","D",1,1.98230952201642,"City","F","2025-03-15 20:33:56",-10.2,"27","SE7-F2_2025","N","0.015187",4180.779712,85.43110827,1.687682755,4514.82675347,11685.7778,15985.37907
"1084",0,0,NA,0,0,"N","SE7","SE7_EVENT28_W_2025_SE7-F1","SE7_EVENT28_W_2025","W","2025","L",2,1.98230952201642,"City","F","2025-03-16 08:34:22",-9.3,"28","SE7-F1_2025","N","0.015187",4180.779712,85.43110827,1.687682755,4514.82675347,11685.7778,15985.37907
"1085",0,0,NA,0,0,"N","SE7","SE7_EVENT28_W_2025_SE7-M1","SE7_EVENT28_W_2025","W","2025","L",2,1.98230952201642,"City","M","2025-03-16 08:34:22",-9.3,"28","SE7-M1_2025","N","0.015187",4180.779712,85.43110827,1.687682755,4514.82675347,11685.7778,15985.37907
"1086",0,0,NA,0,0,"N","SE7","SE7_EVENT29_W_2025_SE7-F2","SE7_EVENT29_W_2025","W","2025","L",1,1.98230952201642,"City","F","2025-03-16 13:17:04",-9.3,"29","SE7-F2_2025","N","0.015187",4180.779712,85.43110827,1.687682755,4514.82675347,11685.7778,15985.37907
"1087",0,0,NA,0,0,"Y","SE7","SE7_EVENT2_W_2025_SE7-F1","SE7_EVENT2_W_2025","W","2025","D",1,1.98230952201642,"City","F","2025-02-21 06:18:54",1.3,"2","SE7-F1_2025","N","0.015187",4180.779712,85.43110827,1.687682755,4514.82675347,11685.7778,15985.37907
"1088",0,0,NA,0,0,"Y","SE7","SE7_EVENT2_A_2024_SE7-M2","SE7_EVENT2_A_2024","A","2024","D",1,1.98230952201642,"City","M"," 2024-02-09 01:45:30",-8,"2","SE7-M2_2024","N","0.015187",4180.779712,85.43110827,1.687682755,4514.82675347,11685.7778,15985.37907
"1089",0,5.116,NA,0,0,"Y","SE7","SE7_EVENT2_W_2024_SE7-M2","SE7_EVENT2_W_2024","W","2024","D",1,1.98230952201642,"City","M"," 2024-02-09 01:42:25",-8,"2","SE7-M2_2024","N","0.015187",4180.779712,85.43110827,1.687682755,4514.82675347,11685.7778,15985.37907
"1090",2.85,15.052,3,1,0,"Y","SE7","SE7_EVENT30_W_2025_SE7-F2","SE7_EVENT30_W_2025","W","2025","D",1,1.98230952201642,"City","F","2025-03-16 22:27:38",-9.3,"30","SE7-F2_2025","N","0.015187",4180.779712,85.43110827,1.687682755,4514.82675347,11685.7778,15985.37907
"1091",0,0,NA,0,0,"N","SE7","SE7_EVENT31_A_2025_SE7-M2","SE7_EVENT31_A_2025","A","2025","D",1,1.98230952201642,"City","M","2025-03-17 06:09:41",-3.3,"31","SE7-M2_2025","Y","0.015187",4180.779712,85.43110827,1.687682755,4514.82675347,11685.7778,15985.37907
"1092",0,0,NA,0,0,"N","SE7","SE7_EVENT32_A_2025_SE7-F2","SE7_EVENT32_A_2025","A","2025","D",2,1.98230952201642,"City","F","2025-03-17 06:27:06",-3.3,"32","SE7-F2_2025","N","0.015187",4180.779712,85.43110827,1.687682755,4514.82675347,11685.7778,15985.37907
"1093",1.11,5.992,2,0,0,"Y","SE7","SE7_EVENT32_A_2025_SE7-M2","SE7_EVENT32_A_2025","A","2025","D",2,1.98230952201642,"City","M","2025-03-17 06:27:06",-3.3,"32","SE7-M2_2025","Y","0.015187",4180.779712,85.43110827,1.687682755,4514.82675347,11685.7778,15985.37907
"1094",0,0,NA,0,0,"N","SE7","SE7_EVENT32_W_2025_SE7-F2","SE7_EVENT32_W_2025","W","2025","D",2,1.98230952201642,"City","F","2025-03-17 06:26:14",-3.3,"32","SE7-F2_2025","N","0.015187",4180.779712,85.43110827,1.687682755,4514.82675347,11685.7778,15985.37907
"1095",0,0,NA,0,0,"N","SE7","SE7_EVENT32_W_2025_SE7-M2","SE7_EVENT32_W_2025","W","2025","D",2,1.98230952201642,"City","M","2025-03-17 06:26:14",-3.3,"32","SE7-M2_2025","Y","0.015187",4180.779712,85.43110827,1.687682755,4514.82675347,11685.7778,15985.37907
"1096",0,0,NA,0,0,"N","SE7","SE7_EVENT33_W_2025_SE7-U3","SE7_EVENT33_W_2025","W","2025","L",1,1.98230952201642,"City","U","2025-03-17 08:14:48",-3.3,"33","SE7-U3_2025","Y","0.015187",4180.779712,85.43110827,1.687682755,4514.82675347,11685.7778,15985.37907
"1097",0,0.5,NA,0,0,"Y","SE7","SE7_EVENT34_W_2025_SE7-M2","SE7_EVENT34_W_2025","W","2025","L",1,1.98230952201642,"City","M","2025-03-17 09:30:55",-3.3,"34","SE7-M2_2025","Y","0.015187",4180.779712,85.43110827,1.687682755,4514.82675347,11685.7778,15985.37907
"1098",0,0,NA,0,0,"N","SE7","SE7_EVENT35_W_2025_SE7-M2","SE7_EVENT35_W_2025","W","2025","L",1,1.98230952201642,"City","M","2025-03-17 10:18:56",-3.3,"35","SE7-M2_2025","Y","0.015187",4180.779712,85.43110827,1.687682755,4514.82675347,11685.7778,15985.37907
"1099",0,0,NA,0,0,"N","SE7","SE7_EVENT36_A_2025_SE7-F1","SE7_EVENT36_A_2025","A","2025","L",3,1.98230952201642,"City","F","2025-03-17 12:58:57",-3.3,"36","SE7-F1_2025","N","0.015187",4180.779712,85.43110827,1.687682755,4514.82675347,11685.7778,15985.37907
"1100",0,0,NA,0,0,"N","SE7","SE7_EVENT36_A_2025_SE7-M1","SE7_EVENT36_A_2025","A","2025","L",3,1.98230952201642,"City","M","2025-03-17 12:58:57",-3.3,"36","SE7-M1_2025","N","0.015187",4180.779712,85.43110827,1.687682755,4514.82675347,11685.7778,15985.37907
"1101",0,0,NA,0,0,"N","SE7","SE7_EVENT36_A_2025_SE7-M2","SE7_EVENT36_A_2025","A","2025","L",3,1.98230952201642,"City","M","2025-03-17 12:58:57",-3.3,"36","SE7-M2_2025","Y","0.015187",4180.779712,85.43110827,1.687682755,4514.82675347,11685.7778,15985.37907
"1102",0,1.3,NA,0,0,"Y","SE7","SE7_EVENT37_A_2025_SE7-M1","SE7_EVENT37_A_2025","A","2025","L",1,1.98230952201642,"City","M","2025-03-17 13:38:11",-3.3,"37","SE7-M1_2025","N","0.015187",4180.779712,85.43110827,1.687682755,4514.82675347,11685.7778,15985.37907
"1103",0,0,NA,0,0,"N","SE7","SE7_EVENT38_A_2025_SE7-F2","SE7_EVENT38_A_2025","A","2025","L",2,1.98230952201642,"City","F","2025-03-17 13:59:29",-3.3,"38","SE7-F2_2025","N","0.015187",4180.779712,85.43110827,1.687682755,4514.82675347,11685.7778,15985.37907
"1104",0,0,NA,0,0,"N","SE7","SE7_EVENT38_A_2025_SE7-M2","SE7_EVENT38_A_2025","A","2025","L",2,1.98230952201642,"City","M","2025-03-17 13:59:29",-3.3,"38","SE7-M2_2025","Y","0.015187",4180.779712,85.43110827,1.687682755,4514.82675347,11685.7778,15985.37907
"1105",0,0,NA,0,0,"N","SE7","SE7_EVENT38_W_2025_SE7-F2","SE7_EVENT38_W_2025","W","2025","L",2,1.98230952201642,"City","F","2025-03-17 13:58:14",-3.3,"38","SE7-F2_2025","N","0.015187",4180.779712,85.43110827,1.687682755,4514.82675347,11685.7778,15985.37907
"1106",0,0,NA,0,0,"N","SE7","SE7_EVENT38_W_2025_SE7-M2","SE7_EVENT38_W_2025","W","2025","L",2,1.98230952201642,"City","M","2025-03-17 13:58:14",-3.3,"38","SE7-M2_2025","Y","0.015187",4180.779712,85.43110827,1.687682755,4514.82675347,11685.7778,15985.37907
"1107",0,0,NA,0,0,"N","SE7","SE7_EVENT39_W_2025_SE7-F2","SE7_EVENT39_W_2025","W","2025","L",2,1.98230952201642,"City","F","2025-03-17 14:23:12",-3.3,"39","SE7-F2_2025","N","0.015187",4180.779712,85.43110827,1.687682755,4514.82675347,11685.7778,15985.37907
"1108",0,0,NA,0,0,"N","SE7","SE7_EVENT39_W_2025_SE7-M2","SE7_EVENT39_W_2025","W","2025","L",2,1.98230952201642,"City","M","2025-03-17 14:23:12",-3.3,"39","SE7-M2_2025","Y","0.015187",4180.779712,85.43110827,1.687682755,4514.82675347,11685.7778,15985.37907
"1109",0,0,NA,0,0,"Y","SE7","SE7_EVENT3_W_2025_SE7-F1","SE7_EVENT3_W_2025","W","2025","L",1,1.98230952201642,"City","F","2025-02-21 14:15:14",1.3,"3","SE7-F1_2025","N","0.015187",4180.779712,85.43110827,1.687682755,4514.82675347,11685.7778,15985.37907
"1110",53.718,157.597,3,1,1,"Y","SE7","SE7_EVENT3_A_2024_SE7-F1","SE7_EVENT3_A_2024","A","2024","L",1,1.98230952201642,"City","F"," 2024-02-24 12:33:00",1.1,"3","SE7-F1_2024","Y","0.015187",4180.779712,85.43110827,1.687682755,4514.82675347,11685.7778,15985.37907
"1111",50.066,162.651,5,0,1,"Y","SE7","SE7_EVENT3_W_2024_SE7-F1","SE7_EVENT3_W_2024","W","2024","L",1,1.98230952201642,"City","F"," 2024-02-24 12:50:06",1.1,"3","SE7-F1_2024","Y","0.015187",4180.779712,85.43110827,1.687682755,4514.82675347,11685.7778,15985.37907
"1112",0,0,NA,0,0,"Y","SE7","SE7_EVENT40_A_2025_SE7-M1","SE7_EVENT40_A_2025","A","2025","L",1,1.98230952201642,"City","M","2025-03-17 14:33:01",-3.3,"40","SE7-M1_2025","N","0.015187",4180.779712,85.43110827,1.687682755,4514.82675347,11685.7778,15985.37907
"1113",0,0,NA,0,0,"N","SE7","SE7_EVENT41_A_2025_SE7-F2","SE7_EVENT41_A_2025","A","2025","L",2,1.98230952201642,"City","F","2025-03-17 17:36:46",-3.3,"41","SE7-F2_2025","N","0.015187",4180.779712,85.43110827,1.687682755,4514.82675347,11685.7778,15985.37907
"1114",0,0,NA,0,0,"N","SE7","SE7_EVENT41_A_2025_SE7-M2","SE7_EVENT41_A_2025","A","2025","L",2,1.98230952201642,"City","M","2025-03-17 17:36:46",-3.3,"41","SE7-M2_2025","Y","0.015187",4180.779712,85.43110827,1.687682755,4514.82675347,11685.7778,15985.37907
"1115",0,0,NA,0,0,"N","SE7","SE7_EVENT41_W_2025_SE7-F2","SE7_EVENT41_W_2025","W","2025","L",2,1.98230952201642,"City","F","2025-03-17 17:29:20",-3.3,"41","SE7-F2_2025","N","0.015187",4180.779712,85.43110827,1.687682755,4514.82675347,11685.7778,15985.37907
"1116",0,0,NA,0,0,"N","SE7","SE7_EVENT41_W_2025_SE7-M2","SE7_EVENT41_W_2025","W","2025","L",2,1.98230952201642,"City","M","2025-03-17 17:29:20",-3.3,"41","SE7-M2_2025","Y","0.015187",4180.779712,85.43110827,1.687682755,4514.82675347,11685.7778,15985.37907
"1117",0,0,NA,0,0,"N","SE7","SE7_EVENT42_W_2025_SE7-U3","SE7_EVENT42_W_2025","W","2025","L",1,1.98230952201642,"City","U","2025-03-18 09:36:06",-1.6,"42","SE7-U3_2025","Y","0.015187",4180.779712,85.43110827,1.687682755,4514.82675347,11685.7778,15985.37907
"1118",0,0,NA,0,0,"N","SE7","SE7_EVENT43_W_2025_SE7-U3","SE7_EVENT43_W_2025","W","2025","L",1,1.98230952201642,"City","U","2025-03-18 10:20:19",-1.6,"43","SE7-U3_2025","Y","0.015187",4180.779712,85.43110827,1.687682755,4514.82675347,11685.7778,15985.37907
"1119",0,0,NA,0,0,"N","SE7","SE7_EVENT44_W_2025_SE7-F2","SE7_EVENT44_W_2025","W","2025","L",1,1.98230952201642,"City","F","2025-03-18 11:51:00",-1.6,"44","SE7-F2_2025","N","0.015187",4180.779712,85.43110827,1.687682755,4514.82675347,11685.7778,15985.37907
"1120",0,0,NA,0,0,"Y","SE7","SE7_EVENT45_A_2025_SE7-F3","SE7_EVENT45_A_2025","A","2025","D",1,1.98230952201642,"City","F","2025-03-19 23:03:49",0.3,"45","SE7-F3_2025","N","0.015187",4180.779712,85.43110827,1.687682755,4514.82675347,11685.7778,15985.37907
"1121",1.066,3.899,1,0,0,"Y","SE7","SE7_EVENT46_A_2025_SE7-F3","SE7_EVENT46_A_2025","A","2025","D",1,1.98230952201642,"City","F","2025-03-20 22:27:37",0.4,"46","SE7-F3_2025","N","0.015187",4180.779712,85.43110827,1.687682755,4514.82675347,11685.7778,15985.37907
"1122",0,0,NA,0,0,"N","SE7","SE7_EVENT46_A_2025_SE7-M3","SE7_EVENT46_A_2025","A","2025","D",1,1.98230952201642,"City","M","2025-03-20 22:27:37",0.4,"46","SE7-M3_2025","N","0.015187",4180.779712,85.43110827,1.687682755,4514.82675347,11685.7778,15985.37907
"1123",0,0,NA,0,0,"N","SE7","SE7_EVENT47_W_2025_SE7-M3","SE7_EVENT47_W_2025","W","2025","D",1,1.98230952201642,"City","M","2025-03-21 21:48:12",2.1,"47","SE7-M3_2025","N","0.015187",4180.779712,85.43110827,1.687682755,4514.82675347,11685.7778,15985.37907
"1124",0,0,NA,0,0,"N","SE7","SE7_EVENT48_W_2025_SE7-M2","SE7_EVENT48_W_2025","W","2025","D",1,1.98230952201642,"City","M","2025-03-23 23:37:36",2.7,"48","SE7-M2_2025","Y","0.015187",4180.779712,85.43110827,1.687682755,4514.82675347,11685.7778,15985.37907
"1125",0,0,NA,0,0,"Y","SE7","SE7_EVENT49_A_2025_SE7-F3","SE7_EVENT49_A_2025","A","2025","L",1,1.98230952201642,"City","F","2025-03-26 05:46:43",-4.5,"49","SE7-F3_2025","N","0.015187",4180.779712,85.43110827,1.687682755,4514.82675347,11685.7778,15985.37907
"1126",0,0,NA,0,0,"N","SE7","SE7_EVENT4_A_2025_SE7-F1","SE7_EVENT4_A_2025","A","2025","D",1,1.98230952201642,"City","F","2025-02-26 03:59:45",5.5,"4","SE7-F1_2025","N","0.015187",4180.779712,85.43110827,1.687682755,4514.82675347,11685.7778,15985.37907
"1127",0,13.533,NA,0,0,"Y","SE7","SE7_EVENT4_A_2024_SE7-F1","SE7_EVENT4_A_2024","A","2024","L",1,1.98230952201642,"City","F"," 2024-02-24 15:14:38",1.1,"4","SE7-F1_2024","Y","0.015187",4180.779712,85.43110827,1.687682755,4514.82675347,11685.7778,15985.37907
"1128",0,0,NA,0,0,"N","SE7","SE7_EVENT50_A_2025_SE7-M3","SE7_EVENT50_A_2025","A","2025","L",1,1.98230952201642,"City","M","2025-03-26 06:38:58",3.9,"50","SE7-M3_2025","N","0.015187",4180.779712,85.43110827,1.687682755,4514.82675347,11685.7778,15985.37907
"1129",0,0.633,NA,0,0,"Y","SE7","SE7_EVENT51_A_2025_SE7-F1","SE7_EVENT51_A_2025","A","2025","D",1,1.98230952201642,"City","F","2025-03-26 22:43:41",3.9,"51","SE7-F1_2025","N","0.015187",4180.779712,85.43110827,1.687682755,4514.82675347,11685.7778,15985.37907
"1130",0,7.265,NA,0,0,"Y","SE7","SE7_EVENT52_A_2025_SE7-F3","SE7_EVENT52_A_2025","A","2025","D",2,1.98230952201642,"City","F","2025-03-28 21:05:46",-6.6,"52","SE7-F3_2025","N","0.015187",4180.779712,85.43110827,1.687682755,4514.82675347,11685.7778,15985.37907
"1131",0,7.031,NA,1,0,"Y","SE7","SE7_EVENT52_A_2025_SE7-M3","SE7_EVENT52_A_2025","A","2025","D",2,1.98230952201642,"City","M","2025-03-28 21:05:46",-6.6,"52","SE7-M3_2025","N","0.015187",4180.779712,85.43110827,1.687682755,4514.82675347,11685.7778,15985.37907
"1132",0,0,NA,0,0,"Y","SE7","SE7_EVENT53_A_2025_SE7-F3","SE7_EVENT53_A_2025","A","2025","D",2,1.98230952201642,"City","F","2025-03-29 02:15:09",-6.6,"53","SE7-F3_2025","N","0.015187",4180.779712,85.43110827,1.687682755,4514.82675347,11685.7778,15985.37907
"1133",0,0,NA,0,0,"N","SE7","SE7_EVENT53_A_2025_SE7-M3","SE7_EVENT53_A_2025","A","2025","D",2,1.98230952201642,"City","M","2025-03-29 02:15:09",-6.6,"53","SE7-M3_2025","N","0.015187",4180.779712,85.43110827,1.687682755,4514.82675347,11685.7778,15985.37907
"1134",0,0,NA,0,0,"N","SE7","SE7_EVENT54_A_2025_SE7-F3","SE7_EVENT54_A_2025","A","2025","D",2,1.98230952201642,"City","F","2025-03-29 03:52:39",-6.6,"54","SE7-F3_2025","N","0.015187",4180.779712,85.43110827,1.687682755,4514.82675347,11685.7778,15985.37907
"1135",0,0,NA,0,0,"N","SE7","SE7_EVENT54_A_2025_SE7-M3","SE7_EVENT54_A_2025","A","2025","D",2,1.98230952201642,"City","M","2025-03-29 03:52:39",-6.6,"54","SE7-M3_2025","N","0.015187",4180.779712,85.43110827,1.687682755,4514.82675347,11685.7778,15985.37907
"1136",0,0,NA,0,0,"N","SE7","SE7_EVENT55_A_2025_SE7-F3","SE7_EVENT55_A_2025","A","2025","D",2,1.98230952201642,"City","F","2025-03-29 21:57:25",-6.6,"55","SE7-F3_2025","N","0.015187",4180.779712,85.43110827,1.687682755,4514.82675347,11685.7778,15985.37907
"1137",0,0,NA,0,0,"N","SE7","SE7_EVENT55_A_2025_SE7-M3","SE7_EVENT55_A_2025","A","2025","D",2,1.98230952201642,"City","M","2025-03-29 21:57:25",-6.6,"55","SE7-M3_2025","N","0.015187",4180.779712,85.43110827,1.687682755,4514.82675347,11685.7778,15985.37907
"1138",0,0,NA,0,0,"Y","SE7","SE7_EVENT56_W_2025_SE7-F2","SE7_EVENT56_W_2025","W","2025","D",1,1.98230952201642,"City","F","2025-03-30 03:04:36",-5.1,"56","SE7-F2_2025","N","0.015187",4180.779712,85.43110827,1.687682755,4514.82675347,11685.7778,15985.37907
"1139",0,7.234,NA,0,0,"Y","SE7","SE7_EVENT57_A_2025_SE7-F3","SE7_EVENT57_A_2025","A","2025","D",1,1.98230952201642,"City","F","2025-03-31 02:56:56",0.8,"57","SE7-F3_2025","N","0.015187",4180.779712,85.43110827,1.687682755,4514.82675347,11685.7778,15985.37907
"1140",0,1.206,NA,0,0,"Y","SE7","SE7_EVENT58_A_2025_SE7-F1","SE7_EVENT58_A_2025","A","2025","D",2,1.98230952201642,"City","F","2025-03-31 03:35:19",0.8,"58","SE7-F1_2025","N","0.015187",4180.779712,85.43110827,1.687682755,4514.82675347,11685.7778,15985.37907
"1141",0,0,NA,0,0,"N","SE7","SE7_EVENT58_A_2025_SE7-M1","SE7_EVENT58_A_2025","A","2025","D",2,1.98230952201642,"City","M","2025-03-31 03:35:19",0.8,"58","SE7-M1_2025","N","0.015187",4180.779712,85.43110827,1.687682755,4514.82675347,11685.7778,15985.37907
"1142",0,0,NA,0,0,"N","SE7","SE7_EVENT59_A_2025_SE7-F3","SE7_EVENT59_A_2025","A","2025","D",1,1.98230952201642,"City","F","2025-03-31 23:28:44",0.8,"59","SE7-F3_2025","N","0.015187",4180.779712,85.43110827,1.687682755,4514.82675347,11685.7778,15985.37907
"1143",1.283,5.367,1,0,0,"Y","SE7","SE7_EVENT59_W_2025_SE7-F3","SE7_EVENT59_W_2025","W","2025","D",1,1.98230952201642,"City","F","2025-03-31 23:26:38",0.8,"59","SE7-F3_2025","N","0.015187",4180.779712,85.43110827,1.687682755,4514.82675347,11685.7778,15985.37907
"1144",0,0,NA,0,0,"N","SE7","SE7_EVENT5_W_2025_SE7-F1","SE7_EVENT5_W_2025","W","2025","L",1,1.98230952201642,"City","F","2025-02-26 09:51:30",5.5,"5","SE7-F1_2025","N","0.015187",4180.779712,85.43110827,1.687682755,4514.82675347,11685.7778,15985.37907
"1145",0,0,NA,0,0,"Y","SE7","SE7_EVENT60_A_2025_SE7-F1","SE7_EVENT60_A_2025","A","2025","D",1,1.98230952201642,"City","F","2025-04-02 00:43:10",-1.9,"60","SE7-F1_2025","N","0.015187",4180.779712,85.43110827,1.687682755,4514.82675347,11685.7778,15985.37907
"1146",0,0,NA,0,0,"Y","SE7","SE7_EVENT60_W_2025_SE7-F1","SE7_EVENT60_W_2025","W","2025","D",1,1.98230952201642,"City","F","2025-04-02 00:40:30",-1.9,"60","SE7-F1_2025","N","0.015187",4180.779712,85.43110827,1.687682755,4514.82675347,11685.7778,15985.37907
"1147",0,0.981,NA,0,0,"Y","SE7","SE7_EVENT61_A_2025_SE7-F1","SE7_EVENT61_A_2025","A","2025","D",2,1.98230952201642,"City","F","2025-04-02 03:49:52",-1.9,"61","SE7-F1_2025","N","0.015187",4180.779712,85.43110827,1.687682755,4514.82675347,11685.7778,15985.37907
"1148",0,0,NA,0,0,"N","SE7","SE7_EVENT61_A_2025_SE7-M1","SE7_EVENT61_A_2025","A","2025","D",2,1.98230952201642,"City","M","2025-04-02 03:49:52",-1.9,"61","SE7-M1_2025","N","0.015187",4180.779712,85.43110827,1.687682755,4514.82675347,11685.7778,15985.37907
"1149",0,0,NA,0,0,"N","SE7","SE7_EVENT6_W_2025_SE7-F1","SE7_EVENT6_W_2025","W","2025","L",1,1.98230952201642,"City","F","2025-02-26 10:31:56",5.5,"6","SE7-F1_2025","N","0.015187",4180.779712,85.43110827,1.687682755,4514.82675347,11685.7778,15985.37907
"1150",0,0,NA,0,0,"N","SE7","SE7_EVENT7_W_2025_SE7-F1","SE7_EVENT7_W_2025","W","2025","L",1,1.98230952201642,"City","F","2025-02-28 03:10:42",-4.5,"7","SE7-F1_2025","N","0.015187",4180.779712,85.43110827,1.687682755,4514.82675347,11685.7778,15985.37907
"1151",0,0,NA,0,0,"N","SE7","SE7_EVENT8_A_2025_SE7-F1","SE7_EVENT8_A_2025","A","2025","L",2,1.98230952201642,"City","F","2025-02-28 06:42:11",4.1,"8","SE7-F1_2025","N","0.015187",4180.779712,85.43110827,1.687682755,4514.82675347,11685.7778,15985.37907
"1152",0,0,NA,0,0,"N","SE7","SE7_EVENT8_A_2025_SE7-M1","SE7_EVENT8_A_2025","A","2025","L",2,1.98230952201642,"City","M","2025-02-28 06:42:11",4.1,"8","SE7-M1_2025","N","0.015187",4180.779712,85.43110827,1.687682755,4514.82675347,11685.7778,15985.37907
"1153",0,0,NA,0,0,"N","SE7","SE7_EVENT8_W_2025_SE7-F1","SE7_EVENT8_W_2025","W","2025","L",2,1.98230952201642,"City","F","2025-02-28 06:42:26",4.1,"8","SE7-F1_2025","N","0.015187",4180.779712,85.43110827,1.687682755,4514.82675347,11685.7778,15985.37907
"1154",0,0,NA,0,0,"N","SE7","SE7_EVENT8_W_2025_SE7-M1","SE7_EVENT8_W_2025","W","2025","L",2,1.98230952201642,"City","M","2025-02-28 06:42:26",4.1,"8","SE7-M1_2025","N","0.015187",4180.779712,85.43110827,1.687682755,4514.82675347,11685.7778,15985.37907
"1155",0,0,NA,0,0,"N","SE7","SE7_EVENT9_A_2025_SE7-F2","SE7_EVENT9_A_2025","A","2025","L",1,1.98230952201642,"City","F","2025-02-28 13:03:53",4.1,"9","SE7-F2_2025","N","0.015187",4180.779712,85.43110827,1.687682755,4514.82675347,11685.7778,15985.37907
"1156",0,0,NA,0,0,"Y","SE8","SE8_EVENT10_A_2025_SE8-SF1","SE8_EVENT10_A_2025","A","2025","D",1,-0.679064361831082,"City","SF","2025-02-25 19:17:35",1.7,"10","SE8-SF1_2025","N","0.005673",0,81.75522781,13.90456787,6320.64621258,12988.93082,28553.2758
"1157",0,0,NA,0,0,"Y","SE8","SE8_EVENT10_A_2025_SE8-SF1","SE8_EVENT10_A_2025","A","2025","D",1,-0.679064361831082,"City","SF","2025-02-25 19:17:35",1.7,"10","SE8-SF1_2025","Y","0.005673",0,81.75522781,13.90456787,6320.64621258,12988.93082,28553.2758
"1158",0,0,NA,0,0,"N","SE8","SE8_EVENT10_W_2025_SE8-SF1","SE8_EVENT10_W_2025","W","2025","D",1,-0.679064361831082,"City","SF","2025-02-25 19:20:26",1.7,"10","SE8-SF1_2025","N","0.005673",0,81.75522781,13.90456787,6320.64621258,12988.93082,28553.2758
"1159",0,0,NA,0,0,"N","SE8","SE8_EVENT10_W_2025_SE8-SF1","SE8_EVENT10_W_2025","W","2025","D",1,-0.679064361831082,"City","SF","2025-02-25 19:20:26",1.7,"10","SE8-SF1_2025","Y","0.005673",0,81.75522781,13.90456787,6320.64621258,12988.93082,28553.2758
"1160",0,0,NA,0,0,"N","SE8","SE8_EVENT11_A_2025_SE8-SF1","SE8_EVENT11_A_2025","A","2025","D",1,-0.679064361831082,"City","SF","2025-02-25 21:08:24",1.7,"11","SE8-SF1_2025","N","0.005673",0,81.75522781,13.90456787,6320.64621258,12988.93082,28553.2758
"1161",0,0,NA,0,0,"N","SE8","SE8_EVENT11_A_2025_SE8-SF1","SE8_EVENT11_A_2025","A","2025","D",1,-0.679064361831082,"City","SF","2025-02-25 21:08:24",1.7,"11","SE8-SF1_2025","Y","0.005673",0,81.75522781,13.90456787,6320.64621258,12988.93082,28553.2758
"1162",2.067,8.1,1,0,0,"Y","SE8","SE8_EVENT11_W_2025_SE8-SF1","SE8_EVENT11_W_2025","W","2025","D",1,-0.679064361831082,"City","SF","2025-02-25 21:10:46",1.7,"11","SE8-SF1_2025","N","0.005673",0,81.75522781,13.90456787,6320.64621258,12988.93082,28553.2758
"1163",2.067,8.1,1,0,0,"Y","SE8","SE8_EVENT11_W_2025_SE8-SF1","SE8_EVENT11_W_2025","W","2025","D",1,-0.679064361831082,"City","SF","2025-02-25 21:10:46",1.7,"11","SE8-SF1_2025","Y","0.005673",0,81.75522781,13.90456787,6320.64621258,12988.93082,28553.2758
"1164",0,0,NA,0,0,"Y","SE8","SE8_EVENT12_W_2025_SE8-SF1","SE8_EVENT12_W_2025","W","2025","D",1,-0.679064361831082,"City","SF","2025-02-26 00:41:12",5.5,"12","SE8-SF1_2025","N","0.005673",0,81.75522781,13.90456787,6320.64621258,12988.93082,28553.2758
"1165",0,0,NA,0,0,"Y","SE8","SE8_EVENT12_W_2025_SE8-SF1","SE8_EVENT12_W_2025","W","2025","D",1,-0.679064361831082,"City","SF","2025-02-26 00:41:12",5.5,"12","SE8-SF1_2025","Y","0.005673",0,81.75522781,13.90456787,6320.64621258,12988.93082,28553.2758
"1166",0,0.55,NA,0,0,"N","SE8","SE8_EVENT13_A_2025_SE8-SF1","SE8_EVENT13_A_2025","A","2025","D",1,-0.679064361831082,"City","SF","2025-02-26 01:51:56",5.5,"13","SE8-SF1_2025","N","0.005673",0,81.75522781,13.90456787,6320.64621258,12988.93082,28553.2758
"1167",0,0.55,NA,0,0,"N","SE8","SE8_EVENT13_A_2025_SE8-SF1","SE8_EVENT13_A_2025","A","2025","D",1,-0.679064361831082,"City","SF","2025-02-26 01:51:56",5.5,"13","SE8-SF1_2025","Y","0.005673",0,81.75522781,13.90456787,6320.64621258,12988.93082,28553.2758
"1168",0,0,NA,0,0,"Y","SE8","SE8_EVENT13_W_2025_SE8-SF1","SE8_EVENT13_W_2025","W","2025","D",1,-0.679064361831082,"City","SF","2025-02-26 01:54:19",5.5,"13","SE8-SF1_2025","N","0.005673",0,81.75522781,13.90456787,6320.64621258,12988.93082,28553.2758
"1169",0,0,NA,0,0,"Y","SE8","SE8_EVENT13_W_2025_SE8-SF1","SE8_EVENT13_W_2025","W","2025","D",1,-0.679064361831082,"City","SF","2025-02-26 01:54:19",5.5,"13","SE8-SF1_2025","Y","0.005673",0,81.75522781,13.90456787,6320.64621258,12988.93082,28553.2758
"1170",0,0,NA,0,0,"Y","SE8","SE8_EVENT14_A_2025_SE8-SF1","SE8_EVENT14_A_2025","A","2025","D",1,-0.679064361831082,"City","SF","2025-02-27 00:41:30",7.2,"14","SE8-SF1_2025","N","0.005673",0,81.75522781,13.90456787,6320.64621258,12988.93082,28553.2758
"1171",0,0,NA,0,0,"Y","SE8","SE8_EVENT14_A_2025_SE8-SF1","SE8_EVENT14_A_2025","A","2025","D",1,-0.679064361831082,"City","SF","2025-02-27 00:41:30",7.2,"14","SE8-SF1_2025","Y","0.005673",0,81.75522781,13.90456787,6320.64621258,12988.93082,28553.2758
"1172",1.9,7.6,1,0,0,"Y","SE8","SE8_EVENT14_W_2025_SE8-SF1","SE8_EVENT14_W_2025","W","2025","D",1,-0.679064361831082,"City","SF","2025-02-27 00:44:48",7.2,"14","SE8-SF1_2025","N","0.005673",0,81.75522781,13.90456787,6320.64621258,12988.93082,28553.2758
"1173",1.9,7.6,1,0,0,"Y","SE8","SE8_EVENT14_W_2025_SE8-SF1","SE8_EVENT14_W_2025","W","2025","D",1,-0.679064361831082,"City","SF","2025-02-27 00:44:48",7.2,"14","SE8-SF1_2025","Y","0.005673",0,81.75522781,13.90456787,6320.64621258,12988.93082,28553.2758
"1174",20.499,65.382,2,0,1,"Y","SE8","SE8_EVENT15_A_2025_SE8-F1","SE8_EVENT15_A_2025","A","2025","L",3,-0.679064361831082,"City","F","2025-03-06 06:55:50",1.6,"15","SE8-F1_2025","N","0.005673",0,81.75522781,13.90456787,6320.64621258,12988.93082,28553.2758
"1175",2.067,11.35,1,0,0,"Y","SE8","SE8_EVENT15_A_2025_SE8-M1","SE8_EVENT15_A_2025","A","2025","L",3,-0.679064361831082,"City","M","2025-03-06 06:55:50",1.6,"15","SE8-M1_2025","N","0.005673",0,81.75522781,13.90456787,6320.64621258,12988.93082,28553.2758
"1176",0,0,NA,0,0,"Y","SE8","SE8_EVENT15_A_2025_SE8-M2","SE8_EVENT15_A_2025","A","2025","L",3,-0.679064361831082,"City","M","2025-03-06 06:55:50",1.6,"15","SE8-M2_2025","N","0.005673",0,81.75522781,13.90456787,6320.64621258,12988.93082,28553.2758
"1177",0.617,13.216,1,0,0,"Y","SE8","SE8_EVENT15_W_2025_SE8-F1","SE8_EVENT15_W_2025","W","2025","L",3,-0.679064361831082,"City","F","2025-03-06 06:59:32",1.6,"15","SE8-F1_2025","N","0.005673",0,81.75522781,13.90456787,6320.64621258,12988.93082,28553.2758
"1178",15.485,32.584,3,0,0,"Y","SE8","SE8_EVENT15_W_2025_SE8-M1","SE8_EVENT15_W_2025","W","2025","L",3,-0.679064361831082,"City","M","2025-03-06 06:59:32",1.6,"15","SE8-M1_2025","N","0.005673",0,81.75522781,13.90456787,6320.64621258,12988.93082,28553.2758
"1179",0,0,NA,0,0,"Y","SE8","SE8_EVENT15_W_2025_SE8-M2","SE8_EVENT15_W_2025","W","2025","L",3,-0.679064361831082,"City","M","2025-03-06 06:59:32",1.6,"15","SE8-M2_2025","N","0.005673",0,81.75522781,13.90456787,6320.64621258,12988.93082,28553.2758
"1180",0,0,NA,0,0,"Y","SE8","SE8_EVENT16_W_2025_SE8-F3","SE8_EVENT16_W_2025","W","2025","L",1,-0.679064361831082,"City","F","2025-03-10 09:36:26",-2.8,"16","SE8-F3_2025","Y","0.005673",0,81.75522781,13.90456787,6320.64621258,12988.93082,28553.2758
"1181",9.568,58.683,3,0,0,"Y","SE8","SE8_EVENT17_A_2025_SE8-F1","SE8_EVENT17_A_2025","A","2025","L",4,-0.679064361831082,"City","F","2025-03-21 08:31:38",2.1,"17","SE8-F1_2025","N","0.005673",0,81.75522781,13.90456787,6320.64621258,12988.93082,28553.2758
"1182",21.15,71.267,3,0,1,"Y","SE8","SE8_EVENT17_A_2025_SE8-M1","SE8_EVENT17_A_2025","A","2025","L",4,-0.679064361831082,"City","M","2025-03-21 08:31:38",2.1,"17","SE8-M1_2025","N","0.005673",0,81.75522781,13.90456787,6320.64621258,12988.93082,28553.2758
"1183",0,0,NA,0,0,"Y","SE8","SE8_EVENT17_A_2025_SE8-M2","SE8_EVENT17_A_2025","A","2025","L",4,-0.679064361831082,"City","M","2025-03-21 08:31:38",2.1,"17","SE8-M2_2025","N","0.005673",0,81.75522781,13.90456787,6320.64621258,12988.93082,28553.2758
"1184",0,34.665,NA,0,0,"Y","SE8","SE8_EVENT17_A_2025_SE8-SF1","SE8_EVENT17_A_2025","A","2025","L",4,-0.679064361831082,"City","SF","2025-03-21 08:31:38",2.1,"17","SE8-SF1_2025","N","0.005673",0,81.75522781,13.90456787,6320.64621258,12988.93082,28553.2758
"1185",0,34.665,NA,0,0,"Y","SE8","SE8_EVENT17_A_2025_SE8-SF1","SE8_EVENT17_A_2025","A","2025","L",4,-0.679064361831082,"City","SF","2025-03-21 08:31:38",2.1,"17","SE8-SF1_2025","Y","0.005673",0,81.75522781,13.90456787,6320.64621258,12988.93082,28553.2758
"1186",1.867,37.715,2,0,0,"Y","SE8","SE8_EVENT17_W_2025_SE8-F1","SE8_EVENT17_W_2025","W","2025","L",4,-0.679064361831082,"City","F","2025-03-21 08:36:56",2.1,"17","SE8-F1_2025","N","0.005673",0,81.75522781,13.90456787,6320.64621258,12988.93082,28553.2758
"1187",18.216,45.467,2,0,1,"Y","SE8","SE8_EVENT17_W_2025_SE8-M1","SE8_EVENT17_W_2025","W","2025","L",4,-0.679064361831082,"City","M","2025-03-21 08:36:56",2.1,"17","SE8-M1_2025","N","0.005673",0,81.75522781,13.90456787,6320.64621258,12988.93082,28553.2758
"1188",0,0,NA,0,0,"N","SE8","SE8_EVENT17_W_2025_SE8-M2","SE8_EVENT17_W_2025","W","2025","L",4,-0.679064361831082,"City","M","2025-03-21 08:36:56",2.1,"17","SE8-M2_2025","N","0.005673",0,81.75522781,13.90456787,6320.64621258,12988.93082,28553.2758
"1189",3.234,13.867,2,0,0,"Y","SE8","SE8_EVENT17_W_2025_SE8-SF1","SE8_EVENT17_W_2025","W","2025","L",4,-0.679064361831082,"City","SF","2025-03-21 08:36:56",2.1,"17","SE8-SF1_2025","N","0.005673",0,81.75522781,13.90456787,6320.64621258,12988.93082,28553.2758
"1190",3.234,13.867,2,0,0,"Y","SE8","SE8_EVENT17_W_2025_SE8-SF1","SE8_EVENT17_W_2025","W","2025","L",4,-0.679064361831082,"City","SF","2025-03-21 08:36:56",2.1,"17","SE8-SF1_2025","Y","0.005673",0,81.75522781,13.90456787,6320.64621258,12988.93082,28553.2758
"1191",0,0,NA,0,0,"N","SE8","SE8_EVENT18_W_2025_SE8-M2","SE8_EVENT18_W_2025","W","2025","L",1,-0.679064361831082,"City","M","2025-03-21 10:42:09",2.1,"18","SE8-M2_2025","N","0.005673",0,81.75522781,13.90456787,6320.64621258,12988.93082,28553.2758
"1192",0,9.524,NA,0,0,"Y","SE8","SE8_EVENT19_W_2025_SE8-M2","SE8_EVENT19_W_2025","W","2025","L",1,-0.679064361831082,"City","M","2025-03-28 06:09:30",-6.6,"19","SE8-M2_2025","N","0.005673",0,81.75522781,13.90456787,6320.64621258,12988.93082,28553.2758
"1193",32.499,137.949,4,0,1,"Y","SE8","SE8_EVENT1_A_2025_SE8-F1","SE8_EVENT1_A_2025","A","2025","L",1,-0.679064361831082,"City","F","2025-02-19 12:29:38",-21,"1","SE8-F1_2025","N","0.005673",0,81.75522781,13.90456787,6320.64621258,12988.93082,28553.2758
"1194",10.434,25.416,2,0,0,"Y","SE8","SE8_EVENT1_W_2025_SE8-F1","SE8_EVENT1_W_2025","W","2025","L",1,-0.679064361831082,"City","F","2025-02-19 12:37:30",-21,"1","SE8-F1_2025","N","0.005673",0,81.75522781,13.90456787,6320.64621258,12988.93082,28553.2758
"1195",0,2.716,NA,0,0,"Y","SE8","SE8_EVENT20_W_2025_SE8-F3","SE8_EVENT20_W_2025","W","2025","L",1,-0.679064361831082,"City","F","2025-03-29 11:19:24",-6.6,"20","SE8-F3_2025","Y","0.005673",0,81.75522781,13.90456787,6320.64621258,12988.93082,28553.2758
"1196",0,0,NA,0,0,"Y","SE8","SE8_EVENT21_W_2025_SE8-F3","SE8_EVENT21_W_2025","W","2025","D",1,-0.679064361831082,"City","F","2025-04-03 02:16:50",-2.9,"21","SE8-F3_2025","Y","0.005673",0,81.75522781,13.90456787,6320.64621258,12988.93082,28553.2758
"1197",0,0,NA,0,0,"N","SE8","SE8_EVENT2_A_2025_SE8-U1","SE8_EVENT2_A_2025","A","2025","D",2,-0.679064361831082,"City","U","2025-02-19 17:49:34",-21,"2","SE8-U1_2025","N","0.005673",0,81.75522781,13.90456787,6320.64621258,12988.93082,28553.2758
"1198",0,0,NA,0,0,"N","SE8","SE8_EVENT2_A_2025_SE8-U2","SE8_EVENT2_A_2025","A","2025","D",2,-0.679064361831082,"City","U","2025-02-19 17:49:34",-21,"2","SE8-U2_2025","N","0.005673",0,81.75522781,13.90456787,6320.64621258,12988.93082,28553.2758
"1199",0,1.267,NA,0,0,"Y","SE8","SE8_EVENT3_A_2025_SE8-F2","SE8_EVENT3_A_2025","A","2025","L",1,-0.679064361831082,"City","F","2025-02-21 11:53:09",1.3,"3","SE8-F2_2025","Y","0.005673",0,81.75522781,13.90456787,6320.64621258,12988.93082,28553.2758
"1200",0,0,NA,0,0,"N","SE8","SE8_EVENT3_W_2025_SE8-F2","SE8_EVENT3_W_2025","W","2025","L",1,-0.679064361831082,"City","F","2025-02-21 11:53:09",-4.5,"3","SE8-F2_2025","Y","0.005673",0,81.75522781,13.90456787,6320.64621258,12988.93082,28553.2758
"1201",0,0,NA,0,0,"N","SE8","SE8_EVENT4_A_2025_SE8-F2","SE8_EVENT4_A_2025","A","2025","L",1,-0.679064361831082,"City","F","2025-02-21 14:51:20",1.3,"4","SE8-F2_2025","Y","0.005673",0,81.75522781,13.90456787,6320.64621258,12988.93082,28553.2758
"1202",0,0,NA,0,0,"Y","SE8","SE8_EVENT5_W_2025_SE8-F2","SE8_EVENT5_W_2025","W","2025","L",1,-0.679064361831082,"City","F","2025-02-22 13:13:18",4.7,"5","SE8-F2_2025","Y","0.005673",0,81.75522781,13.90456787,6320.64621258,12988.93082,28553.2758
"1203",0,14.5,NA,0,0,"Y","SE8","SE8_EVENT6_W_2025_SE8-SM1","SE8_EVENT6_W_2025","W","2025","D",1,-0.679064361831082,"City","SM","2025-02-22 23:20:30",4.7,"6","SE8-SM1_2025","N","0.005673",0,81.75522781,13.90456787,6320.64621258,12988.93082,28553.2758
"1204",0,0,NA,0,0,"Y","SE8","SE8_EVENT7_W_2025_SE8-SM1","SE8_EVENT7_W_2025","W","2025","D",1,-0.679064361831082,"City","SM","2025-02-23 04:07:24",5.1,"7","SE8-SM1_2025","N","0.005673",0,81.75522781,13.90456787,6320.64621258,12988.93082,28553.2758
"1205",0,2.95,NA,0,0,"Y","SE8","SE8_EVENT8_A_2025_SE8-M1","SE8_EVENT8_A_2025","A","2025","L",1,-0.679064361831082,"City","M","2025-02-24 15:47:42",2.2,"8","SE8-M1_2025","N","0.005673",0,81.75522781,13.90456787,6320.64621258,12988.93082,28553.2758
"1206",0,0,NA,0,0,"N","SE8","SE8_EVENT8_W_2025_SE8-M1","SE8_EVENT8_W_2025","W","2025","L",1,-0.679064361831082,"City","M","2025-02-24 15:50:24",2.2,"8","SE8-M1_2025","N","0.005673",0,81.75522781,13.90456787,6320.64621258,12988.93082,28553.2758
"1207",6.017,19.275,2,0,0,"Y","SE8","SE8_EVENT9_A_2025_SE8-M1","SE8_EVENT9_A_2025","A","2025","D",1,-0.679064361831082,"City","M","2025-02-25 03:23:46",1.7,"9","SE8-M1_2025","N","0.005673",0,81.75522781,13.90456787,6320.64621258,12988.93082,28553.2758
"1208",2.484,6.15,1,0,0,"Y","SE8","SE8_EVENT9_W_2025_SE8-M1","SE8_EVENT9_W_2025","W","2025","D",1,-0.679064361831082,"City","M","2025-02-25 03:29:20",1.7,"9","SE8-M1_2025","N","0.005673",0,81.75522781,13.90456787,6320.64621258,12988.93082,28553.2758
"1209",0,1.483,NA,0,0,"Y","SE9","SE9_EVENT1_A_2025_SE9-SM1","SE9_EVENT1_A_2025","A","2025","D",1,1.85556869943316,"City","SM","2025-02-23 23:55:48",5.1,"1","SE9-SM1_2025","N","0.016001",4338.412846,86.96086895,1.306660306,3933.14441347,8487.883988,13746.29285
"1210",0,0,NA,0,0,"N","SE9","SE9_EVENT1_W_2025_SE9-SM1","SE9_EVENT1_W_2025","W","2025","D",1,1.85556869943316,"City","SM","2025-02-23 23:56:18",5.1,"1","SE9-SM1_2025","N","0.016001",4338.412846,86.96086895,1.306660306,3933.14441347,8487.883988,13746.29285
"1211",0,20.182,NA,0,0,"Y","SE9","SE9_EVENT2_A_2025_SE9-SF1","SE9_EVENT2_A_2025","A","2025","D",1,1.85556869943316,"City","SF","2025-02-25 01:34:10",1.7,"2","SE9-SF1_2025","Y","0.016001",4338.412846,86.96086895,1.306660306,3933.14441347,8487.883988,13746.29285
"1212",0,0,NA,0,0,"Y","SE9","SE9_EVENT2_W_2025_SE9-SF1","SE9_EVENT2_W_2025","W","2025","D",1,1.85556869943316,"City","SF","2025-02-25 01:39:24",1.7,"2","SE9-SF1_2025","Y","0.016001",4338.412846,86.96086895,1.306660306,3933.14441347,8487.883988,13746.29285
"1213",0,1.45,NA,0,0,"Y","SE9","SE9_EVENT3_W_2025_SE9-SM1","SE9_EVENT3_W_2025","W","2025","D",1,1.85556869943316,"City","SM","2025-03-10 02:47:44",-2.8,"3","SE9-SM1_2025","N","0.016001",4338.412846,86.96086895,1.306660306,3933.14441347,8487.883988,13746.29285
"1214",0,0,NA,0,0,"Y","SE9","SE9_EVENT4_W_2025_SE9-SM1","SE9_EVENT4_W_2025","W","2025","D",1,1.85556869943316,"City","SM","2025-03-22 01:04:40",3.3,"4","SE9-SM1_2025","N","0.016001",4338.412846,86.96086895,1.306660306,3933.14441347,8487.883988,13746.29285
"1215",0,0,NA,0,0,"Y","SE9","SE9_EVENT5_W_2025_SE9-SM2","SE9_EVENT5_W_2025","W","2025","D",1,1.85556869943316,"City","SM","2025-03-25 14:15:00",5.4,"5","SE9-SM2_2025","Y","0.016001",4338.412846,86.96086895,1.306660306,3933.14441347,8487.883988,13746.29285
"1216",0,2.384,NA,0,0,"Y","SW1","SW1_EVENT10_A_2024_SW1-M1","SW1_EVENT10_A_2024","A","2024","D",1,-0.879424347540935,"City","M"," 2024-03-21 19:52:14",-5.6,"10","SW1-M1_2024","N","0.012521",0,29.62498258,7.153303726,5911.38828964,14863.03563,34403.0004
"1217",0,6.816,NA,0,0,"Y","SW1","SW1_EVENT11_A_2024_SW1-SM1","SW1_EVENT11_A_2024","A","2024","D",1,-0.879424347540935,"City","SM"," 2024-03-22 00:07:34",-8.4,"11","SW1-SM1_2024","N","0.012521",0,29.62498258,7.153303726,5911.38828964,14863.03563,34403.0004
"1218",0,0,NA,0,0,"Y","SW1","SW1_EVENT12_W_2024_SW1-F1","SW1_EVENT12_W_2024","W","2024","L",1,-0.879424347540935,"City","F"," 2024-03-23 08:49:44",-6.3,"12","SW1-F1_2024","Y","0.012521",0,29.62498258,7.153303726,5911.38828964,14863.03563,34403.0004
"1219",0,0,NA,0,0,"Y","SW1","SW1_EVENT13_W_2024_SW1-U1","SW1_EVENT13_W_2024","W","2024","D",1,-0.879424347540935,"City","U"," 2024-03-23 20:53:18",-6.3,"13","SW1-U1_2024","N","0.012521",0,29.62498258,7.153303726,5911.38828964,14863.03563,34403.0004
"1220",0,2.05,NA,0,0,"Y","SW1","SW1_EVENT14_W_2024_SW1-M1","SW1_EVENT14_W_2024","W","2024","D",1,-0.879424347540935,"City","M"," 2024-03-24 01:38:58",-4.3,"14","SW1-M1_2024","N","0.012521",0,29.62498258,7.153303726,5911.38828964,14863.03563,34403.0004
"1221",0,0,NA,0,0,"N","SW1","SW1_EVENT15_A_2024_SW1-U1","SW1_EVENT15_A_2024","A","2024","D",1,-0.879424347540935,"City","U"," 2024-03-30 22:10:58",-3.2,"15","SW1-U1_2024","N","0.012521",0,29.62498258,7.153303726,5911.38828964,14863.03563,34403.0004
"1222",0,0,NA,1,0,"Y","SW1","SW1_EVENT1_W_2025_SW1-SM1","SW1_EVENT1_W_2025","W","2025","D",1,-0.879424347540935,"City","SM","2025-01-07 17:02:42",-5,"1","SW1-SM1_2025","N","0.012521",0,29.62498258,7.153303726,5911.38828964,14863.03563,34403.0004
"1223",0,0,NA,0,0,"Y","SW1","SW1_EVENT1_W_2024_SW1-SM1","SW1_EVENT1_W_2024","W","2024","D",1,-0.879424347540935,"City","SM"," 2024-03-06 17:53:48",-20.5,"1","SW1-SM1_2024","N","0.012521",0,29.62498258,7.153303726,5911.38828964,14863.03563,34403.0004
"1224",0,0.25,NA,0,0,"Y","SW1","SW1_EVENT2_W_2025_SW1-SF1","SW1_EVENT2_W_2025","W","2025","D",1,-0.879424347540935,"City","SF","2025-01-13 08:07:18",-0.8,"2","SW1-SF1_2025","N","0.012521",0,29.62498258,7.153303726,5911.38828964,14863.03563,34403.0004
"1225",0,1,NA,0,0,"Y","SW1","SW1_EVENT2_W_2024_SW1-SM1","SW1_EVENT2_W_2024","W","2024","D",1,-0.879424347540935,"City","SM"," 2024-03-07 23:37:34",-11.4,"2","SW1-SM1_2024","N","0.012521",0,29.62498258,7.153303726,5911.38828964,14863.03563,34403.0004
"1226",0,0,NA,0,0,"N","SW1","SW1_EVENT3_W_2025_SW1-SF1","SW1_EVENT3_W_2025","W","2025","D",4,-0.879424347540935,"City","SF","2025-01-22 07:49:28",-4.4,"3","SW1-SF1_2025","N","0.012521",0,29.62498258,7.153303726,5911.38828964,14863.03563,34403.0004
"1227",0,0,NA,0,0,"Y","SW1","SW1_EVENT3_W_2025_SW1-SM1","SW1_EVENT3_W_2025","W","2025","D",4,-0.879424347540935,"City","SM","2025-01-22 07:49:28",-4.4,"3","SW1-SM1_2025","N","0.012521",0,29.62498258,7.153303726,5911.38828964,14863.03563,34403.0004
"1228",0,0,NA,0,0,"N","SW1","SW1_EVENT3_W_2025_SW1-U1","SW1_EVENT3_W_2025","W","2025","D",4,-0.879424347540935,"City","U","2025-01-22 07:49:28",-4.4,"3","SW1-U1_2025","N","0.012521",0,29.62498258,7.153303726,5911.38828964,14863.03563,34403.0004
"1229",0,0,NA,0,0,"Y","SW1","SW1_EVENT3_W_2025_SW1-U2","SW1_EVENT3_W_2025","W","2025","D",4,-0.879424347540935,"City","U","2025-01-22 07:49:28",-4.4,"3","SW1-U2_2025","N","0.012521",0,29.62498258,7.153303726,5911.38828964,14863.03563,34403.0004
"1230",0,9.899,NA,0,0,"Y","SW1","SW1_EVENT3_W_2024_SW1-SM1","SW1_EVENT3_W_2024","W","2024","D",1,-0.879424347540935,"City","SM"," 2024-03-09 00:24:38",1.1,"3","SW1-SM1_2024","N","0.012521",0,29.62498258,7.153303726,5911.38828964,14863.03563,34403.0004
"1231",0,0.667,NA,0,0,"Y","SW1","SW1_EVENT4_A_2025_SW1-SM1","SW1_EVENT4_A_2025","A","2025","D",1,-0.879424347540935,"City","SM","2025-01-31 06:55:48",-12.5,"4","SW1-SM1_2025","N","0.012521",0,29.62498258,7.153303726,5911.38828964,14863.03563,34403.0004
"1232",0,0,NA,0,0,"Y","SW1","SW1_EVENT4_W_2024_SW1-SM1","SW1_EVENT4_W_2024","W","2024","D",1,-0.879424347540935,"City","SM"," 2024-03-12 04:26:26",1.1,"4","SW1-SM1_2024","N","0.012521",0,29.62498258,7.153303726,5911.38828964,14863.03563,34403.0004
"1233",0,0,NA,0,0,"Y","SW1","SW1_EVENT5_W_2025_SW1-SM1","SW1_EVENT5_W_2025","W","2025","D",1,-0.879424347540935,"City","SM","2025-01-31 22:50:36",-12.5,"5","SW1-SM1_2025","N","0.012521",0,29.62498258,7.153303726,5911.38828964,14863.03563,34403.0004
"1234",0,0,NA,1,0,"N","SW1","SW1_EVENT5_A_2024_SW1-U1","SW1_EVENT5_A_2024","A","2024","D",1,-0.879424347540935,"City","U"," 2024-03-13 06:19:10",0.7,"5","SW1-U1_2024","N","0.012521",0,29.62498258,7.153303726,5911.38828964,14863.03563,34403.0004
"1235",0,0,NA,0,0,"Y","SW1","SW1_EVENT6_A_2025_SW1-U1","SW1_EVENT6_A_2025","A","2025","D",1,-0.879424347540935,"City","U","2025-02-04 22:59:18",-23.9,"6","SW1-U1_2025","N","0.012521",0,29.62498258,7.153303726,5911.38828964,14863.03563,34403.0004
"1236",0,0,NA,0,0,"Y","SW1","SW1_EVENT6_W_2024_SW1-SM1","SW1_EVENT6_W_2024","W","2024","D",1,-0.879424347540935,"City","SM"," 2024-03-14 19:13:56",4,"6","SW1-SM1_2024","N","0.012521",0,29.62498258,7.153303726,5911.38828964,14863.03563,34403.0004
"1237",0,0,NA,0,0,"N","SW1","SW1_EVENT7_W_2025_SW1-SF1","SW1_EVENT7_W_2025","W","2025","L",1,-0.879424347540935,"City","SF","2025-02-14 12:48:48",-18.4,"7","SW1-SF1_2025","N","0.012521",0,29.62498258,7.153303726,5911.38828964,14863.03563,34403.0004
"1238",0,0,NA,0,0,"Y","SW1","SW1_EVENT7_W_2024_SW1-SM1","SW1_EVENT7_W_2024","W","2024","D",1,-0.879424347540935,"City","SM"," 2024-03-19 19:15:06",-0.3,"7","SW1-SM1_2024","N","0.012521",0,29.62498258,7.153303726,5911.38828964,14863.03563,34403.0004
"1239",0,0,NA,0,0,"Y","SW1","SW1_EVENT8_W_2024_SW1-SF1","SW1_EVENT8_W_2024","W","2024","D",1,-0.879424347540935,"City","SF"," 2024-03-20 19:42:58",-5.5,"8","SW1-SF1_2024","N","0.012521",0,29.62498258,7.153303726,5911.38828964,14863.03563,34403.0004
"1240",0,5.984,NA,0,0,"Y","SW1","SW1_EVENT9_W_2024_SW1-SF1","SW1_EVENT9_W_2024","W","2024","D",1,-0.879424347540935,"City","SF"," 2024-03-21 05:15:58",-5.6,"9","SW1-SF1_2024","N","0.012521",0,29.62498258,7.153303726,5911.38828964,14863.03563,34403.0004
"1241",0,3.151,NA,0,0,"Y","SW2","SW2_EVENT10_W_2025_SW2-SF3","SW2_EVENT10_W_2025","W","2025","D",1,-0.382555686740585,"City","SF","2025-01-22 18:17:30",-4.4,"10","SW2-SF3_2025","N","0.010304",2025.764736,90.99682686,0.078216067,7750.22481673,13853.79906,16827.0839
"1242",0,0,NA,0,0,"N","SW2","SW2_EVENT11_A_2025_SW2-SM1","SW2_EVENT11_A_2025","A","2025","D",1,-0.382555686740585,"City","SM","2025-01-28 05:47:44",3.5,"11","SW2-SM1_2025","Y","0.010304",2025.764736,90.99682686,0.078216067,7750.22481673,13853.79906,16827.0839
"1243",0,0,NA,0,0,"N","SW2","SW2_EVENT12_A_2025_SW2-SF3","SW2_EVENT12_A_2025","A","2025","L",1,-0.382555686740585,"City","SF","2025-02-03 10:52:16",-26.8,"12","SW2-SF3_2025","N","0.010304",2025.764736,90.99682686,0.078216067,7750.22481673,13853.79906,16827.0839
"1244",0,0,NA,0,0,"N","SW2","SW2_EVENT13_A_2025_SW2-SF2","SW2_EVENT13_A_2025","A","2025","L",2,-0.382555686740585,"City","SF","2025-02-03 15:17:46",-26.8,"13","SW2-SF2_2025","N","0.010304",2025.764736,90.99682686,0.078216067,7750.22481673,13853.79906,16827.0839
"1245",0,0,NA,0,0,"N","SW2","SW2_EVENT13_A_2025_SW2-SF3","SW2_EVENT13_A_2025","A","2025","L",2,-0.382555686740585,"City","SF","2025-02-03 15:17:46",-26.8,"13","SW2-SF3_2025","N","0.010304",2025.764736,90.99682686,0.078216067,7750.22481673,13853.79906,16827.0839
"1246",0,0,NA,0,0,"N","SW2","SW2_EVENT13_A_2025_SW3-M1","SW2_EVENT13_A_2025","A","2025","L",2,-0.382555686740585,"City","M","2025-02-03 15:17:46",-26.8,"13","SW3-M1_2025","N","0.010304",2025.764736,90.99682686,0.078216067,7750.22481673,13853.79906,16827.0839
"1247",0,0,NA,0,0,"Y","SW2","SW2_EVENT14_A_2025_SW2-SF2","SW2_EVENT14_A_2025","A","2025","D",1,-0.382555686740585,"City","SF","2025-02-06 02:36:48",-12.8,"14","SW2-SF2_2025","N","0.010304",2025.764736,90.99682686,0.078216067,7750.22481673,13853.79906,16827.0839
"1248",0,0,NA,0,0,"Y","SW2","SW2_EVENT15_A_2025_SW2-M1","SW2_EVENT15_A_2025","A","2025","D",1,-0.382555686740585,"City","M","2025-02-06 23:40:12",-12.8,"15","SW2-M1_2025","N","0.010304",2025.764736,90.99682686,0.078216067,7750.22481673,13853.79906,16827.0839
"1249",0,0,NA,0,0,"Y","SW2","SW2_EVENT16_A_2025_SW2-SF2","SW2_EVENT16_A_2025","A","2025","D",1,-0.382555686740585,"City","SF","2025-02-07 01:14:38",-13.9,"16","SW2-SF2_2025","N","0.010304",2025.764736,90.99682686,0.078216067,7750.22481673,13853.79906,16827.0839
"1250",0,0,NA,0,0,"Y","SW2","SW2_EVENT17_A_2025_SW2-SF1","SW2_EVENT17_A_2025","A","2025","L",1,-0.382555686740585,"City","SF","2025-02-07 15:49:34",-13.9,"17","SW2-SF1_2025","N","0.010304",2025.764736,90.99682686,0.078216067,7750.22481673,13853.79906,16827.0839
"1251",0.55,13.541,1,0,0,"Y","SW2","SW2_EVENT18_A_2025_SW2-SM1","SW2_EVENT18_A_2025","A","2025","D",1,-0.382555686740585,"City","SM","2025-02-09 22:37:54",-19.2,"18","SW2-SM1_2025","Y","0.010304",2025.764736,90.99682686,0.078216067,7750.22481673,13853.79906,16827.0839
"1252",0,0,NA,0,0,"N","SW2","SW2_EVENT18_W_2025_SW2-SM1","SW2_EVENT18_W_2025","W","2025","D",1,-0.382555686740585,"City","SM","2025-02-09 22:40:19",-19.2,"18","SW2-SM1_2025","Y","0.010304",2025.764736,90.99682686,0.078216067,7750.22481673,13853.79906,16827.0839
"1253",0,0,NA,0,0,"Y","SW2","SW2_EVENT1_A_2025_SW2-SF3","SW2_EVENT1_A_2025","A","2025","D",1,-0.382555686740585,"City","SF","2025-01-04 06:48:39",-16.6,"1","SW2-SF3_2025","N","0.010304",2025.764736,90.99682686,0.078216067,7750.22481673,13853.79906,16827.0839
"1254",0,0,NA,0,0,"Y","SW2","SW2_EVENT1_W_2024_SW2-SF1","SW2_EVENT1_W_2024","W","2024","L",1,-0.382555686740585,"City","SF"," 2024-03-06 15:39:46",-20.5,"1","SW2-SF1_2024","N","0.010304",2025.764736,90.99682686,0.078216067,7750.22481673,13853.79906,16827.0839
"1255",0,0,NA,0,0,"N","SW2","SW2_EVENT2_A_2025_SW2-M1","SW2_EVENT2_A_2025","A","2025","D",3,-0.382555686740585,"City","M","2025-01-07 19:26:32",-5,"2","SW2-M1_2025","N","0.010304",2025.764736,90.99682686,0.078216067,7750.22481673,13853.79906,16827.0839
"1256",0,0,NA,0,0,"N","SW2","SW2_EVENT2_A_2025_SW2-SF2","SW2_EVENT2_A_2025","A","2025","D",3,-0.382555686740585,"City","SF","2025-01-07 19:26:32",-5,"2","SW2-SF2_2025","N","0.010304",2025.764736,90.99682686,0.078216067,7750.22481673,13853.79906,16827.0839
"1257",0,0,NA,0,0,"N","SW2","SW2_EVENT2_A_2025_SW2-SF3","SW2_EVENT2_A_2025","A","2025","D",3,-0.382555686740585,"City","SF","2025-01-07 19:26:32",-5,"2","SW2-SF3_2025","N","0.010304",2025.764736,90.99682686,0.078216067,7750.22481673,13853.79906,16827.0839
"1258",0,0,NA,0,0,"N","SW2","SW2_EVENT2_W_2024_SW2-SF1","SW2_EVENT2_W_2024","W","2024","L",1,-0.382555686740585,"City","SF"," 2024-03-06 15:49:42",-20.5,"2","SW2-SF1_2024","N","0.010304",2025.764736,90.99682686,0.078216067,7750.22481673,13853.79906,16827.0839
"1259",0,0,NA,1,0,"Y","SW2","SW2_EVENT3_A_2025_SW2-SF1","SW2_EVENT3_A_2025","A","2025","D",1,-0.382555686740585,"City","SF","2025-01-08 05:11:22",0.9,"3","SW2-SF1_2025","N","0.010304",2025.764736,90.99682686,0.078216067,7750.22481673,13853.79906,16827.0839
"1260",0,0,NA,0,0,"Y","SW2","SW2_EVENT3_A_2024_SW2-SF1","SW2_EVENT3_A_2024","A","2024","D",1,-0.382555686740585,"City","SF"," 2024-03-20 03:05:36",-5.5,"3","SW2-SF1_2024","N","0.010304",2025.764736,90.99682686,0.078216067,7750.22481673,13853.79906,16827.0839
"1261",0,0,NA,0,0,"Y","SW2","SW2_EVENT4_A_2025_SW2-SF2","SW2_EVENT4_A_2025","A","2025","D",1,-0.382555686740585,"City","SF","2025-01-08 22:51:16",0.9,"4","SW2-SF2_2025","N","0.010304",2025.764736,90.99682686,0.078216067,7750.22481673,13853.79906,16827.0839
"1262",0,0,NA,0,0,"N","SW2","SW2_EVENT4_A_2024_SW2-U1","SW2_EVENT4_A_2024","A","2024","D",1,-0.382555686740585,"City","U"," 2024-03-20 23:10:32",-5.5,"4","SW2-U1_2024","N","0.010304",2025.764736,90.99682686,0.078216067,7750.22481673,13853.79906,16827.0839
"1263",0,0,NA,0,0,"Y","SW2","SW2_EVENT5_A_2025_SW2-SM1","SW2_EVENT5_A_2025","A","2025","D",1,-0.382555686740585,"City","SM","2025-01-16 06:10:22",-1.4,"5","SW2-SM1_2025","Y","0.010304",2025.764736,90.99682686,0.078216067,7750.22481673,13853.79906,16827.0839
"1264",0,2.517,NA,0,0,"Y","SW2","SW2_EVENT5_A_2024_SW2-F1","SW2_EVENT5_A_2024","A","2024","L",1,-0.382555686740585,"City","F"," 2024-03-22 10:23:30",-8.4,"5","SW2-F1_2024","N","0.010304",2025.764736,90.99682686,0.078216067,7750.22481673,13853.79906,16827.0839
"1265",1.017,10.716,1,0,0,"Y","SW2","SW2_EVENT5_W_2024_SW2-F1","SW2_EVENT5_W_2024","W","2024","L",1,-0.382555686740585,"City","F"," 2024-03-22 10:22:02",-8.4,"5","SW2-F1_2024","N","0.010304",2025.764736,90.99682686,0.078216067,7750.22481673,13853.79906,16827.0839
"1266",2.366,7.466,2,0,0,"Y","SW2","SW2_EVENT6_W_2025_SW2-SM1","SW2_EVENT6_W_2025","W","2025","D",1,-0.382555686740585,"City","SM","2025-01-17 00:56:08",-11.6,"6","SW2-SM1_2025","Y","0.010304",2025.764736,90.99682686,0.078216067,7750.22481673,13853.79906,16827.0839
"1267",0,0,NA,0,0,"Y","SW2","SW2_EVENT6_A_2024_SW2-M1","SW2_EVENT6_A_2024","A","2024","D",1,-0.382555686740585,"City","M"," 2024-03-26 00:17:18",-3.3,"6","SW2-M1_2024","Y","0.010304",2025.764736,90.99682686,0.078216067,7750.22481673,13853.79906,16827.0839
"1268",0,0,NA,0,0,"Y","SW2","SW2_EVENT6_W_2024_SW2-M1","SW2_EVENT6_W_2024","W","2024","D",1,-0.382555686740585,"City","M"," 2024-03-26 00:17:02",-3.3,"6","SW2-M1_2024","Y","0.010304",2025.764736,90.99682686,0.078216067,7750.22481673,13853.79906,16827.0839
"1269",0,0,NA,0,0,"N","SW2","SW2_EVENT7_A_2025_SW2-SF2","SW2_EVENT7_A_2025","A","2025","D",1,-0.382555686740585,"City","SF","2025-01-19 18:01:36",-23.5,"7","SW2-SF2_2025","N","0.010304",2025.764736,90.99682686,0.078216067,7750.22481673,13853.79906,16827.0839
"1270",0,0,NA,0,0,"N","SW2","SW2_EVENT7_W_2024_SW2-U2","SW2_EVENT7_W_2024","W","2024","D",1,-0.382555686740585,"City","U"," 2024-03-27 20:20:08",3.1,"7","SW2-U2_2024","N","0.010304",2025.764736,90.99682686,0.078216067,7750.22481673,13853.79906,16827.0839
"1271",0,0,NA,0,0,"Y","SW2","SW2_EVENT8_A_2025_SW2-M1","SW2_EVENT8_A_2025","A","2025","L",2,-0.382555686740585,"City","M","2025-01-20 11:47:52",-13.6,"8","SW2-M1_2025","N","0.010304",2025.764736,90.99682686,0.078216067,7750.22481673,13853.79906,16827.0839
"1272",0,0,NA,0,0,"Y","SW2","SW2_EVENT8_A_2025_SW2-SF3","SW2_EVENT8_A_2025","A","2025","L",2,-0.382555686740585,"City","SF","2025-01-20 11:47:52",-13.6,"8","SW2-SF3_2025","N","0.010304",2025.764736,90.99682686,0.078216067,7750.22481673,13853.79906,16827.0839
"1273",0,0,NA,0,0,"Y","SW2","SW2_EVENT8_W_2024_SW2-F1","SW2_EVENT8_W_2024","W","2024","D",2,-0.382555686740585,"City","F"," 2024-03-29 02:09:24",-4.9,"8","SW2-F1_2024","N","0.010304",2025.764736,90.99682686,0.078216067,7750.22481673,13853.79906,16827.0839
"1274",0,0,NA,0,0,"N","SW2","SW2_EVENT8_W_2024_SW2-M1","SW2_EVENT8_W_2024","W","2024","D",2,-0.382555686740585,"City","M"," 2024-03-29 02:09:24",-4.9,"8","SW2-M1_2024","Y","0.010304",2025.764736,90.99682686,0.078216067,7750.22481673,13853.79906,16827.0839
"1275",0,0,NA,0,0,"Y","SW2","SW2_EVENT9_A_2025_SW2-SF3","SW2_EVENT9_A_2025","A","2025","D",1,-0.382555686740585,"City","SF","2025-01-20 17:25:48",-13.6,"9","SW2-SF3_2025","N","0.010304",2025.764736,90.99682686,0.078216067,7750.22481673,13853.79906,16827.0839
"1276",0,0,NA,0,0,"N","SW2","SW2_EVENT9_W_2024_SW2-U2","SW2_EVENT9_W_2024","W","2024","D",1,-0.382555686740585,"City","U"," 2024-03-30 05:38:52",-3.2,"9","SW2-U2_2024","N","0.010304",2025.764736,90.99682686,0.078216067,7750.22481673,13853.79906,16827.0839
"1277",0,2.716,NA,0,0,"Y","SW3","SW3_EVENT100_W_2025_SW3-SM1","SW3_EVENT100_W_2025","W","2025","D",1,-0.273941217656263,"City","SM","2025-02-02 02:19:36",-24.9,"100","SW3-SM1_2025","Y","0.014958",1794.625438,90.49296595,9.507042716,5608.27949983,10919.86598,32257.009
"1278",0,0,NA,1,0,"Y","SW3","SW3_EVENT101_W_2025_SW3-SF2","SW3_EVENT101_W_2025","W","2025","L",1,-0.273941217656263,"City","SF","2025-02-02 10:41:20",-24.9,"101","SW3-SF2_2025","Y","0.014958",1794.625438,90.49296595,9.507042716,5608.27949983,10919.86598,32257.009
"1279",0,0,NA,0,0,"N","SW3","SW3_EVENT102_W_2025_SW3-SF2","SW3_EVENT102_W_2025","W","2025","L",1,-0.273941217656263,"City","SF","2025-02-02 12:27:28",-24.9,"102","SW3-SF2_2025","Y","0.014958",1794.625438,90.49296595,9.507042716,5608.27949983,10919.86598,32257.009
"1280",0,0,NA,0,0,"Y","SW3","SW3_EVENT103_W_2025_SW3-SF1","SW3_EVENT103_W_2025","W","2025","L",1,-0.273941217656263,"City","SF","2025-02-02 12:49:18",-24.9,"103","SW3-SF1_2025","Y","0.014958",1794.625438,90.49296595,9.507042716,5608.27949983,10919.86598,32257.009
"1281",0,0,NA,1,0,"Y","SW3","SW3_EVENT104_W_2025_SW3-SF2","SW3_EVENT104_W_2025","W","2025","L",1,-0.273941217656263,"City","SF","2025-02-02 16:16:48",-24.9,"104","SW3-SF2_2025","Y","0.014958",1794.625438,90.49296595,9.507042716,5608.27949983,10919.86598,32257.009
"1282",0,0,NA,0,0,"Y","SW3","SW3_EVENT105_W_2025_SW3-SF1","SW3_EVENT105_W_2025","W","2025","D",1,-0.273941217656263,"City","SF","2025-02-02 18:11:32",-24.9,"105","SW3-SF1_2025","Y","0.014958",1794.625438,90.49296595,9.507042716,5608.27949983,10919.86598,32257.009
"1283",0,0,NA,0,0,"N","SW3","SW3_EVENT106_A_2025_SW3-SF1","SW3_EVENT106_A_2025","A","2025","D",1,-0.273941217656263,"City","SF","2025-02-03 00:25:04",-26.8,"106","SW3-SF1_2025","Y","0.014958",1794.625438,90.49296595,9.507042716,5608.27949983,10919.86598,32257.009
"1284",0,0,NA,0,0,"Y","SW3","SW3_EVENT106_W_2025_SW3-SF1","SW3_EVENT106_W_2025","W","2025","D",1,-0.273941217656263,"City","SF","2025-02-03 00:24:08",-26.8,"106","SW3-SF1_2025","Y","0.014958",1794.625438,90.49296595,9.507042716,5608.27949983,10919.86598,32257.009
"1285",0,0,NA,0,0,"Y","SW3","SW3_EVENT107_W_2025_SW3-SF1","SW3_EVENT107_W_2025","W","2025","D",1,-0.273941217656263,"City","SF","2025-02-03 19:35:02",-26.8,"107","SW3-SF1_2025","Y","0.014958",1794.625438,90.49296595,9.507042716,5608.27949983,10919.86598,32257.009
"1286",0,1.567,NA,0,0,"Y","SW3","SW3_EVENT108_A_2025_SW3-SF2","SW3_EVENT108_A_2025","A","2025","L",1,-0.273941217656263,"City","SF","2025-02-04 12:09:34",-23.9,"108","SW3-SF2_2025","Y","0.014958",1794.625438,90.49296595,9.507042716,5608.27949983,10919.86598,32257.009
"1287",0,0,NA,0,0,"Y","SW3","SW3_EVENT108_W_2025_SW3-SF2","SW3_EVENT108_W_2025","W","2025","L",1,-0.273941217656263,"City","SF","2025-02-04 12:09:04",-23.9,"108","SW3-SF2_2025","Y","0.014958",1794.625438,90.49296595,9.507042716,5608.27949983,10919.86598,32257.009
"1288",0,0,NA,1,0,"Y","SW3","SW3_EVENT109_A_2025_SW3-SF2","SW3_EVENT109_A_2025","A","2025","L",1,-0.273941217656263,"City","SF","2025-02-04 12:39:06",-23.9,"109","SW3-SF2_2025","Y","0.014958",1794.625438,90.49296595,9.507042716,5608.27949983,10919.86598,32257.009
"1289",0,41.301,NA,1,0,"Y","SW3","SW3_EVENT10_A_2025_SW3-SF1","SW3_EVENT10_A_2025","A","2025","D",1,-0.273941217656263,"City","SF","2025-01-03 22:29:44",-20.1,"10","SW3-SF1_2025","Y","0.014958",1794.625438,90.49296595,9.507042716,5608.27949983,10919.86598,32257.009
"1290",0,0,NA,0,0,"Y","SW3","SW3_EVENT10_W_2025_SW3-SF1","SW3_EVENT10_W_2025","W","2025","D",1,-0.273941217656263,"City","SF","2025-01-03 22:35:42",-20.1,"10","SW3-SF1_2025","Y","0.014958",1794.625438,90.49296595,9.507042716,5608.27949983,10919.86598,32257.009
"1291",0,0,NA,0,0,"Y","SW3","SW3_EVENT10_A_2024_SW3-F1","SW3_EVENT10_A_2024","A","2024","D",2,-0.273941217656263,"City","F"," 2024-03-26 01:03:38",-3.3,"10","SW3-F1_2024","N","0.014958",1794.625438,90.49296595,9.507042716,5608.27949983,10919.86598,32257.009
"1292",0,0,NA,0,0,"N","SW3","SW3_EVENT10_A_2024_SW3-M1","SW3_EVENT10_A_2024","A","2024","D",2,-0.273941217656263,"City","M"," 2024-03-26 01:03:38",-3.3,"10","SW3-M1_2024","N","0.014958",1794.625438,90.49296595,9.507042716,5608.27949983,10919.86598,32257.009
"1293",0,0,NA,0,0,"Y","SW3","SW3_EVENT10_W_2024_SW3-F1","SW3_EVENT10_W_2024","W","2024","D",2,-0.273941217656263,"City","F"," 2024-03-26 01:04:20",-3.3,"10","SW3-F1_2024","N","0.014958",1794.625438,90.49296595,9.507042716,5608.27949983,10919.86598,32257.009
"1294",1.1,2.6,1,0,0,"Y","SW3","SW3_EVENT10_W_2024_SW3-M1","SW3_EVENT10_W_2024","W","2024","D",2,-0.273941217656263,"City","M"," 2024-03-26 01:04:20",-3.3,"10","SW3-M1_2024","N","0.014958",1794.625438,90.49296595,9.507042716,5608.27949983,10919.86598,32257.009
"1295",0,0,NA,0,0,"Y","SW3","SW3_EVENT110_A_2025_SW3-SF2","SW3_EVENT110_A_2025","A","2025","L",1,-0.273941217656263,"City","SF","2025-02-04 15:30:04",-23.9,"110","SW3-SF2_2025","Y","0.014958",1794.625438,90.49296595,9.507042716,5608.27949983,10919.86598,32257.009
"1296",0,1.867,NA,0,0,"Y","SW3","SW3_EVENT111_A_2025_SW3-SM1","SW3_EVENT111_A_2025","A","2025","D",1,-0.273941217656263,"City","SM","2025-02-06 00:24:02",-12.8,"111","SW3-SM1_2025","Y","0.014958",1794.625438,90.49296595,9.507042716,5608.27949983,10919.86598,32257.009
"1297",0,0,NA,0,0,"Y","SW3","SW3_EVENT111_W_2025_SW3-SM1","SW3_EVENT111_W_2025","W","2025","D",1,-0.273941217656263,"City","SM","2025-02-06 00:24:26",-12.8,"111","SW3-SM1_2025","Y","0.014958",1794.625438,90.49296595,9.507042716,5608.27949983,10919.86598,32257.009
"1298",0,0,NA,0,0,"Y","SW3","SW3_EVENT112_A_2025_SW3-M1","SW3_EVENT112_A_2025","A","2025","D",1,-0.273941217656263,"City","M","2025-02-06 01:24:47",-12.8,"112","SW3-M1_2025","N","0.014958",1794.625438,90.49296595,9.507042716,5608.27949983,10919.86598,32257.009
"1299",0,0,NA,0,0,"N","SW3","SW3_EVENT113_W_2025_SW3-M1","SW3_EVENT113_W_2025","W","2025","D",1,-0.273941217656263,"City","M","2025-02-06 05:32:56",-12.8,"113","SW3-M1_2025","N","0.014958",1794.625438,90.49296595,9.507042716,5608.27949983,10919.86598,32257.009
"1300",0,0,NA,0,0,"Y","SW3","SW3_EVENT114_A_2025_SW3-M1","SW3_EVENT114_A_2025","A","2025","L",1,-0.273941217656263,"City","M","2025-02-06 08:17:18",-12.8,"114","SW3-M1_2025","N","0.014958",1794.625438,90.49296595,9.507042716,5608.27949983,10919.86598,32257.009
"1301",0,0.434,NA,0,0,"Y","SW3","SW3_EVENT115_A_2025_SW3-M1","SW3_EVENT115_A_2025","A","2025","L",1,-0.273941217656263,"City","M","2025-02-06 16:33:52",-12.8,"115","SW3-M1_2025","N","0.014958",1794.625438,90.49296595,9.507042716,5608.27949983,10919.86598,32257.009
"1302",0.783,11.516,1,0,0,"Y","SW3","SW3_EVENT115_W_2025_SW3-M1","SW3_EVENT115_W_2025","W","2025","L",1,-0.273941217656263,"City","M","2025-02-06 16:32:42",-12.8,"115","SW3-M1_2025","N","0.014958",1794.625438,90.49296595,9.507042716,5608.27949983,10919.86598,32257.009
"1303",0,0,NA,1,0,"N","SW3","SW3_EVENT116_W_2025_SW3-F1","SW3_EVENT116_W_2025","W","2025","D",2,-0.273941217656263,"City","F","2025-02-06 19:10:36",-12.8,"116","SW3-F1_2025","N","0.014958",1794.625438,90.49296595,9.507042716,5608.27949983,10919.86598,32257.009
"1304",0,0,NA,1,0,"N","SW3","SW3_EVENT116_W_2025_SW3-M1","SW3_EVENT116_W_2025","W","2025","D",2,-0.273941217656263,"City","M","2025-02-06 19:10:36",-12.8,"116","SW3-M1_2025","N","0.014958",1794.625438,90.49296595,9.507042716,5608.27949983,10919.86598,32257.009
"1305",0,11.799,NA,0,0,"Y","SW3","SW3_EVENT117_A_2025_SW3-F1","SW3_EVENT117_A_2025","A","2025","D",2,-0.273941217656263,"City","F","2025-02-07 00:37:26",-13.9,"117","SW3-F1_2025","N","0.014958",1794.625438,90.49296595,9.507042716,5608.27949983,10919.86598,32257.009
"1306",0,0,NA,1,0,"N","SW3","SW3_EVENT117_A_2025_SW3-M1","SW3_EVENT117_A_2025","A","2025","D",2,-0.273941217656263,"City","M","2025-02-07 00:37:26",-13.9,"117","SW3-M1_2025","N","0.014958",1794.625438,90.49296595,9.507042716,5608.27949983,10919.86598,32257.009
"1307",0,0,NA,0,0,"Y","SW3","SW3_EVENT117_W_2025_SW3-F1","SW3_EVENT117_W_2025","W","2025","D",2,-0.273941217656263,"City","F","2025-02-07 00:37:24",-13.9,"117","SW3-F1_2025","N","0.014958",1794.625438,90.49296595,9.507042716,5608.27949983,10919.86598,32257.009
"1308",0,0,NA,0,0,"N","SW3","SW3_EVENT117_W_2025_SW3-M1","SW3_EVENT117_W_2025","W","2025","D",2,-0.273941217656263,"City","M","2025-02-07 00:37:24",-13.9,"117","SW3-M1_2025","N","0.014958",1794.625438,90.49296595,9.507042716,5608.27949983,10919.86598,32257.009
"1309",0,0,NA,0,0,"Y","SW3","SW3_EVENT118_W_2025_SW3-SF1","SW3_EVENT118_W_2025","W","2025","D",1,-0.273941217656263,"City","SF","2025-02-07 04:46:52",-13.9,"118","SW3-SF1_2025","Y","0.014958",1794.625438,90.49296595,9.507042716,5608.27949983,10919.86598,32257.009
"1310",0,1,NA,0,0,"Y","SW3","SW3_EVENT119_A_2025_SW3-F1","SW3_EVENT119_A_2025","A","2025","D",1,-0.273941217656263,"City","F","2025-02-07 07:03:48",-13.9,"119","SW3-F1_2025","N","0.014958",1794.625438,90.49296595,9.507042716,5608.27949983,10919.86598,32257.009
"1311",0,0,NA,0,0,"Y","SW3","SW3_EVENT119_W_2025_SW3-F1","SW3_EVENT119_W_2025","W","2025","D",1,-0.273941217656263,"City","F","2025-02-07 07:02:48",-13.9,"119","SW3-F1_2025","N","0.014958",1794.625438,90.49296595,9.507042716,5608.27949983,10919.86598,32257.009
"1312",0,0.6,NA,0,0,"Y","SW3","SW3_EVENT11_W_2025_SW3-M1","SW3_EVENT11_W_2025","W","2025","D",1,-0.273941217656263,"City","M","2025-01-04 00:10:46",-16.6,"11","SW3-M1_2025","N","0.014958",1794.625438,90.49296595,9.507042716,5608.27949983,10919.86598,32257.009
"1313",0,0,NA,0,0,"Y","SW3","SW3_EVENT11_A_2024_SW3-M1","SW3_EVENT11_A_2024","A","2024","L",1,-0.273941217656263,"City","M"," 2024-03-28 17:40:00",-3.7,"11","SW3-M1_2024","N","0.014958",1794.625438,90.49296595,9.507042716,5608.27949983,10919.86598,32257.009
"1314",0,0,NA,0,0,"N","SW3","SW3_EVENT120_W_2025_SW3-U3","SW3_EVENT120_W_2025","W","2025","L",1,-0.273941217656263,"City","U","2025-02-07 14:49:57",-13.9,"120","SW3-U3_2025","N","0.014958",1794.625438,90.49296595,9.507042716,5608.27949983,10919.86598,32257.009
"1315",0,0,NA,0,0,"Y","SW3","SW3_EVENT121_W_2025_SW3-F1","SW3_EVENT121_W_2025","W","2025","D",3,-0.273941217656263,"City","F","2025-02-08 18:55:32",-14.3,"121","SW3-F1_2025","N","0.014958",1794.625438,90.49296595,9.507042716,5608.27949983,10919.86598,32257.009
"1316",0,0,NA,0,0,"Y","SW3","SW3_EVENT121_W_2025_SW3-M1","SW3_EVENT121_W_2025","W","2025","D",3,-0.273941217656263,"City","M","2025-02-08 18:55:32",-14.3,"121","SW3-M1_2025","N","0.014958",1794.625438,90.49296595,9.507042716,5608.27949983,10919.86598,32257.009
"1317",0,0,NA,0,0,"Y","SW3","SW3_EVENT121_W_2025_SW3-M2","SW3_EVENT121_W_2025","W","2025","D",3,-0.273941217656263,"City","M","2025-02-08 18:55:32",-14.3,"121","SW3-M2_2025","Y","0.014958",1794.625438,90.49296595,9.507042716,5608.27949983,10919.86598,32257.009
"1318",0,0,NA,0,0,"N","SW3","SW3_EVENT122_W_2025_SW3-SF1","SW3_EVENT122_W_2025","W","2025","D",1,-0.273941217656263,"City","SF","2025-02-08 22:24:00",-14.3,"122","SW3-SF1_2025","Y","0.014958",1794.625438,90.49296595,9.507042716,5608.27949983,10919.86598,32257.009
"1319",0,0,NA,0,0,"Y","SW3","SW3_EVENT123_A_2025_SW3-U3","SW3_EVENT123_A_2025","A","2025","D",1,-0.273941217656263,"City","U","2025-02-09 01:03:10",-19.2,"123","SW3-U3_2025","N","0.014958",1794.625438,90.49296595,9.507042716,5608.27949983,10919.86598,32257.009
"1320",0.434,3.367,1,0,0,"Y","SW3","SW3_EVENT124_W_2025_SW3-F1","SW3_EVENT124_W_2025","W","2025","L",1,-0.273941217656263,"City","F","2025-02-09 02:48:20",-4.5,"124","SW3-F1_2025","N","0.014958",1794.625438,90.49296595,9.507042716,5608.27949983,10919.86598,32257.009
"1321",0,4.184,NA,0,0,"Y","SW3","SW3_EVENT125_A_2025_SW3-M1","SW3_EVENT125_A_2025","A","2025","D",1,-0.273941217656263,"City","M","2025-02-09 05:14:26",-19.2,"125","SW3-M1_2025","N","0.014958",1794.625438,90.49296595,9.507042716,5608.27949983,10919.86598,32257.009
"1322",0,0,NA,0,0,"N","SW3","SW3_EVENT125_W_2025_SW3-M1","SW3_EVENT125_W_2025","W","2025","D",1,-0.273941217656263,"City","M","2025-02-09 05:13:52",-19.2,"125","SW3-M1_2025","N","0.014958",1794.625438,90.49296595,9.507042716,5608.27949983,10919.86598,32257.009
"1323",0,0,NA,0,0,"Y","SW3","SW3_EVENT126_A_2025_SW3-F1","SW3_EVENT126_A_2025","A","2025","L",2,-0.273941217656263,"City","F","2025-02-09 09:22:52",-19.2,"126","SW3-F1_2025","N","0.014958",1794.625438,90.49296595,9.507042716,5608.27949983,10919.86598,32257.009
"1324",0,0,NA,0,0,"Y","SW3","SW3_EVENT126_A_2025_SW3-M1","SW3_EVENT126_A_2025","A","2025","L",2,-0.273941217656263,"City","M","2025-02-09 09:22:52",-19.2,"126","SW3-M1_2025","N","0.014958",1794.625438,90.49296595,9.507042716,5608.27949983,10919.86598,32257.009
"1325",0,0,NA,0,0,"Y","SW3","SW3_EVENT126_W_2025_SW3-F1","SW3_EVENT126_W_2025","W","2025","L",2,-0.273941217656263,"City","F","2025-02-09 09:22:28",-19.2,"126","SW3-F1_2025","N","0.014958",1794.625438,90.49296595,9.507042716,5608.27949983,10919.86598,32257.009
"1326",0,0,NA,0,0,"N","SW3","SW3_EVENT126_W_2025_SW3-M1","SW3_EVENT126_W_2025","W","2025","L",2,-0.273941217656263,"City","M","2025-02-09 09:22:28",-19.2,"126","SW3-M1_2025","N","0.014958",1794.625438,90.49296595,9.507042716,5608.27949983,10919.86598,32257.009
"1327",0,0,NA,0,0,"Y","SW3","SW3_EVENT127_W_2025_SW3-SF2","SW3_EVENT127_W_2025","W","2025","L",1,-0.273941217656263,"City","SF","2025-02-09 15:32:13",-19.2,"127","SW3-SF2_2025","Y","0.014958",1794.625438,90.49296595,9.507042716,5608.27949983,10919.86598,32257.009
"1328",0,0,NA,0,0,"Y","SW3","SW3_EVENT128_W_2025_SW3-SF2","SW3_EVENT128_W_2025","W","2025","D",1,-0.273941217656263,"City","SF","2025-02-09 19:03:28",-19.2,"128","SW3-SF2_2025","Y","0.014958",1794.625438,90.49296595,9.507042716,5608.27949983,10919.86598,32257.009
"1329",0,1.167,NA,0,0,"Y","SW3","SW3_EVENT129_A_2025_SW3-F1","SW3_EVENT129_A_2025","A","2025","L",2,-0.273941217656263,"City","F","2025-02-10 08:49:58",-21.2,"129","SW3-F1_2025","N","0.014958",1794.625438,90.49296595,9.507042716,5608.27949983,10919.86598,32257.009
"1330",0,0,NA,0,0,"N","SW3","SW3_EVENT129_A_2025_SW3-M1","SW3_EVENT129_A_2025","A","2025","L",2,-0.273941217656263,"City","M","2025-02-10 08:49:58",-21.2,"129","SW3-M1_2025","N","0.014958",1794.625438,90.49296595,9.507042716,5608.27949983,10919.86598,32257.009
"1331",0,0,NA,0,0,"N","SW3","SW3_EVENT129_W_2025_SW3-F1","SW3_EVENT129_W_2025","W","2025","L",2,-0.273941217656263,"City","F","2025-02-10 08:49:58",-21.2,"129","SW3-F1_2025","N","0.014958",1794.625438,90.49296595,9.507042716,5608.27949983,10919.86598,32257.009
"1332",0,0,NA,0,0,"N","SW3","SW3_EVENT129_W_2025_SW3-M1","SW3_EVENT129_W_2025","W","2025","L",2,-0.273941217656263,"City","M","2025-02-10 08:49:58",-21.2,"129","SW3-M1_2025","N","0.014958",1794.625438,90.49296595,9.507042716,5608.27949983,10919.86598,32257.009
"1333",0,0,NA,1,0,"Y","SW3","SW3_EVENT12_A_2025_SW3-SF2","SW3_EVENT12_A_2025","A","2025","L",1,-0.273941217656263,"City","SF","2025-01-04 13:25:42",-16.6,"12","SW3-SF2_2025","Y","0.014958",1794.625438,90.49296595,9.507042716,5608.27949983,10919.86598,32257.009
"1334",0,2.1,NA,0,0,"Y","SW3","SW3_EVENT12_W_2024_SW3-F1","SW3_EVENT12_W_2024","W","2024","D",1,-0.273941217656263,"City","F"," 2024-03-29 19:34:20",-4.9,"12","SW3-F1_2024","N","0.014958",1794.625438,90.49296595,9.507042716,5608.27949983,10919.86598,32257.009
"1335",0,0,NA,0,0,"N","SW3","SW3_EVENT130_A_2025_SW3-F1","SW3_EVENT130_A_2025","A","2025","L",2,-0.273941217656263,"City","F","2025-02-10 14:50:02",-21.2,"130","SW3-F1_2025","N","0.014958",1794.625438,90.49296595,9.507042716,5608.27949983,10919.86598,32257.009
"1336",0,0,NA,1,0,"N","SW3","SW3_EVENT130_A_2025_SW3-M1","SW3_EVENT130_A_2025","A","2025","L",2,-0.273941217656263,"City","M","2025-02-10 14:50:02",-21.2,"130","SW3-M1_2025","N","0.014958",1794.625438,90.49296595,9.507042716,5608.27949983,10919.86598,32257.009
"1337",0,0,NA,1,0,"Y","SW3","SW3_EVENT130_W_2025_SW3-F1","SW3_EVENT130_W_2025","W","2025","L",2,-0.273941217656263,"City","F","2025-02-10 14:49:02",-21.2,"130","SW3-F1_2025","N","0.014958",1794.625438,90.49296595,9.507042716,5608.27949983,10919.86598,32257.009
"1338",0,0,NA,0,0,"N","SW3","SW3_EVENT130_W_2025_SW3-M1","SW3_EVENT130_W_2025","W","2025","L",2,-0.273941217656263,"City","M","2025-02-10 14:49:02",-21.2,"130","SW3-M1_2025","N","0.014958",1794.625438,90.49296595,9.507042716,5608.27949983,10919.86598,32257.009
"1339",0,0,NA,0,0,"N","SW3","SW3_EVENT131_W_2025_SW3-M1","SW3_EVENT131_W_2025","W","2025","L",1,-0.273941217656263,"City","M","2025-02-10 15:20:32",-21.2,"131","SW3-M1_2025","N","0.014958",1794.625438,90.49296595,9.507042716,5608.27949983,10919.86598,32257.009
"1340",0,0,NA,0,0,"N","SW3","SW3_EVENT132_W_2025_SW3-F1","SW3_EVENT132_W_2025","W","2025","L",1,-0.273941217656263,"City","F","2025-02-10 17:41:04",-21.2,"132","SW3-F1_2025","N","0.014958",1794.625438,90.49296595,9.507042716,5608.27949983,10919.86598,32257.009
"1341",0,0,NA,0,0,"N","SW3","SW3_EVENT133_W_2025_SW3-M1","SW3_EVENT133_W_2025","W","2025","L",1,-0.273941217656263,"City","M","2025-02-11 08:12:30",-15.4,"133","SW3-M1_2025","N","0.014958",1794.625438,90.49296595,9.507042716,5608.27949983,10919.86598,32257.009
"1342",0,0,NA,0,0,"Y","SW3","SW3_EVENT134_A_2025_SW3-M1","SW3_EVENT134_A_2025","A","2025","L",1,-0.273941217656263,"City","M","2025-02-11 11:22:23",-15.4,"134","SW3-M1_2025","N","0.014958",1794.625438,90.49296595,9.507042716,5608.27949983,10919.86598,32257.009
"1343",0,0,NA,0,0,"N","SW3","SW3_EVENT134_W_2025_SW3-M1","SW3_EVENT134_W_2025","W","2025","L",1,-0.273941217656263,"City","M","2025-02-11 11:22:02",-15.4,"134","SW3-M1_2025","N","0.014958",1794.625438,90.49296595,9.507042716,5608.27949983,10919.86598,32257.009
"1344",0,0,NA,0,0,"N","SW3","SW3_EVENT135_W_2025_SW3-SM1","SW3_EVENT135_W_2025","W","2025","L",1,-0.273941217656263,"City","SM","2025-02-11 14:56:00",-15.4,"135","SW3-SM1_2025","Y","0.014958",1794.625438,90.49296595,9.507042716,5608.27949983,10919.86598,32257.009
"1345",0,0,NA,1,0,"N","SW3","SW3_EVENT136_A_2025_SW3-F1","SW3_EVENT136_A_2025","A","2025","L",2,-0.273941217656263,"City","F","2025-02-11 15:43:56",-15.4,"136","SW3-F1_2025","N","0.014958",1794.625438,90.49296595,9.507042716,5608.27949983,10919.86598,32257.009
"1346",0,0,NA,1,0,"N","SW3","SW3_EVENT136_A_2025_SW3-M1","SW3_EVENT136_A_2025","A","2025","L",2,-0.273941217656263,"City","M","2025-02-11 15:43:56",-15.4,"136","SW3-M1_2025","N","0.014958",1794.625438,90.49296595,9.507042716,5608.27949983,10919.86598,32257.009
"1347",0,0,NA,1,0,"N","SW3","SW3_EVENT136_W_2025_SW3-F1","SW3_EVENT136_W_2025","W","2025","L",2,-0.273941217656263,"City","F","2025-02-11 15:43:06",-15.4,"136","SW3-F1_2025","N","0.014958",1794.625438,90.49296595,9.507042716,5608.27949983,10919.86598,32257.009
"1348",0,0,NA,1,0,"N","SW3","SW3_EVENT136_W_2025_SW3-M1","SW3_EVENT136_W_2025","W","2025","L",2,-0.273941217656263,"City","M","2025-02-11 15:43:06",-15.4,"136","SW3-M1_2025","N","0.014958",1794.625438,90.49296595,9.507042716,5608.27949983,10919.86598,32257.009
"1349",0,0,NA,0,0,"Y","SW3","SW3_EVENT137_W_2025_SW3-F1","SW3_EVENT137_W_2025","W","2025","L",1,-0.273941217656263,"City","F","2025-02-12 08:12:28",-15.4,"137","SW3-F1_2025","N","0.014958",1794.625438,90.49296595,9.507042716,5608.27949983,10919.86598,32257.009
"1350",0,0,NA,0,0,"N","SW3","SW3_EVENT138_W_2025_SW3-SM1","SW3_EVENT138_W_2025","W","2025","L",1,-0.273941217656263,"City","SM","2025-02-12 15:40:46",-15.4,"138","SW3-SM1_2025","Y","0.014958",1794.625438,90.49296595,9.507042716,5608.27949983,10919.86598,32257.009
"1351",0,0,NA,0,0,"Y","SW3","SW3_EVENT139_W_2025_SW3-M1","SW3_EVENT139_W_2025","W","2025","D",1,-0.273941217656263,"City","M","2025-02-12 20:45:30",-15.4,"139","SW3-M1_2025","N","0.014958",1794.625438,90.49296595,9.507042716,5608.27949983,10919.86598,32257.009
"1352",0,0,NA,0,0,"Y","SW3","SW3_EVENT13_A_2025_SW3-SF1","SW3_EVENT13_A_2025","A","2025","D",1,-0.273941217656263,"City","SF","2025-01-04 19:35:10",-16.6,"13","SW3-SF1_2025","Y","0.014958",1794.625438,90.49296595,9.507042716,5608.27949983,10919.86598,32257.009
"1353",0,0,NA,0,0,"Y","SW3","SW3_EVENT13_W_2024_SW3-F1","SW3_EVENT13_W_2024","W","2024","D",1,-0.273941217656263,"City","F"," 2024-03-29 20:59:04",-4.9,"13","SW3-F1_2024","N","0.014958",1794.625438,90.49296595,9.507042716,5608.27949983,10919.86598,32257.009
"1354",0,0,NA,0,0,"Y","SW3","SW3_EVENT140_W_2025_SW3-M1","SW3_EVENT140_W_2025","W","2025","L",2,-0.273941217656263,"City","M","2025-02-13 13:09:40",-16.8,"140","SW3-M1_2025","N","0.014958",1794.625438,90.49296595,9.507042716,5608.27949983,10919.86598,32257.009
"1355",0,0,NA,0,0,"N","SW3","SW3_EVENT141_W_2025_SW3-M1","SW3_EVENT141_W_2025","W","2025","D",1,-0.273941217656263,"City","M","2025-02-14 03:06:02",-18.4,"141","SW3-M1_2025","N","0.014958",1794.625438,90.49296595,9.507042716,5608.27949983,10919.86598,32257.009
"1356",0,0,NA,0,0,"Y","SW3","SW3_EVENT142_A_2025_SW3-F1","SW3_EVENT142_A_2025","A","2025","D",2,-0.273941217656263,"City","F","2025-02-14 06:26:32",-18.4,"142","SW3-F1_2025","N","0.014958",1794.625438,90.49296595,9.507042716,5608.27949983,10919.86598,32257.009
"1357",0,0,NA,0,0,"Y","SW3","SW3_EVENT142_A_2025_SW3-M1","SW3_EVENT142_A_2025","A","2025","D",2,-0.273941217656263,"City","M","2025-02-14 06:26:32",-18.4,"142","SW3-M1_2025","N","0.014958",1794.625438,90.49296595,9.507042716,5608.27949983,10919.86598,32257.009
"1358",0,0,NA,0,0,"N","SW3","SW3_EVENT14_A_2025_SW3-F1","SW3_EVENT14_A_2025","A","2025","D",2,-0.273941217656263,"City","F","2025-01-04 23:55:38",-16.6,"14","SW3-F1_2025","N","0.014958",1794.625438,90.49296595,9.507042716,5608.27949983,10919.86598,32257.009
"1359",0,0,NA,0,0,"Y","SW3","SW3_EVENT14_A_2025_SW3-M1","SW3_EVENT14_A_2025","A","2025","D",2,-0.273941217656263,"City","M","2025-01-04 23:55:38",-16.6,"14","SW3-M1_2025","N","0.014958",1794.625438,90.49296595,9.507042716,5608.27949983,10919.86598,32257.009
"1360",0,0,NA,1,0,"Y","SW3","SW3_EVENT14_W_2025_SW3-F1","SW3_EVENT14_W_2025","W","2025","D",2,-0.273941217656263,"City","F","2025-01-04 23:56:08",-16.6,"14","SW3-F1_2025","N","0.014958",1794.625438,90.49296595,9.507042716,5608.27949983,10919.86598,32257.009
"1361",0,0,NA,0,0,"N","SW3","SW3_EVENT14_W_2025_SW3-M1","SW3_EVENT14_W_2025","W","2025","D",2,-0.273941217656263,"City","M","2025-01-04 23:56:08",-16.6,"14","SW3-M1_2025","N","0.014958",1794.625438,90.49296595,9.507042716,5608.27949983,10919.86598,32257.009
"1362",0,0,NA,0,0,"N","SW3","SW3_EVENT14_W_2024_SW3-F1","SW3_EVENT14_W_2024","W","2024","D",2,-0.273941217656263,"City","F"," 2024-03-30 01:15:00",-3.2,"14","SW3-F1_2024","N","0.014958",1794.625438,90.49296595,9.507042716,5608.27949983,10919.86598,32257.009
"1363",0.066,0.45,1,0,0,"Y","SW3","SW3_EVENT14_W_2024_SW3-M1","SW3_EVENT14_W_2024","W","2024","D",2,-0.273941217656263,"City","M"," 2024-03-30 01:15:00",-3.2,"14","SW3-M1_2024","N","0.014958",1794.625438,90.49296595,9.507042716,5608.27949983,10919.86598,32257.009
"1364",0,2,NA,0,0,"N","SW3","SW3_EVENT15_A_2025_SW3-F1","SW3_EVENT15_A_2025","A","2025","D",1,-0.273941217656263,"City","F","2025-01-05 00:47:14",-14.6,"15","SW3-F1_2025","N","0.014958",1794.625438,90.49296595,9.507042716,5608.27949983,10919.86598,32257.009
"1365",0,0,NA,1,0,"Y","SW3","SW3_EVENT15_W_2025_SW3-F1","SW3_EVENT15_W_2025","W","2025","D",1,-0.273941217656263,"City","F","2025-01-05 00:45:18",-14.6,"15","SW3-F1_2025","N","0.014958",1794.625438,90.49296595,9.507042716,5608.27949983,10919.86598,32257.009
"1366",0,0,NA,1,0,"N","SW3","SW3_EVENT15_W_2024_SW3-F1","SW3_EVENT15_W_2024","W","2024","D",2,-0.273941217656263,"City","F"," 2024-03-31 01:01:30",1.5,"15","SW3-F1_2024","N","0.014958",1794.625438,90.49296595,9.507042716,5608.27949983,10919.86598,32257.009
"1367",0,0,NA,1,0,"N","SW3","SW3_EVENT15_W_2024_SW3-M1","SW3_EVENT15_W_2024","W","2024","D",2,-0.273941217656263,"City","M"," 2024-03-31 01:01:30",1.5,"15","SW3-M1_2024","N","0.014958",1794.625438,90.49296595,9.507042716,5608.27949983,10919.86598,32257.009
"1368",0,0,NA,1,0,"Y","SW3","SW3_EVENT16_W_2025_SW3-F1","SW3_EVENT16_W_2025","W","2025","D",1,-0.273941217656263,"City","F","2025-01-05 04:12:28",-14.6,"16","SW3-F1_2025","N","0.014958",1794.625438,90.49296595,9.507042716,5608.27949983,10919.86598,32257.009
"1369",0,0,NA,0,0,"N","SW3","SW3_EVENT16_W_2024_SW3-SM1","SW3_EVENT16_W_2024","W","2024","D",1,-0.273941217656263,"City","SM"," 2024-04-01 01:03:32",7,"16","SW3-SM1_2024","Y","0.014958",1794.625438,90.49296595,9.507042716,5608.27949983,10919.86598,32257.009
"1370",0,4.348,NA,0,0,"Y","SW3","SW3_EVENT17_W_2025_SW3-SM1","SW3_EVENT17_W_2025","W","2025","L",1,-0.273941217656263,"City","SM","2025-01-05 12:07:30",-14.6,"17","SW3-SM1_2025","Y","0.014958",1794.625438,90.49296595,9.507042716,5608.27949983,10919.86598,32257.009
"1371",0,2.883,NA,0,0,"Y","SW3","SW3_EVENT17_W_2024_SW3-M1","SW3_EVENT17_W_2024","W","2024","D",1,-0.273941217656263,"City","M"," 2024-04-01 04:29:14",7,"17","SW3-M1_2024","N","0.014958",1794.625438,90.49296595,9.507042716,5608.27949983,10919.86598,32257.009
"1372",0,0,NA,1,0,"Y","SW3","SW3_EVENT18_A_2025_SW3-F1","SW3_EVENT18_A_2025","A","2025","D",1,-0.273941217656263,"City","F","2025-01-05 18:01:04",-14.6,"18","SW3-F1_2025","N","0.014958",1794.625438,90.49296595,9.507042716,5608.27949983,10919.86598,32257.009
"1373",0,0,NA,0,0,"Y","SW3","SW3_EVENT18_W_2024_SW3-F2","SW3_EVENT18_W_2024","W","2024","D",1,-0.273941217656263,"City","F"," 2024-04-01 22:06:28",7,"18","SW3-F2_2024","Y","0.014958",1794.625438,90.49296595,9.507042716,5608.27949983,10919.86598,32257.009
"1374",0,0,NA,0,0,"N","SW3","SW3_EVENT19_W_2025_SW3-SF1","SW3_EVENT19_W_2025","W","2025","D",1,-0.273941217656263,"City","SF","2025-01-06 04:01:52",-10.6,"19","SW3-SF1_2025","Y","0.014958",1794.625438,90.49296595,9.507042716,5608.27949983,10919.86598,32257.009
"1375",0,0,NA,0,0,"N","SW3","SW3_EVENT19_A_2024_SW3-F2","SW3_EVENT19_A_2024","A","2024","D",1,-0.273941217656263,"City","F"," 2024-04-02 00:48:18",9.9,"19","SW3-F2_2024","Y","0.014958",1794.625438,90.49296595,9.507042716,5608.27949983,10919.86598,32257.009
"1376",0,0,NA,0,0,"Y","SW3","SW3_EVENT1_W_2025_SW3-SF1","SW3_EVENT1_W_2025","W","2025","D",1,-0.273941217656263,"City","SF","2025-01-02 18:45:52",-20.1,"1","SW3-SF1_2025","Y","0.014958",1794.625438,90.49296595,9.507042716,5608.27949983,10919.86598,32257.009
"1377",0,4.767,NA,0,0,"Y","SW3","SW3_EVENT1_A_2024_SW3-F2","SW3_EVENT1_A_2024","A","2024","D",1,-0.273941217656263,"City","F"," 2024-03-08 01:51:34",-3.6,"1","SW3-F2_2024","Y","0.014958",1794.625438,90.49296595,9.507042716,5608.27949983,10919.86598,32257.009
"1378",0,0,NA,0,0,"N","SW3","SW3_EVENT1_W_2024_SW3-F2","SW3_EVENT1_W_2024","W","2024","D",1,-0.273941217656263,"City","F"," 2024-03-08 01:52:26",-3.6,"1","SW3-F2_2024","Y","0.014958",1794.625438,90.49296595,9.507042716,5608.27949983,10919.86598,32257.009
"1379",0.533,1.05,1,1,0,"Y","SW3","SW3_EVENT20_W_2025_SW3-SF2","SW3_EVENT20_W_2025","W","2025","D",1,-0.273941217656263,"City","SF","2025-01-06 04:26:22",-10.6,"20","SW3-SF2_2025","Y","0.014958",1794.625438,90.49296595,9.507042716,5608.27949983,10919.86598,32257.009
"1380",0,4.45,NA,1,0,"Y","SW3","SW3_EVENT21_A_2025_SW3-M1","SW3_EVENT21_A_2025","A","2025","D",1,-0.273941217656263,"City","M","2025-01-07 00:51:46",-5,"21","SW3-M1_2025","N","0.014958",1794.625438,90.49296595,9.507042716,5608.27949983,10919.86598,32257.009
"1381",0,3.117,NA,0,0,"Y","SW3","SW3_EVENT21_W_2025_SW3-M1","SW3_EVENT21_W_2025","W","2025","D",1,-0.273941217656263,"City","M","2025-01-07 00:52:52",-5,"21","SW3-M1_2025","N","0.014958",1794.625438,90.49296595,9.507042716,5608.27949983,10919.86598,32257.009
"1382",0,7.3,NA,0,0,"Y","SW3","SW3_EVENT22_A_2025_SW3-SM1","SW3_EVENT22_A_2025","A","2025","D",1,-0.273941217656263,"City","SM","2025-01-07 05:15:16",-5,"22","SW3-SM1_2025","Y","0.014958",1794.625438,90.49296595,9.507042716,5608.27949983,10919.86598,32257.009
"1383",0,6.649,NA,0,0,"Y","SW3","SW3_EVENT22_W_2025_SW3-SM1","SW3_EVENT22_W_2025","W","2025","D",1,-0.273941217656263,"City","SM","2025-01-07 05:13:02",-5,"22","SW3-SM1_2025","Y","0.014958",1794.625438,90.49296595,9.507042716,5608.27949983,10919.86598,32257.009
"1384",0,0,NA,0,0,"Y","SW3","SW3_EVENT23_A_2025_SW3-SM1","SW3_EVENT23_A_2025","A","2025","L",1,-0.273941217656263,"City","SM","2025-01-07 11:34:26",-5,"23","SW3-SM1_2025","Y","0.014958",1794.625438,90.49296595,9.507042716,5608.27949983,10919.86598,32257.009
"1385",0,0,NA,0,0,"Y","SW3","SW3_EVENT24_W_2025_SW3-SM1","SW3_EVENT24_W_2025","W","2025","L",1,-0.273941217656263,"City","SM","2025-01-07 12:47:28",-5,"24","SW3-SM1_2025","Y","0.014958",1794.625438,90.49296595,9.507042716,5608.27949983,10919.86598,32257.009
"1386",0,0,NA,0,0,"N","SW3","SW3_EVENT25_W_2025_SW3-U1","SW3_EVENT25_W_2025","W","2025","D",1,-0.273941217656263,"City","U","2025-01-07 17:23:38",-5,"25","SW3-U1_2025","N","0.014958",1794.625438,90.49296595,9.507042716,5608.27949983,10919.86598,32257.009
"1387",0,0,NA,0,0,"N","SW3","SW3_EVENT26_W_2025_SW3-M1","SW3_EVENT26_W_2025","W","2025","L",1,-0.273941217656263,"City","M","2025-01-08 13:25:46",0.9,"26","SW3-M1_2025","N","0.014958",1794.625438,90.49296595,9.507042716,5608.27949983,10919.86598,32257.009
"1388",0,2.283,NA,1,0,"Y","SW3","SW3_EVENT27_A_2025_SW3-SF1","SW3_EVENT27_A_2025","A","2025","D",1,-0.273941217656263,"City","SF","2025-01-09 21:54:50",-1.7,"27","SW3-SF1_2025","Y","0.014958",1794.625438,90.49296595,9.507042716,5608.27949983,10919.86598,32257.009
"1389",0,0,NA,0,0,"Y","SW3","SW3_EVENT27_W_2025_SW3-SF1","SW3_EVENT27_W_2025","W","2025","D",1,-0.273941217656263,"City","SF","2025-01-09 21:54:54",-1.7,"27","SW3-SF1_2025","Y","0.014958",1794.625438,90.49296595,9.507042716,5608.27949983,10919.86598,32257.009
"1390",0,0,NA,0,0,"Y","SW3","SW3_EVENT28_W_2025_SW3-SF2","SW3_EVENT28_W_2025","W","2025","D",1,-0.273941217656263,"City","SF","2025-01-09 23:13:22",-1.7,"28","SW3-SF2_2025","Y","0.014958",1794.625438,90.49296595,9.507042716,5608.27949983,10919.86598,32257.009
"1391",0,5.199,NA,0,0,"Y","SW3","SW3_EVENT29_W_2025_SW3-F1","SW3_EVENT29_W_2025","W","2025","D",1,-0.273941217656263,"City","F","2025-01-09 23:35:05",-1.7,"29","SW3-F1_2025","N","0.014958",1794.625438,90.49296595,9.507042716,5608.27949983,10919.86598,32257.009
"1392",0,1.833,NA,0,0,"Y","SW3","SW3_EVENT2_W_2025_SW3-SF1","SW3_EVENT2_W_2025","W","2025","D",1,-0.273941217656263,"City","SF","2025-01-02 23:50:32",-20.1,"2","SW3-SF1_2025","Y","0.014958",1794.625438,90.49296595,9.507042716,5608.27949983,10919.86598,32257.009
"1393",0,0,NA,0,0,"N","SW3","SW3_EVENT2_A_2024_SW3-F1","SW3_EVENT2_A_2024","A","2024","D",2,-0.273941217656263,"City","F"," 2024-03-09 04:28:14",1.1,"2","SW3-F1_2024","N","0.014958",1794.625438,90.49296595,9.507042716,5608.27949983,10919.86598,32257.009
"1394",0,1.316,NA,0,0,"Y","SW3","SW3_EVENT2_A_2024_SW3-M1","SW3_EVENT2_A_2024","A","2024","D",2,-0.273941217656263,"City","M"," 2024-03-09 04:28:14",1.1,"2","SW3-M1_2024","N","0.014958",1794.625438,90.49296595,9.507042716,5608.27949983,10919.86598,32257.009
"1395",0,1.033,NA,1,0,"Y","SW3","SW3_EVENT2_W_2024_SW3-F1","SW3_EVENT2_W_2024","W","2024","D",2,-0.273941217656263,"City","F"," 2024-03-09 04:32:56",1.1,"2","SW3-F1_2024","N","0.014958",1794.625438,90.49296595,9.507042716,5608.27949983,10919.86598,32257.009
"1396",0,1.533,NA,0,0,"Y","SW3","SW3_EVENT2_W_2024_SW3-M1","SW3_EVENT2_W_2024","W","2024","D",2,-0.273941217656263,"City","M"," 2024-03-09 04:32:56",1.1,"2","SW3-M1_2024","N","0.014958",1794.625438,90.49296595,9.507042716,5608.27949983,10919.86598,32257.009
"1397",0,0,NA,0,0,"Y","SW3","SW3_EVENT30_W_2025_SW3-F1","SW3_EVENT30_W_2025","W","2025","D",1,-0.273941217656263,"City","F","2025-01-10 02:23:34",2.2,"30","SW3-F1_2025","N","0.014958",1794.625438,90.49296595,9.507042716,5608.27949983,10919.86598,32257.009
"1398",0,1.433,NA,0,0,"Y","SW3","SW3_EVENT31_W_2025_SW3-M1","SW3_EVENT31_W_2025","W","2025","D",1,-0.273941217656263,"City","M","2025-01-10 04:28:16",2.2,"31","SW3-M1_2025","N","0.014958",1794.625438,90.49296595,9.507042716,5608.27949983,10919.86598,32257.009
"1399",0,0,NA,0,0,"Y","SW3","SW3_EVENT32_W_2025_SW3-F1","SW3_EVENT32_W_2025","W","2025","D",1,-0.273941217656263,"City","F","2025-01-10 05:45:30",2.2,"32","SW3-F1_2025","N","0.014958",1794.625438,90.49296595,9.507042716,5608.27949983,10919.86598,32257.009
"1400",0.417,2.267,1,1,0,"Y","SW3","SW3_EVENT33_W_2025_SW3-SF2","SW3_EVENT33_W_2025","W","2025","D",1,-0.273941217656263,"City","SF","2025-01-11 05:00:22",-1.5,"33","SW3-SF2_2025","Y","0.014958",1794.625438,90.49296595,9.507042716,5608.27949983,10919.86598,32257.009
"1401",0,0,NA,0,0,"Y","SW3","SW3_EVENT34_A_2025_SW3-M1","SW3_EVENT34_A_2025","A","2025","D",1,-0.273941217656263,"City","M","2025-01-11 05:20:48",-1.5,"34","SW3-M1_2025","N","0.014958",1794.625438,90.49296595,9.507042716,5608.27949983,10919.86598,32257.009
"1402",0,0,NA,0,0,"Y","SW3","SW3_EVENT35_W_2025_SW3-M1","SW3_EVENT35_W_2025","W","2025","D",1,-0.273941217656263,"City","M","2025-01-11 05:46:50",-1.5,"35","SW3-M1_2025","N","0.014958",1794.625438,90.49296595,9.507042716,5608.27949983,10919.86598,32257.009
"1403",0,0,NA,0,0,"Y","SW3","SW3_EVENT36_W_2025_SW3-SF1","SW3_EVENT36_W_2025","W","2025","D",1,-0.273941217656263,"City","SF","2025-01-11 18:50:02",-1.5,"36","SW3-SF1_2025","Y","0.014958",1794.625438,90.49296595,9.507042716,5608.27949983,10919.86598,32257.009
"1404",0,0,NA,0,0,"Y","SW3","SW3_EVENT37_W_2025_SW3-SM1","SW3_EVENT37_W_2025","W","2025","D",1,-0.273941217656263,"City","SM","2025-01-11 22:18:32",-1.5,"37","SW3-SM1_2025","Y","0.014958",1794.625438,90.49296595,9.507042716,5608.27949983,10919.86598,32257.009
"1405",0,0,NA,0,0,"Y","SW3","SW3_EVENT38_W_2025_SW3-SF1","SW3_EVENT38_W_2025","W","2025","D",1,-0.273941217656263,"City","SF","2025-01-13 18:33:55",-0.8,"38","SW3-SF1_2025","Y","0.014958",1794.625438,90.49296595,9.507042716,5608.27949983,10919.86598,32257.009
"1406",0,0,NA,1,0,"Y","SW3","SW3_EVENT39_A_2025_SW3-U1","SW3_EVENT39_A_2025","A","2025","D",1,-0.273941217656263,"City","U","2025-01-13 18:53:32",-0.8,"39","SW3-U1_2025","N","0.014958",1794.625438,90.49296595,9.507042716,5608.27949983,10919.86598,32257.009
"1407",0,0,NA,0,0,"Y","SW3","SW3_EVENT3_A_2025_SW3-SF1","SW3_EVENT3_A_2025","A","2025","D",1,-0.273941217656263,"City","SF","2025-01-03 04:59:04",-20.1,"3","SW3-SF1_2025","Y","0.014958",1794.625438,90.49296595,9.507042716,5608.27949983,10919.86598,32257.009
"1408",0,0,NA,0,0,"Y","SW3","SW3_EVENT3_W_2025_SW3-SF1","SW3_EVENT3_W_2025","W","2025","D",1,-0.273941217656263,"City","SF","2025-01-03 04:59:44",-20.1,"3","SW3-SF1_2025","Y","0.014958",1794.625438,90.49296595,9.507042716,5608.27949983,10919.86598,32257.009
"1409",0,0,NA,0,0,"Y","SW3","SW3_EVENT3_A_2024_SW3-M1","SW3_EVENT3_A_2024","A","2024","D",1,-0.273941217656263,"City","M"," 2024-03-15 03:31:56",7.5,"3","SW3-M1_2024","N","0.014958",1794.625438,90.49296595,9.507042716,5608.27949983,10919.86598,32257.009
"1410",0,3.1,NA,0,0,"Y","SW3","SW3_EVENT40_A_2025_SW3-F1","SW3_EVENT40_A_2025","A","2025","D",2,-0.273941217656263,"City","F","2025-01-13 23:13:10",-0.8,"40","SW3-F1_2025","N","0.014958",1794.625438,90.49296595,9.507042716,5608.27949983,10919.86598,32257.009
"1411",0,1.4,NA,0,0,"Y","SW3","SW3_EVENT40_A_2025_SW3-M1","SW3_EVENT40_A_2025","A","2025","D",2,-0.273941217656263,"City","M","2025-01-13 23:13:10",-0.8,"40","SW3-M1_2025","N","0.014958",1794.625438,90.49296595,9.507042716,5608.27949983,10919.86598,32257.009
"1412",0,0,NA,0,0,"N","SW3","SW3_EVENT40_W_2025_SW3-F1","SW3_EVENT40_W_2025","W","2025","D",2,-0.273941217656263,"City","F","2025-01-13 23:12:10",-0.8,"40","SW3-F1_2025","N","0.014958",1794.625438,90.49296595,9.507042716,5608.27949983,10919.86598,32257.009
"1413",0,0,NA,0,0,"N","SW3","SW3_EVENT40_W_2025_SW3-M1","SW3_EVENT40_W_2025","W","2025","D",2,-0.273941217656263,"City","M","2025-01-13 23:12:10",-0.8,"40","SW3-M1_2025","N","0.014958",1794.625438,90.49296595,9.507042716,5608.27949983,10919.86598,32257.009
"1414",0,6.151,NA,1,0,"Y","SW3","SW3_EVENT41_A_2025_SW3-F1","SW3_EVENT41_A_2025","A","2025","D",1,-0.273941217656263,"City","F","2025-01-14 04:20:25",0.5,"41","SW3-F1_2025","N","0.014958",1794.625438,90.49296595,9.507042716,5608.27949983,10919.86598,32257.009
"1415",0,5.15,NA,0,0,"Y","SW3","SW3_EVENT41_W_2025_SW3-F1","SW3_EVENT41_W_2025","W","2025","D",1,-0.273941217656263,"City","F","2025-01-14 04:21:06",0.5,"41","SW3-F1_2025","N","0.014958",1794.625438,90.49296595,9.507042716,5608.27949983,10919.86598,32257.009
"1416",0,1.433,NA,0,0,"Y","SW3","SW3_EVENT42_W_2025_SW3-SM1","SW3_EVENT42_W_2025","W","2025","D",1,-0.273941217656263,"City","SM","2025-01-14 05:04:02",0.5,"42","SW3-SM1_2025","Y","0.014958",1794.625438,90.49296595,9.507042716,5608.27949983,10919.86598,32257.009
"1417",0,0,NA,0,0,"Y","SW3","SW3_EVENT43_W_2025_SW3-M1","SW3_EVENT43_W_2025","W","2025","D",1,-0.273941217656263,"City","M","2025-01-14 07:10:22",0.5,"43","SW3-M1_2025","N","0.014958",1794.625438,90.49296595,9.507042716,5608.27949983,10919.86598,32257.009
"1418",0,0,NA,0,0,"Y","SW3","SW3_EVENT44_A_2025_SW3-F1","SW3_EVENT44_A_2025","A","2025","D",1,-0.273941217656263,"City","F","2025-01-14 19:36:30",0.5,"44","SW3-F1_2025","N","0.014958",1794.625438,90.49296595,9.507042716,5608.27949983,10919.86598,32257.009
"1419",0,0.467,NA,0,0,"Y","SW3","SW3_EVENT44_W_2025_SW3-F1","SW3_EVENT44_W_2025","W","2025","D",1,-0.273941217656263,"City","F","2025-01-14 19:35:36",0.5,"44","SW3-F1_2025","N","0.014958",1794.625438,90.49296595,9.507042716,5608.27949983,10919.86598,32257.009
"1420",13.464,39.851,4,1,0,"Y","SW3","SW3_EVENT45_W_2025_SW3-F1","SW3_EVENT45_W_2025","W","2025","D",1,-0.273941217656263,"City","F","2025-01-14 23:03:18",0.5,"45","SW3-F1_2025","N","0.014958",1794.625438,90.49296595,9.507042716,5608.27949983,10919.86598,32257.009
"1421",0,0,NA,0,0,"N","SW3","SW3_EVENT46_A_2025_SW3-F1","SW3_EVENT46_A_2025","A","2025","D",1,-0.273941217656263,"City","F","2025-01-15 04:35:58",3.6,"46","SW3-F1_2025","N","0.014958",1794.625438,90.49296595,9.507042716,5608.27949983,10919.86598,32257.009
"1422",0,3.717,NA,0,0,"Y","SW3","SW3_EVENT46_W_2025_SW3-F1","SW3_EVENT46_W_2025","W","2025","D",1,-0.273941217656263,"City","F","2025-01-15 04:34:42",3.6,"46","SW3-F1_2025","N","0.014958",1794.625438,90.49296595,9.507042716,5608.27949983,10919.86598,32257.009
"1423",0,0,NA,1,0,"Y","SW3","SW3_EVENT47_W_2025_SW3-SF1","SW3_EVENT47_W_2025","W","2025","D",1,-0.273941217656263,"City","SF","2025-01-15 19:02:04",3.6,"47","SW3-SF1_2025","Y","0.014958",1794.625438,90.49296595,9.507042716,5608.27949983,10919.86598,32257.009
"1424",0,1.066,NA,0,0,"Y","SW3","SW3_EVENT48_W_2025_SW3-F1","SW3_EVENT48_W_2025","W","2025","D",3,-0.273941217656263,"City","F","2025-01-16 01:00:10",-1.4,"48","SW3-F1_2025","N","0.014958",1794.625438,90.49296595,9.507042716,5608.27949983,10919.86598,32257.009
"1425",0,0,NA,0,0,"Y","SW3","SW3_EVENT48_W_2025_SW3-M1","SW3_EVENT48_W_2025","W","2025","D",3,-0.273941217656263,"City","M","2025-01-16 01:00:10",-1.4,"48","SW3-M1_2025","N","0.014958",1794.625438,90.49296595,9.507042716,5608.27949983,10919.86598,32257.009
"1426",0,0,NA,0,0,"N","SW3","SW3_EVENT48_W_2025_SW3-M2","SW3_EVENT48_W_2025","W","2025","D",3,-0.273941217656263,"City","M","2025-01-16 01:00:10",-1.4,"48","SW3-M2_2025","Y","0.014958",1794.625438,90.49296595,9.507042716,5608.27949983,10919.86598,32257.009
"1427",0,0,NA,0,0,"Y","SW3","SW3_EVENT49_A_2025_SW3-SM1","SW3_EVENT49_A_2025","A","2025","D",1,-0.273941217656263,"City","SM","2025-01-16 01:07:01",-1.4,"49","SW3-SM1_2025","Y","0.014958",1794.625438,90.49296595,9.507042716,5608.27949983,10919.86598,32257.009
"1428",0,2.433,NA,0,0,"Y","SW3","SW3_EVENT49_W_2025_SW3-SM1","SW3_EVENT49_W_2025","W","2025","D",1,-0.273941217656263,"City","SM","2025-01-16 01:02:14",-1.4,"49","SW3-SM1_2025","Y","0.014958",1794.625438,90.49296595,9.507042716,5608.27949983,10919.86598,32257.009
"1429",0,0,NA,0,0,"Y","SW3","SW3_EVENT4_W_2025_SW3-U1","SW3_EVENT4_W_2025","W","2025","L",1,-0.273941217656263,"City","U","2025-01-03 11:04:10",-20.1,"4","SW3-U1_2025","N","0.014958",1794.625438,90.49296595,9.507042716,5608.27949983,10919.86598,32257.009
"1430",0,8.417,NA,0,0,"Y","SW3","SW3_EVENT4_A_2024_SW3-SM1","SW3_EVENT4_A_2024","A","2024","L",1,-0.273941217656263,"City","SM"," 2024-03-15 16:03:14",7.5,"4","SW3-SM1_2024","Y","0.014958",1794.625438,90.49296595,9.507042716,5608.27949983,10919.86598,32257.009
"1431",0.717,12.699,1,0,0,"Y","SW3","SW3_EVENT4_W_2024_SW3-SM1","SW3_EVENT4_W_2024","W","2024","L",1,-0.273941217656263,"City","SM"," 2024-03-15 16:05:50",7.5,"4","SW3-SM1_2024","Y","0.014958",1794.625438,90.49296595,9.507042716,5608.27949983,10919.86598,32257.009
"1432",0.75,5.449,1,0,0,"Y","SW3","SW3_EVENT50_W_2025_SW3-SM1","SW3_EVENT50_W_2025","W","2025","L",1,-0.273941217656263,"City","SM","2025-01-16 15:45:44",-1.4,"50","SW3-SM1_2025","Y","0.014958",1794.625438,90.49296595,9.507042716,5608.27949983,10919.86598,32257.009
"1433",0,0,NA,1,0,"Y","SW3","SW3_EVENT51_A_2025_SW3-SF2","SW3_EVENT51_A_2025","A","2025","D",1,-0.273941217656263,"City","SF","2025-01-18 17:11:08",-19.3,"51","SW3-SF2_2025","Y","0.014958",1794.625438,90.49296595,9.507042716,5608.27949983,10919.86598,32257.009
"1434",0,0.833,NA,1,0,"Y","SW3","SW3_EVENT51_W_2025_SW3-SF2","SW3_EVENT51_W_2025","W","2025","L",1,-0.273941217656263,"City","SF","2025-01-17 08:31:24",-11.6,"51","SW3-SF2_2025","Y","0.014958",1794.625438,90.49296595,9.507042716,5608.27949983,10919.86598,32257.009
"1435",0,0,NA,0,0,"N","SW3","SW3_EVENT52_W_2025_SW3-U2","SW3_EVENT52_W_2025","W","2025","D",1,-0.273941217656263,"City","U","2025-01-18 19:59:22",-19.3,"52","SW3-U2_2025","Y","0.014958",1794.625438,90.49296595,9.507042716,5608.27949983,10919.86598,32257.009
"1436",0,0.584,NA,0,0,"Y","SW3","SW3_EVENT53_W_2025_SW3-SF1","SW3_EVENT53_W_2025","W","2025","L",1,-0.273941217656263,"City","SF","2025-01-19 14:13:52",-23.5,"53","SW3-SF1_2025","Y","0.014958",1794.625438,90.49296595,9.507042716,5608.27949983,10919.86598,32257.009
"1437",0,0,NA,0,0,"Y","SW3","SW3_EVENT54_W_2025_SW3-F1","SW3_EVENT54_W_2025","W","2025","D",1,-0.273941217656263,"City","F","2025-01-19 17:58:32",-23.5,"54","SW3-F1_2025","N","0.014958",1794.625438,90.49296595,9.507042716,5608.27949983,10919.86598,32257.009
"1438",0,0,NA,0,0,"Y","SW3","SW3_EVENT55_A_2025_SW3-M1","SW3_EVENT55_A_2025","A","2025","D",1,-0.273941217656263,"City","M","2025-01-19 22:07:58",-23.5,"55","SW3-M1_2025","N","0.014958",1794.625438,90.49296595,9.507042716,5608.27949983,10919.86598,32257.009
"1439",0,0,NA,0,0,"N","SW3","SW3_EVENT55_W_2025_SW3-M1","SW3_EVENT55_W_2025","W","2025","D",1,-0.273941217656263,"City","M","2025-01-19 22:07:36",-23.5,"55","SW3-M1_2025","N","0.014958",1794.625438,90.49296595,9.507042716,5608.27949983,10919.86598,32257.009
"1440",0,0,NA,0,0,"Y","SW3","SW3_EVENT56_W_2025_SW3-F1","SW3_EVENT56_W_2025","W","2025","D",2,-0.273941217656263,"City","F","2025-01-19 22:47:52",-23.5,"56","SW3-F1_2025","N","0.014958",1794.625438,90.49296595,9.507042716,5608.27949983,10919.86598,32257.009
"1441",0,0,NA,0,0,"Y","SW3","SW3_EVENT56_W_2025_SW3-M1","SW3_EVENT56_W_2025","W","2025","D",2,-0.273941217656263,"City","M","2025-01-19 22:47:52",-23.5,"56","SW3-M1_2025","N","0.014958",1794.625438,90.49296595,9.507042716,5608.27949983,10919.86598,32257.009
"1442",0,0,NA,0,0,"Y","SW3","SW3_EVENT57_W_2025_SW3-F1","SW3_EVENT57_W_2025","W","2025","D",1,-0.273941217656263,"City","F","2025-01-19 23:56:00",-23.5,"57","SW3-F1_2025","N","0.014958",1794.625438,90.49296595,9.507042716,5608.27949983,10919.86598,32257.009
"1443",0,0,NA,0,0,"N","SW3","SW3_EVENT58_W_2025_SW3-M1","SW3_EVENT58_W_2025","W","2025","D",2,-0.273941217656263,"City","M","2025-01-20 03:38:04",-13.6,"58","SW3-M1_2025","N","0.014958",1794.625438,90.49296595,9.507042716,5608.27949983,10919.86598,32257.009
"1444",0,0,NA,0,0,"N","SW3","SW3_EVENT58_W_2025_SW3-M2","SW3_EVENT58_W_2025","W","2025","D",2,-0.273941217656263,"City","M","2025-01-20 03:38:04",-13.6,"58","SW3-M2_2025","Y","0.014958",1794.625438,90.49296595,9.507042716,5608.27949983,10919.86598,32257.009
"1445",0,0,NA,0,0,"Y","SW3","SW3_EVENT59_W_2025_SW3-SF1","SW3_EVENT59_W_2025","W","2025","D",1,-0.273941217656263,"City","SF","2025-01-20 05:51:02",-13.6,"59","SW3-SF1_2025","Y","0.014958",1794.625438,90.49296595,9.507042716,5608.27949983,10919.86598,32257.009
"1446",0,0,NA,1,0,"Y","SW3","SW3_EVENT5_A_2025_SW3-SF1","SW3_EVENT5_A_2025","A","2025","L",1,-0.273941217656263,"City","SF","2025-01-03 11:23:58",-20.1,"5","SW3-SF1_2025","Y","0.014958",1794.625438,90.49296595,9.507042716,5608.27949983,10919.86598,32257.009
"1447",0,0,NA,1,0,"N","SW3","SW3_EVENT5_A_2024_SW3-F2","SW3_EVENT5_A_2024","A","2024","D",1,-0.273941217656263,"City","F"," 2024-03-15 20:05:30",7.5,"5","SW3-F2_2024","Y","0.014958",1794.625438,90.49296595,9.507042716,5608.27949983,10919.86598,32257.009
"1448",0,0,NA,0,0,"Y","SW3","SW3_EVENT60_A_2025_SW3-M1","SW3_EVENT60_A_2025","A","2025","D",1,-0.273941217656263,"City","M","2025-01-20 06:11:56",-13.6,"60","SW3-M1_2025","N","0.014958",1794.625438,90.49296595,9.507042716,5608.27949983,10919.86598,32257.009
"1449",0,0,NA,0,0,"Y","SW3","SW3_EVENT60_W_2025_SW3-M1","SW3_EVENT60_W_2025","W","2025","D",1,-0.273941217656263,"City","M","2025-01-20 06:11:56",-13.6,"60","SW3-M1_2025","N","0.014958",1794.625438,90.49296595,9.507042716,5608.27949983,10919.86598,32257.009
"1450",2,5.983,1,0,0,"Y","SW3","SW3_EVENT61_A_2025_SW3-SF2","SW3_EVENT61_A_2025","A","2025","L",1,-0.273941217656263,"City","SF","2025-01-20 09:10:22",-13.6,"61","SW3-SF2_2025","Y","0.014958",1794.625438,90.49296595,9.507042716,5608.27949983,10919.86598,32257.009
"1451",0,0,NA,0,0,"N","SW3","SW3_EVENT61_W_2025_SW3-SF2","SW3_EVENT61_W_2025","W","2025","L",1,-0.273941217656263,"City","SF","2025-01-20 09:10:10",-13.6,"61","SW3-SF2_2025","Y","0.014958",1794.625438,90.49296595,9.507042716,5608.27949983,10919.86598,32257.009
"1452",1.333,7.783,1,0,0,"Y","SW3","SW3_EVENT62_W_2025_SW3-SF2","SW3_EVENT62_W_2025","W","2025","D",1,-0.273941217656263,"City","SF","2025-01-20 18:43:04",-13.6,"62","SW3-SF2_2025","Y","0.014958",1794.625438,90.49296595,9.507042716,5608.27949983,10919.86598,32257.009
"1453",0,0,NA,0,0,"Y","SW3","SW3_EVENT63_A_2025_SW3-SF2","SW3_EVENT63_A_2025","A","2025","D",1,-0.273941217656263,"City","SF","2025-01-20 20:43:42",-13.6,"63","SW3-SF2_2025","Y","0.014958",1794.625438,90.49296595,9.507042716,5608.27949983,10919.86598,32257.009
"1454",0,0,NA,0,0,"N","SW3","SW3_EVENT63_W_2025_SW3-SF2","SW3_EVENT63_W_2025","W","2025","D",1,-0.273941217656263,"City","SF","2025-01-20 20:50:38",-13.6,"63","SW3-SF2_2025","Y","0.014958",1794.625438,90.49296595,9.507042716,5608.27949983,10919.86598,32257.009
"1455",0,0,NA,0,0,"Y","SW3","SW3_EVENT64_A_2025_SW3-SF2","SW3_EVENT64_A_2025","A","2025","D",1,-0.273941217656263,"City","SF","2025-01-20 21:34:32",-13.6,"64","SW3-SF2_2025","Y","0.014958",1794.625438,90.49296595,9.507042716,5608.27949983,10919.86598,32257.009
"1456",0,0,NA,0,0,"Y","SW3","SW3_EVENT64_W_2025_SW3-SF2","SW3_EVENT64_W_2025","W","2025","D",1,-0.273941217656263,"City","SF","2025-01-20 21:54:44",-13.6,"64","SW3-SF2_2025","Y","0.014958",1794.625438,90.49296595,9.507042716,5608.27949983,10919.86598,32257.009
"1457",0,0,NA,0,0,"Y","SW3","SW3_EVENT65_W_2025_SW3-SF2","SW3_EVENT65_W_2025","W","2025","D",1,-0.273941217656263,"City","SF","2025-01-20 23:49:38",-13.6,"65","SW3-SF2_2025","Y","0.014958",1794.625438,90.49296595,9.507042716,5608.27949983,10919.86598,32257.009
"1458",0,0,NA,0,0,"Y","SW3","SW3_EVENT66_A_2025_SW3-SF2","SW3_EVENT66_A_2025","A","2025","L",1,-0.273941217656263,"City","SF","2025-01-21 12:09:00",-1.2,"66","SW3-SF2_2025","Y","0.014958",1794.625438,90.49296595,9.507042716,5608.27949983,10919.86598,32257.009
"1459",0,0,NA,0,0,"Y","SW3","SW3_EVENT67_W_2025_SW3-SF1","SW3_EVENT67_W_2025","W","2025","D",1,-0.273941217656263,"City","SF","2025-01-21 19:25:55",-1.2,"67","SW3-SF1_2025","Y","0.014958",1794.625438,90.49296595,9.507042716,5608.27949983,10919.86598,32257.009
"1460",0,0,NA,0,0,"Y","SW3","SW3_EVENT68_W_2025_SW3-SF2","SW3_EVENT68_W_2025","W","2025","D",1,-0.273941217656263,"City","SF","2025-01-22 00:01:44",-4.4,"68","SW3-SF2_2025","Y","0.014958",1794.625438,90.49296595,9.507042716,5608.27949983,10919.86598,32257.009
"1461",0,0,NA,1,0,"N","SW3","SW3_EVENT69_W_2025_SW3-F1","SW3_EVENT69_W_2025","W","2025","D",2,-0.273941217656263,"City","F","2025-01-22 00:38:22",-4.4,"69","SW3-F1_2025","N","0.014958",1794.625438,90.49296595,9.507042716,5608.27949983,10919.86598,32257.009
"1462",0,0,NA,1,0,"N","SW3","SW3_EVENT69_W_2025_SW3-M1","SW3_EVENT69_W_2025","W","2025","D",2,-0.273941217656263,"City","M","2025-01-22 00:38:22",-4.4,"69","SW3-M1_2025","N","0.014958",1794.625438,90.49296595,9.507042716,5608.27949983,10919.86598,32257.009
"1463",0,0.533,NA,1,0,"Y","SW3","SW3_EVENT6_W_2025_SW3-F1","SW3_EVENT6_W_2025","W","2025","L",2,-0.273941217656263,"City","F","2025-01-03 13:02:20",-20.1,"6","SW3-F1_2025","N","0.014958",1794.625438,90.49296595,9.507042716,5608.27949983,10919.86598,32257.009
"1464",0,5.85,NA,0,0,"Y","SW3","SW3_EVENT6_W_2025_SW3-M1","SW3_EVENT6_W_2025","W","2025","L",2,-0.273941217656263,"City","M","2025-01-03 13:02:20",-20.1,"6","SW3-M1_2025","N","0.014958",1794.625438,90.49296595,9.507042716,5608.27949983,10919.86598,32257.009
"1465",0,6.133,NA,0,0,"Y","SW3","SW3_EVENT6_W_2024_SW3-F2","SW3_EVENT6_W_2024","W","2024","D",1,-0.273941217656263,"City","F"," 2024-03-17 00:04:00",7.5,"6","SW3-F2_2024","Y","0.014958",1794.625438,90.49296595,9.507042716,5608.27949983,10919.86598,32257.009
"1466",0,0,NA,0,0,"Y","SW3","SW3_EVENT70_W_2025_SW3-M1","SW3_EVENT70_W_2025","W","2025","D",1,-0.273941217656263,"City","M","2025-01-22 01:52:08",-4.4,"70","SW3-M1_2025","N","0.014958",1794.625438,90.49296595,9.507042716,5608.27949983,10919.86598,32257.009
"1467",65.815,107.365,4,0,1,"Y","SW3","SW3_EVENT71_A_2025_SE2-M1","SW3_EVENT71_A_2025","A","2025","D",1,-0.273941217656263,"City","M","2025-01-22 03:03:38",-4.4,"71","SE2-M1_2025","N","0.014958",1794.625438,90.49296595,9.507042716,5608.27949983,10919.86598,32257.009
"1468",68.752,105.919,4,0,1,"Y","SW3","SW3_EVENT71_A_2025_SW3-F1","SW3_EVENT71_A_2025","A","2025","D",1,-0.273941217656263,"City","F","2025-01-22 03:03:38",-4.4,"71","SW3-F1_2025","N","0.014958",1794.625438,90.49296595,9.507042716,5608.27949983,10919.86598,32257.009
"1469",0,0,NA,0,0,"N","SW3","SW3_EVENT71_W_2025_SW3-F1","SW3_EVENT71_W_2025","W","2025","D",1,-0.273941217656263,"City","F","2025-01-22 03:05:02",-4.4,"71","SW3-F1_2025","N","0.014958",1794.625438,90.49296595,9.507042716,5608.27949983,10919.86598,32257.009
"1470",0,0,NA,0,0,"N","SW3","SW3_EVENT72_W_2025_SW3-F1","SW3_EVENT72_W_2025","W","2025","D",1,-0.273941217656263,"City","F","2025-01-22 04:31:28",-4.4,"72","SW3-F1_2025","N","0.014958",1794.625438,90.49296595,9.507042716,5608.27949983,10919.86598,32257.009
"1471",0,0,NA,1,0,"Y","SW3","SW3_EVENT73_W_2025_SW3-M1","SW3_EVENT73_W_2025","W","2025","L",1,-0.273941217656263,"City","M","2025-01-22 10:11:14",-4.4,"73","SW3-M1_2025","N","0.014958",1794.625438,90.49296595,9.507042716,5608.27949983,10919.86598,32257.009
"1472",0,0,NA,0,0,"Y","SW3","SW3_EVENT74_W_2025_SW3-SF2","SW3_EVENT74_W_2025","W","2025","D",1,-0.273941217656263,"City","SF","2025-01-22 20:49:42",-4.4,"74","SW3-SF2_2025","Y","0.014958",1794.625438,90.49296595,9.507042716,5608.27949983,10919.86598,32257.009
"1473",0,0,NA,0,0,"Y","SW3","SW3_EVENT75_A_2025_SW3-M1","SW3_EVENT75_A_2025","A","2025","L",1,-0.273941217656263,"City","M","2025-01-23 09:43:14",-1.4,"75","SW3-M1_2025","N","0.014958",1794.625438,90.49296595,9.507042716,5608.27949983,10919.86598,32257.009
"1474",0,0,NA,0,0,"Y","SW3","SW3_EVENT76_A_2025_SW3-M1","SW3_EVENT76_A_2025","A","2025","L",1,-0.273941217656263,"City","M","2025-01-23 10:21:42",-1.4,"76","SW3-M1_2025","N","0.014958",1794.625438,90.49296595,9.507042716,5608.27949983,10919.86598,32257.009
"1475",0,0,NA,0,0,"Y","SW3","SW3_EVENT77_W_2025_SW3-SF2","SW3_EVENT77_W_2025","W","2025","L",1,-0.273941217656263,"City","SF","2025-01-23 12:06:16",-1.4,"77","SW3-SF2_2025","Y","0.014958",1794.625438,90.49296595,9.507042716,5608.27949983,10919.86598,32257.009
"1476",0,0,NA,0,0,"N","SW3","SW3_EVENT78_W_2025_SW3-M1","SW3_EVENT78_W_2025","W","2025","L",1,-0.273941217656263,"City","M","2025-01-23 17:03:12",-1.4,"78","SW3-M1_2025","N","0.014958",1794.625438,90.49296595,9.507042716,5608.27949983,10919.86598,32257.009
"1477",0,0,NA,0,0,"Y","SW3","SW3_EVENT79_A_2025_SW3-SF2","SW3_EVENT79_A_2025","A","2025","D",1,-0.273941217656263,"City","SF","2025-01-23 20:16:40",-1.4,"79","SW3-SF2_2025","Y","0.014958",1794.625438,90.49296595,9.507042716,5608.27949983,10919.86598,32257.009
"1478",0,0,NA,0,0,"Y","SW3","SW3_EVENT79_W_2025_SW3-SF2","SW3_EVENT79_W_2025","W","2025","D",1,-0.273941217656263,"City","SF","2025-01-23 20:16:50",-1.4,"79","SW3-SF2_2025","Y","0.014958",1794.625438,90.49296595,9.507042716,5608.27949983,10919.86598,32257.009
"1479",0,8.399,NA,1,0,"Y","SW3","SW3_EVENT7_A_2025_SW3-F1","SW3_EVENT7_A_2025","A","2025","L",1,-0.273941217656263,"City","F","2025-01-03 17:18:14",-4.5,"7","SW3-F1_2025","N","0.014958",1794.625438,90.49296595,9.507042716,5608.27949983,10919.86598,32257.009
"1480",0,0,NA,0,0,"Y","SW3","SW3_EVENT7_A_2024_SW3-F2","SW3_EVENT7_A_2024","A","2024","D",1,-0.273941217656263,"City","F"," 2024-03-19 03:55:49",-0.3,"7","SW3-F2_2024","Y","0.014958",1794.625438,90.49296595,9.507042716,5608.27949983,10919.86598,32257.009
"1481",0,1.9,NA,0,0,"Y","SW3","SW3_EVENT80_A_2025_SW3-F1","SW3_EVENT80_A_2025","A","2025","D",1,-0.273941217656263,"City","F","2025-01-23 21:32:46",-1.4,"80","SW3-F1_2025","N","0.014958",1794.625438,90.49296595,9.507042716,5608.27949983,10919.86598,32257.009
"1482",0,0,NA,0,0,"Y","SW3","SW3_EVENT80_A_2025_SW3-M1","SW3_EVENT80_A_2025","A","2025","D",1,-0.273941217656263,"City","M","2025-01-23 21:32:46",-1.4,"80","SW3-M1_2025","N","0.014958",1794.625438,90.49296595,9.507042716,5608.27949983,10919.86598,32257.009
"1483",0,0,NA,0,0,"N","SW3","SW3_EVENT80_W_2025_SW3-F1","SW3_EVENT80_W_2025","W","2025","D",1,-0.273941217656263,"City","F","2025-01-23 21:33:04",-1.4,"80","SW3-F1_2025","N","0.014958",1794.625438,90.49296595,9.507042716,5608.27949983,10919.86598,32257.009
"1484",0,0,NA,0,0,"N","SW3","SW3_EVENT80_W_2025_SW3-M1","SW3_EVENT80_W_2025","W","2025","D",1,-0.273941217656263,"City","M","2025-01-23 21:33:04",-1.4,"80","SW3-M1_2025","N","0.014958",1794.625438,90.49296595,9.507042716,5608.27949983,10919.86598,32257.009
"1485",0,0,NA,0,0,"Y","SW3","SW3_EVENT81_A_2025_SW3-SF1","SW3_EVENT81_A_2025","A","2025","D",1,-0.273941217656263,"City","SF","2025-01-24 00:10:36",-4.8,"81","SW3-SF1_2025","Y","0.014958",1794.625438,90.49296595,9.507042716,5608.27949983,10919.86598,32257.009
"1486",0,0,NA,0,0,"N","SW3","SW3_EVENT81_W_2025_SW3-SF1","SW3_EVENT81_W_2025","W","2025","D",1,-0.273941217656263,"City","SF","2025-01-24 00:06:58",-4.8,"81","SW3-SF1_2025","Y","0.014958",1794.625438,90.49296595,9.507042716,5608.27949983,10919.86598,32257.009
"1487",0.932,18.034,2,0,0,"Y","SW3","SW3_EVENT82_W_2025_SW3-SM1","SW3_EVENT82_W_2025","W","2025","D",1,-0.273941217656263,"City","SM","2025-01-24 03:26:56",-4.8,"82","SW3-SM1_2025","Y","0.014958",1794.625438,90.49296595,9.507042716,5608.27949983,10919.86598,32257.009
"1488",0,0.3,NA,0,0,"Y","SW3","SW3_EVENT83_W_2025_SW3-SF2","SW3_EVENT83_W_2025","W","2025","D",1,-0.273941217656263,"City","SF","2025-01-24 07:15:28",-4.8,"83","SW3-SF2_2025","Y","0.014958",1794.625438,90.49296595,9.507042716,5608.27949983,10919.86598,32257.009
"1489",0,0,NA,1,0,"Y","SW3","SW3_EVENT84_A_2025_SW3-F1","SW3_EVENT84_A_2025","A","2025","D",1,-0.273941217656263,"City","F","2025-01-24 23:26:28",-4.8,"84","SW3-F1_2025","N","0.014958",1794.625438,90.49296595,9.507042716,5608.27949983,10919.86598,32257.009
"1490",0,0,NA,0,0,"Y","SW3","SW3_EVENT84_W_2025_SW3-F1","SW3_EVENT84_W_2025","W","2025","D",1,-0.273941217656263,"City","F","2025-01-24 23:26:44",-4.8,"84","SW3-F1_2025","N","0.014958",1794.625438,90.49296595,9.507042716,5608.27949983,10919.86598,32257.009
"1491",0,0,NA,1,0,"Y","SW3","SW3_EVENT85_A_2025_SW3-F1","SW3_EVENT85_A_2025","A","2025","D",1,-0.273941217656263,"City","F","2025-01-25 00:28:30",-4.3,"85","SW3-F1_2025","N","0.014958",1794.625438,90.49296595,9.507042716,5608.27949983,10919.86598,32257.009
"1492",0,0,NA,0,0,"N","SW3","SW3_EVENT85_W_2025_SW3-F1","SW3_EVENT85_W_2025","W","2025","D",1,-0.273941217656263,"City","F","2025-01-25 00:29:54",-4.3,"85","SW3-F1_2025","N","0.014958",1794.625438,90.49296595,9.507042716,5608.27949983,10919.86598,32257.009
"1493",0,0,NA,0,0,"Y","SW3","SW3_EVENT86_A_2025_SW3-SF1","SW3_EVENT86_A_2025","A","2025","L",1,-0.273941217656263,"City","SF","2025-01-25 14:37:42",-4.3,"86","SW3-SF1_2025","Y","0.014958",1794.625438,90.49296595,9.507042716,5608.27949983,10919.86598,32257.009
"1494",0,0,NA,0,0,"Y","SW3","SW3_EVENT87_W_2025_SW3-SF1","SW3_EVENT87_W_2025","W","2025","L",1,-0.273941217656263,"City","SF","2025-01-25 17:09:46",-4.3,"87","SW3-SF1_2025","Y","0.014958",1794.625438,90.49296595,9.507042716,5608.27949983,10919.86598,32257.009
"1495",0,0,NA,0,0,"Y","SW3","SW3_EVENT88_W_2025_SW3-SF1","SW3_EVENT88_W_2025","W","2025","D",1,-0.273941217656263,"City","SF","2025-01-26 01:08:00",1,"88","SW3-SF1_2025","Y","0.014958",1794.625438,90.49296595,9.507042716,5608.27949983,10919.86598,32257.009
"1496",0,0,NA,1,0,"Y","SW3","SW3_EVENT89_W_2025_SW3-M1","SW3_EVENT89_W_2025","W","2025","L",1,-0.273941217656263,"City","M","2025-01-26 08:20:28",1,"89","SW3-M1_2025","N","0.014958",1794.625438,90.49296595,9.507042716,5608.27949983,10919.86598,32257.009
"1497",0,0,NA,0,0,"N","SW3","SW3_EVENT8_A_2025_SW3-M1","SW3_EVENT8_A_2025","A","2025","D",1,-0.273941217656263,"City","M","2025-01-03 18:57:00",-20.1,"8","SW3-M1_2025","N","0.014958",1794.625438,90.49296595,9.507042716,5608.27949983,10919.86598,32257.009
"1498",0,0.95,NA,0,0,"Y","SW3","SW3_EVENT8_W_2025_SW3-M1","SW3_EVENT8_W_2025","W","2025","D",1,-0.273941217656263,"City","M","2025-01-03 18:56:36",-20.1,"8","SW3-M1_2025","N","0.014958",1794.625438,90.49296595,9.507042716,5608.27949983,10919.86598,32257.009
"1499",0,0,NA,1,0,"Y","SW3","SW3_EVENT8_W_2024_SW3-F1","SW3_EVENT8_W_2024","W","2024","D",1,-0.273941217656263,"City","F"," 2024-03-23 05:12:28",-6.3,"8","SW3-F1_2024","N","0.014958",1794.625438,90.49296595,9.507042716,5608.27949983,10919.86598,32257.009
"1500",2.717,8.25,2,0,0,"Y","SW3","SW3_EVENT90_W_2025_SW3-SF1","SW3_EVENT90_W_2025","W","2025","D",1,-0.273941217656263,"City","SF","2025-01-27 20:30:28",4.8,"90","SW3-SF1_2025","Y","0.014958",1794.625438,90.49296595,9.507042716,5608.27949983,10919.86598,32257.009
"1501",0,0,NA,0,0,"Y","SW3","SW3_EVENT91_W_2025_SW3-F1","SW3_EVENT91_W_2025","W","2025","D",1,-0.273941217656263,"City","F","2025-01-28 05:31:20",3.5,"91","SW3-F1_2025","N","0.014958",1794.625438,90.49296595,9.507042716,5608.27949983,10919.86598,32257.009
"1502",0,3.583,NA,0,0,"Y","SW3","SW3_EVENT92_A_2025_SW3-M1","SW3_EVENT92_A_2025","A","2025","D",1,-0.273941217656263,"City","M","2025-01-28 17:54:30",3.5,"92","SW3-M1_2025","N","0.014958",1794.625438,90.49296595,9.507042716,5608.27949983,10919.86598,32257.009
"1503",0,0,NA,0,0,"Y","SW3","SW3_EVENT93_W_2025_SW3-SM1","SW3_EVENT93_W_2025","W","2025","D",1,-0.273941217656263,"City","SM","2025-01-28 23:12:38",3.5,"93","SW3-SM1_2025","Y","0.014958",1794.625438,90.49296595,9.507042716,5608.27949983,10919.86598,32257.009
"1504",0.8,1.384,1,1,0,"Y","SW3","SW3_EVENT94_W_2025_SW3-SM1","SW3_EVENT94_W_2025","W","2025","D",1,-0.273941217656263,"City","SM","2025-01-28 23:25:40",3.5,"94","SW3-SM1_2025","Y","0.014958",1794.625438,90.49296595,9.507042716,5608.27949983,10919.86598,32257.009
"1505",0,0,NA,0,0,"Y","SW3","SW3_EVENT95_W_2025_SW3-SM1","SW3_EVENT95_W_2025","W","2025","D",1,-0.273941217656263,"City","SM","2025-01-29 21:19:00",0.5,"95","SW3-SM1_2025","Y","0.014958",1794.625438,90.49296595,9.507042716,5608.27949983,10919.86598,32257.009
"1506",0,0.734,NA,0,0,"Y","SW3","SW3_EVENT96_W_2025_SW3-SF2","SW3_EVENT96_W_2025","W","2025","D",1,-0.273941217656263,"City","SF","2025-01-29 22:06:26",0.5,"96","SW3-SF2_2025","Y","0.014958",1794.625438,90.49296595,9.507042716,5608.27949983,10919.86598,32257.009
"1507",6.051,54.281,3,0,0,"Y","SW3","SW3_EVENT97_A_2025_SW3-SM1","SW3_EVENT97_A_2025","A","2025","D",1,-0.273941217656263,"City","SM","2025-01-30 00:50:20",-4.4,"97","SW3-SM1_2025","Y","0.014958",1794.625438,90.49296595,9.507042716,5608.27949983,10919.86598,32257.009
"1508",0,0,NA,0,0,"Y","SW3","SW3_EVENT98_A_2025_SW3-SF2","SW3_EVENT98_A_2025","A","2025","D",1,-0.273941217656263,"City","SF","2025-02-01 00:54:14",-20,"98","SW3-SF2_2025","Y","0.014958",1794.625438,90.49296595,9.507042716,5608.27949983,10919.86598,32257.009
"1509",0,6.149,NA,0,0,"Y","SW3","SW3_EVENT99_A_2025_SW3-SF2","SW3_EVENT99_A_2025","A","2025","L",1,-0.273941217656263,"City","SF","2025-02-01 11:24:26",-20,"99","SW3-SF2_2025","Y","0.014958",1794.625438,90.49296595,9.507042716,5608.27949983,10919.86598,32257.009
"1510",0,0,NA,0,0,"Y","SW3","SW3_EVENT99_W_2025_SW3-SF2","SW3_EVENT99_W_2025","W","2025","L",1,-0.273941217656263,"City","SF","2025-02-01 11:23:20",-20,"99","SW3-SF2_2025","Y","0.014958",1794.625438,90.49296595,9.507042716,5608.27949983,10919.86598,32257.009
"1511",0,0,NA,0,0,"Y","SW3","SW3_EVENT9_W_2025_SW3-F1","SW3_EVENT9_W_2025","W","2025","D",1,-0.273941217656263,"City","F","2025-01-03 19:12:32",-20.1,"9","SW3-F1_2025","N","0.014958",1794.625438,90.49296595,9.507042716,5608.27949983,10919.86598,32257.009
"1512",0,0,NA,0,0,"Y","SW3","SW3_EVENT9_W_2024_SW3-F1","SW3_EVENT9_W_2024","W","2024","D",1,-0.273941217656263,"City","F"," 2024-03-24 00:15:18",-4.3,"9","SW3-F1_2024","N","0.014958",1794.625438,90.49296595,9.507042716,5608.27949983,10919.86598,32257.009
"1513",0,0,NA,0,0,"Y","SW4","SW4_EVENT10_A_2025_SW4-F2","SW4_EVENT10_A_2025","A","2025","L",2,-0.79265481457489,"City","F","2025-01-14 09:53:50",0.5,"10","SW4-F2_2025","N","0.00987",2474.688058,88.49445732,1.27060763,7018.20167798,21156.31348,104622.0486
"1514",0,0,NA,0,0,"Y","SW4","SW4_EVENT10_A_2025_SW4-M1","SW4_EVENT10_A_2025","A","2025","L",2,-0.79265481457489,"City","M","2025-01-14 09:53:50",0.5,"10","SW4-M1_2025","N","0.00987",2474.688058,88.49445732,1.27060763,7018.20167798,21156.31348,104622.0486
"1515",0,1.034,NA,0,0,"Y","SW4","SW4_EVENT10_W_2025_SW4-F2","SW4_EVENT10_W_2025","W","2025","L",2,-0.79265481457489,"City","F","2025-01-14 09:53:13",0.5,"10","SW4-F2_2025","N","0.00987",2474.688058,88.49445732,1.27060763,7018.20167798,21156.31348,104622.0486
"1516",2.233,5.867,2,0,0,"Y","SW4","SW4_EVENT10_W_2025_SW4-M1","SW4_EVENT10_W_2025","W","2025","L",2,-0.79265481457489,"City","M","2025-01-14 09:53:13",0.5,"10","SW4-M1_2025","N","0.00987",2474.688058,88.49445732,1.27060763,7018.20167798,21156.31348,104622.0486
"1517",0,0,NA,0,0,"Y","SW4","SW4_EVENT10_W_2024_SW4-F2","SW4_EVENT10_W_2024","W","2024","D",1,-0.79265481457489,"City","F"," 2024-03-14 20:22:50",4,"10","SW4-F2_2024","N","0.00987",2474.688058,88.49445732,1.27060763,7018.20167798,21156.31348,104622.0486
"1518",0,0,NA,0,0,"Y","SW4","SW4_EVENT11_A_2025_SW4-M1","SW4_EVENT11_A_2025","A","2025","L",1,-0.79265481457489,"City","M","2025-01-14 14:19:32",0.5,"11","SW4-M1_2025","N","0.00987",2474.688058,88.49445732,1.27060763,7018.20167798,21156.31348,104622.0486
"1519",0.834,2.133,1,0,0,"Y","SW4","SW4_EVENT11_W_2025_SW4-M1","SW4_EVENT11_W_2025","W","2025","L",1,-0.79265481457489,"City","M","2025-01-14 14:18:00",0.5,"11","SW4-M1_2025","N","0.00987",2474.688058,88.49445732,1.27060763,7018.20167798,21156.31348,104622.0486
"1520",0,8.55,NA,0,0,"Y","SW4","SW4_EVENT11_W_2024_SW4-F2","SW4_EVENT11_W_2024","W","2024","D",1,-0.79265481457489,"City","F"," 2024-03-14 23:13:26",4,"11","SW4-F2_2024","N","0.00987",2474.688058,88.49445732,1.27060763,7018.20167798,21156.31348,104622.0486
"1521",0,0,NA,0,0,"N","SW4","SW4_EVENT12_A_2025_SW4-M1","SW4_EVENT12_A_2025","A","2025","L",1,-0.79265481457489,"City","M","2025-01-14 14:44:06",0.5,"12","SW4-M1_2025","N","0.00987",2474.688058,88.49445732,1.27060763,7018.20167798,21156.31348,104622.0486
"1522",0,0,NA,0,0,"N","SW4","SW4_EVENT12_W_2025_SW4-M1","SW4_EVENT12_W_2025","W","2025","L",1,-0.79265481457489,"City","M","2025-01-14 14:43:12",0.5,"12","SW4-M1_2025","N","0.00987",2474.688058,88.49445732,1.27060763,7018.20167798,21156.31348,104622.0486
"1523",0,0,NA,0,0,"N","SW4","SW4_EVENT12_A_2024_SW4-F1","SW4_EVENT12_A_2024","A","2024","D",2,-0.79265481457489,"City","F"," 2024-03-16 19:30:56",5.8,"12","SW4-F1_2024","N","0.00987",2474.688058,88.49445732,1.27060763,7018.20167798,21156.31348,104622.0486
"1524",0,0,NA,0,0,"Y","SW4","SW4_EVENT12_A_2024_SW4-M1","SW4_EVENT12_A_2024","A","2024","D",2,-0.79265481457489,"City","M"," 2024-03-16 19:30:56",5.8,"12","SW4-M1_2024","N","0.00987",2474.688058,88.49445732,1.27060763,7018.20167798,21156.31348,104622.0486
"1525",0,0,NA,0,0,"Y","SW4","SW4_EVENT12_W_2024_SW4-F1","SW4_EVENT12_W_2024","W","2024","D",2,-0.79265481457489,"City","F"," 2024-03-16 19:30:52",5.8,"12","SW4-F1_2024","N","0.00987",2474.688058,88.49445732,1.27060763,7018.20167798,21156.31348,104622.0486
"1526",0,0,NA,0,0,"N","SW4","SW4_EVENT12_W_2024_SW4-M1","SW4_EVENT12_W_2024","W","2024","D",2,-0.79265481457489,"City","M"," 2024-03-16 19:30:52",5.8,"12","SW4-M1_2024","N","0.00987",2474.688058,88.49445732,1.27060763,7018.20167798,21156.31348,104622.0486
"1527",0,0,NA,0,0,"N","SW4","SW4_EVENT13_A_2025_SW4-F2","SW4_EVENT13_A_2025","A","2025","D",2,-0.79265481457489,"City","F","2025-01-15 17:58:36",3.6,"13","SW4-F2_2025","N","0.00987",2474.688058,88.49445732,1.27060763,7018.20167798,21156.31348,104622.0486
"1528",0,0,NA,0,0,"Y","SW4","SW4_EVENT13_A_2025_SW4-M1","SW4_EVENT13_A_2025","A","2025","D",2,-0.79265481457489,"City","M","2025-01-15 17:58:36",3.6,"13","SW4-M1_2025","N","0.00987",2474.688058,88.49445732,1.27060763,7018.20167798,21156.31348,104622.0486
"1529",0,0,NA,0,0,"Y","SW4","SW4_EVENT13_W_2025_SW4-F2","SW4_EVENT13_W_2025","W","2025","D",2,-0.79265481457489,"City","F","2025-01-15 17:57:56",3.6,"13","SW4-F2_2025","N","0.00987",2474.688058,88.49445732,1.27060763,7018.20167798,21156.31348,104622.0486
"1530",0,0,NA,0,0,"Y","SW4","SW4_EVENT13_W_2025_SW4-M1","SW4_EVENT13_W_2025","W","2025","D",2,-0.79265481457489,"City","M","2025-01-15 17:57:56",3.6,"13","SW4-M1_2025","N","0.00987",2474.688058,88.49445732,1.27060763,7018.20167798,21156.31348,104622.0486
"1531",0,0,NA,0,0,"Y","SW4","SW4_EVENT13_W_2024_SW4-F1","SW4_EVENT13_W_2024","W","2024","D",2,-0.79265481457489,"City","F"," 2024-03-16 22:24:28",5.8,"13","SW4-F1_2024","N","0.00987",2474.688058,88.49445732,1.27060763,7018.20167798,21156.31348,104622.0486
"1532",0,0,NA,0,0,"Y","SW4","SW4_EVENT13_W_2024_SW4-M1","SW4_EVENT13_W_2024","W","2024","D",2,-0.79265481457489,"City","M"," 2024-03-16 22:24:28",5.8,"13","SW4-M1_2024","N","0.00987",2474.688058,88.49445732,1.27060763,7018.20167798,21156.31348,104622.0486
"1533",0,0,NA,0,0,"Y","SW4","SW4_EVENT14_A_2025_SW4-F2","SW4_EVENT14_A_2025","A","2025","D",2,-0.79265481457489,"City","F","2025-01-16 02:59:10",-1.4,"14","SW4-F2_2025","N","0.00987",2474.688058,88.49445732,1.27060763,7018.20167798,21156.31348,104622.0486
"1534",0,0,NA,0,0,"Y","SW4","SW4_EVENT14_A_2025_SW4-M1","SW4_EVENT14_A_2025","A","2025","D",2,-0.79265481457489,"City","M","2025-01-16 02:59:10",-1.4,"14","SW4-M1_2025","N","0.00987",2474.688058,88.49445732,1.27060763,7018.20167798,21156.31348,104622.0486
"1535",0,0.766,NA,0,0,"Y","SW4","SW4_EVENT14_W_2025_SW4-F2","SW4_EVENT14_W_2025","W","2025","D",2,-0.79265481457489,"City","F","2025-01-16 02:58:12",-1.4,"14","SW4-F2_2025","N","0.00987",2474.688058,88.49445732,1.27060763,7018.20167798,21156.31348,104622.0486
"1536",0,0,NA,0,0,"N","SW4","SW4_EVENT14_W_2025_SW4-M1","SW4_EVENT14_W_2025","W","2025","D",2,-0.79265481457489,"City","M","2025-01-16 02:58:12",-1.4,"14","SW4-M1_2025","N","0.00987",2474.688058,88.49445732,1.27060763,7018.20167798,21156.31348,104622.0486
"1537",0,0,NA,0,0,"Y","SW4","SW4_EVENT14_W_2024_SW4-F1","SW4_EVENT14_W_2024","W","2024","D",2,-0.79265481457489,"City","F"," 2024-03-18 22:46:24",9.8,"14","SW4-F1_2024","N","0.00987",2474.688058,88.49445732,1.27060763,7018.20167798,21156.31348,104622.0486
"1538",0,0,NA,0,0,"N","SW4","SW4_EVENT14_W_2024_SW4-M1","SW4_EVENT14_W_2024","W","2024","D",2,-0.79265481457489,"City","M"," 2024-03-18 22:46:24",9.8,"14","SW4-M1_2024","N","0.00987",2474.688058,88.49445732,1.27060763,7018.20167798,21156.31348,104622.0486
"1539",0,18.698,NA,0,0,"Y","SW4","SW4_EVENT15_A_2025_SW4-F1","SW4_EVENT15_A_2025","A","2025","D",1,-0.79265481457489,"City","F","2025-01-17 00:55:20",-11.6,"15","SW4-F1_2025","N","0.00987",2474.688058,88.49445732,1.27060763,7018.20167798,21156.31348,104622.0486
"1540",34.349,136.302,4,0,1,"Y","SW4","SW4_EVENT15_W_2025_SW4-F1","SW4_EVENT15_W_2025","W","2025","D",1,-0.79265481457489,"City","F","2025-01-17 00:50:08",-11.6,"15","SW4-F1_2025","N","0.00987",2474.688058,88.49445732,1.27060763,7018.20167798,21156.31348,104622.0486
"1541",4.3,69.016,1,0,1,"Y","SW4","SW4_EVENT15_W_2024_SW4-F2","SW4_EVENT15_W_2024","W","2024","D",1,-0.79265481457489,"City","F"," 2024-03-19 00:50:38",-0.3,"15","SW4-F2_2024","N","0.00987",2474.688058,88.49445732,1.27060763,7018.20167798,21156.31348,104622.0486
"1542",0,5.149,NA,0,0,"Y","SW4","SW4_EVENT16_A_2025_SW4-F1","SW4_EVENT16_A_2025","A","2025","D",1,-0.79265481457489,"City","F","2025-01-17 02:34:06",-11.6,"16","SW4-F1_2025","N","0.00987",2474.688058,88.49445732,1.27060763,7018.20167798,21156.31348,104622.0486
"1543",0.434,22.866,1,0,0,"Y","SW4","SW4_EVENT16_W_2025_SW4-F1","SW4_EVENT16_W_2025","W","2025","D",1,-0.79265481457489,"City","F","2025-01-17 02:32:28",-11.6,"16","SW4-F1_2025","N","0.00987",2474.688058,88.49445732,1.27060763,7018.20167798,21156.31348,104622.0486
"1544",0.85,4.349,1,0,0,"Y","SW4","SW4_EVENT16_W_2024_SW4-M1","SW4_EVENT16_W_2024","W","2024","D",1,-0.79265481457489,"City","M"," 2024-03-19 22:19:32",-0.3,"16","SW4-M1_2024","N","0.00987",2474.688058,88.49445732,1.27060763,7018.20167798,21156.31348,104622.0486
"1545",0,0,NA,0,0,"N","SW4","SW4_EVENT17_A_2025_SW4-F2","SW4_EVENT17_A_2025","A","2025","D",2,-0.79265481457489,"City","F","2025-01-17 05:37:06",-11.6,"17","SW4-F2_2025","N","0.00987",2474.688058,88.49445732,1.27060763,7018.20167798,21156.31348,104622.0486
"1546",0,0,NA,0,0,"Y","SW4","SW4_EVENT17_A_2025_SW4-M1","SW4_EVENT17_A_2025","A","2025","D",2,-0.79265481457489,"City","M","2025-01-17 05:37:06",-11.6,"17","SW4-M1_2025","N","0.00987",2474.688058,88.49445732,1.27060763,7018.20167798,21156.31348,104622.0486
"1547",0,22.75,NA,0,0,"Y","SW4","SW4_EVENT17_W_2025_SW4-F2","SW4_EVENT17_W_2025","W","2025","D",2,-0.79265481457489,"City","F","2025-01-17 05:35:08",-11.6,"17","SW4-F2_2025","N","0.00987",2474.688058,88.49445732,1.27060763,7018.20167798,21156.31348,104622.0486
"1548",3.55,27.883,1,0,0,"Y","SW4","SW4_EVENT17_W_2025_SW4-M1","SW4_EVENT17_W_2025","W","2025","D",2,-0.79265481457489,"City","M","2025-01-17 05:35:08",-11.6,"17","SW4-M1_2025","N","0.00987",2474.688058,88.49445732,1.27060763,7018.20167798,21156.31348,104622.0486
"1549",0,0,NA,1,0,"Y","SW4","SW4_EVENT17_W_2024_SW4-F1","SW4_EVENT17_W_2024","W","2024","D",1,-0.79265481457489,"City","F"," 2024-03-21 23:20:48",-5.6,"17","SW4-F1_2024","N","0.00987",2474.688058,88.49445732,1.27060763,7018.20167798,21156.31348,104622.0486
"1550",0,1.983,NA,0,0,"Y","SW4","SW4_EVENT17_W_2024_SW4-M1","SW4_EVENT17_W_2024","W","2024","D",1,-0.79265481457489,"City","M"," 2024-03-21 23:20:48",-5.6,"17","SW4-M1_2024","N","0.00987",2474.688058,88.49445732,1.27060763,7018.20167798,21156.31348,104622.0486
"1551",11.616,35.467,2,0,0,"Y","SW4","SW4_EVENT18_W_2025_SW4-U1","SW4_EVENT18_W_2025","W","2025","L",1,-0.79265481457489,"City","U","2025-01-19 12:04:08",-23.5,"18","SW4-U1_2025","Y","0.00987",2474.688058,88.49445732,1.27060763,7018.20167798,21156.31348,104622.0486
"1552",0,0,NA,0,0,"N","SW4","SW4_EVENT18_W_2024_SW4-U3","SW4_EVENT18_W_2024","W","2024","D",1,-0.79265481457489,"City","U"," 2024-03-22 20:19:42",-8.4,"18","SW4-U3_2024","N","0.00987",2474.688058,88.49445732,1.27060763,7018.20167798,21156.31348,104622.0486
"1553",14.2,17.75,1,0,0,"Y","SW4","SW4_EVENT19_W_2025_SW4-F2","SW4_EVENT19_W_2025","W","2025","D",1,-0.79265481457489,"City","F","2025-01-22 06:58:38",-4.4,"19","SW4-F2_2025","N","0.00987",2474.688058,88.49445732,1.27060763,7018.20167798,21156.31348,104622.0486
"1554",0,0,NA,0,0,"Y","SW4","SW4_EVENT19_W_2024_SW4-M2","SW4_EVENT19_W_2024","W","2024","L",1,-0.79265481457489,"City","M"," 2024-03-23 09:59:24",-6.3,"19","SW4-M2_2024","N","0.00987",2474.688058,88.49445732,1.27060763,7018.20167798,21156.31348,104622.0486
"1555",0,2.367,NA,0,0,"Y","SW4","SW4_EVENT1_W_2025_SW4-F1","SW4_EVENT1_W_2025","W","2025","D",1,-0.79265481457489,"City","F","2025-01-02 19:19:36",-20.1,"1","SW4-F1_2025","N","0.00987",2474.688058,88.49445732,1.27060763,7018.20167798,21156.31348,104622.0486
"1556",0,0,NA,0,0,"Y","SW4","SW4_EVENT1_W_2024_SW4-U4","SW4_EVENT1_W_2024","W","2024","L",1,-0.79265481457489,"City","U"," 2024-03-09 14:09:52",1.1,"1","SW4-U4_2024","N","0.00987",2474.688058,88.49445732,1.27060763,7018.20167798,21156.31348,104622.0486
"1557",0,0,NA,1,0,"N","SW4","SW4_EVENT20_A_2025_SW4-M1","SW4_EVENT20_A_2025","A","2025","L",1,-0.79265481457489,"City","M","2025-01-22 10:21:52",-4.4,"20","SW4-M1_2025","N","0.00987",2474.688058,88.49445732,1.27060763,7018.20167798,21156.31348,104622.0486
"1558",0,0,NA,1,0,"N","SW4","SW4_EVENT20_W_2025_SW4-M1","SW4_EVENT20_W_2025","W","2025","L",1,-0.79265481457489,"City","M","2025-01-22 10:21:02",-4.4,"20","SW4-M1_2025","N","0.00987",2474.688058,88.49445732,1.27060763,7018.20167798,21156.31348,104622.0486
"1559",0,0,NA,0,0,"N","SW4","SW4_EVENT20_W_2024_SW4-SM1","SW4_EVENT20_W_2024","W","2024","L",1,-0.79265481457489,"City","SM"," 2024-03-23 10:20:30",-6.3,"20","SW4-SM1_2024","Y","0.00987",2474.688058,88.49445732,1.27060763,7018.20167798,21156.31348,104622.0486
"1560",0,0,NA,0,0,"N","SW4","SW4_EVENT21_A_2025_SW4-M1","SW4_EVENT21_A_2025","A","2025","D",1,-0.79265481457489,"City","M","2025-01-22 18:17:36",-4.4,"21","SW4-M1_2025","N","0.00987",2474.688058,88.49445732,1.27060763,7018.20167798,21156.31348,104622.0486
"1561",0,0,NA,0,0,"N","SW4","SW4_EVENT21_W_2025_SW4-M1","SW4_EVENT21_W_2025","W","2025","D",1,-0.79265481457489,"City","M","2025-01-22 18:16:38",-4.4,"21","SW4-M1_2025","N","0.00987",2474.688058,88.49445732,1.27060763,7018.20167798,21156.31348,104622.0486
"1562",0,0,NA,0,0,"Y","SW4","SW4_EVENT21_W_2024_SW4-U4","SW4_EVENT21_W_2024","W","2024","L",1,-0.79265481457489,"City","U"," 2024-03-23 10:37:08",-6.3,"21","SW4-U4_2024","N","0.00987",2474.688058,88.49445732,1.27060763,7018.20167798,21156.31348,104622.0486
"1563",0,1.517,NA,0,0,"Y","SW4","SW4_EVENT22_W_2025_SW4-M1","SW4_EVENT22_W_2025","W","2025","D",1,-0.79265481457489,"City","M","2025-01-23 20:42:36",-1.4,"22","SW4-M1_2025","N","0.00987",2474.688058,88.49445732,1.27060763,7018.20167798,21156.31348,104622.0486
"1564",0,0,NA,0,0,"Y","SW4","SW4_EVENT22_W_2024_SW4-F1","SW4_EVENT22_W_2024","W","2024","D",2,-0.79265481457489,"City","F"," 2024-03-25 20:55:02",-4.7,"22","SW4-F1_2024","N","0.00987",2474.688058,88.49445732,1.27060763,7018.20167798,21156.31348,104622.0486
"1565",0,0,NA,0,0,"N","SW4","SW4_EVENT22_W_2024_SW4-M1","SW4_EVENT22_W_2024","W","2024","D",2,-0.79265481457489,"City","M"," 2024-03-25 20:55:02",-4.7,"22","SW4-M1_2024","N","0.00987",2474.688058,88.49445732,1.27060763,7018.20167798,21156.31348,104622.0486
"1566",0,0,NA,1,0,"N","SW4","SW4_EVENT23_A_2025_SW4-F2","SW4_EVENT23_A_2025","A","2025","D",2,-0.79265481457489,"City","F","2025-01-23 22:07:46",-1.4,"23","SW4-F2_2025","N","0.00987",2474.688058,88.49445732,1.27060763,7018.20167798,21156.31348,104622.0486
"1567",0,0,NA,1,0,"N","SW4","SW4_EVENT23_A_2025_SW4-M1","SW4_EVENT23_A_2025","A","2025","D",2,-0.79265481457489,"City","M","2025-01-23 22:07:46",-1.4,"23","SW4-M1_2025","N","0.00987",2474.688058,88.49445732,1.27060763,7018.20167798,21156.31348,104622.0486
"1568",0,0,NA,0,0,"N","SW4","SW4_EVENT23_W_2025_SW4-F2","SW4_EVENT23_W_2025","W","2025","D",2,-0.79265481457489,"City","F","2025-01-23 22:07:36",-1.4,"23","SW4-F2_2025","N","0.00987",2474.688058,88.49445732,1.27060763,7018.20167798,21156.31348,104622.0486
"1569",0,0,NA,1,0,"N","SW4","SW4_EVENT23_W_2025_SW4-M1","SW4_EVENT23_W_2025","W","2025","D",2,-0.79265481457489,"City","M","2025-01-23 22:07:36",-1.4,"23","SW4-M1_2025","N","0.00987",2474.688058,88.49445732,1.27060763,7018.20167798,21156.31348,104622.0486
"1570",0,0,NA,0,0,"Y","SW4","SW4_EVENT23_W_2024_SW4-F1","SW4_EVENT23_W_2024","W","2024","D",3,-0.79265481457489,"City","F"," 2024-03-26 20:42:32",-3.3,"23","SW4-F1_2024","N","0.00987",2474.688058,88.49445732,1.27060763,7018.20167798,21156.31348,104622.0486
"1571",0,0,NA,0,0,"Y","SW4","SW4_EVENT23_W_2024_SW4-M1","SW4_EVENT23_W_2024","W","2024","D",3,-0.79265481457489,"City","M"," 2024-03-26 20:42:32",-3.3,"23","SW4-M1_2024","N","0.00987",2474.688058,88.49445732,1.27060763,7018.20167798,21156.31348,104622.0486
"1572",0,0.283,NA,0,0,"Y","SW4","SW4_EVENT23_W_2024_SW4-SM1","SW4_EVENT23_W_2024","W","2024","D",3,-0.79265481457489,"City","SM"," 2024-03-26 20:42:32",-3.3,"23","SW4-SM1_2024","Y","0.00987",2474.688058,88.49445732,1.27060763,7018.20167798,21156.31348,104622.0486
"1573",15.631,65.901,3,0,0,"Y","SW4","SW4_EVENT24_A_2025_SW4-F2","SW4_EVENT24_A_2025","A","2025","D",1,-0.79265481457489,"City","F","2025-01-24 04:50:38",-4.8,"24","SW4-F2_2025","N","0.00987",2474.688058,88.49445732,1.27060763,7018.20167798,21156.31348,104622.0486
"1574",30.952,134.801,4,0,1,"Y","SW4","SW4_EVENT24_W_2025_SW4-F2","SW4_EVENT24_W_2025","W","2025","D",1,-0.79265481457489,"City","F","2025-01-24 04:44:46",-4.8,"24","SW4-F2_2025","N","0.00987",2474.688058,88.49445732,1.27060763,7018.20167798,21156.31348,104622.0486
"1575",0.583,2.7,1,0,0,"Y","SW4","SW4_EVENT24_W_2024_SW4-U4","SW4_EVENT24_W_2024","W","2024","L",1,-0.79265481457489,"City","U"," 2024-03-27 11:38:10",3.1,"24","SW4-U4_2024","N","0.00987",2474.688058,88.49445732,1.27060763,7018.20167798,21156.31348,104622.0486
"1576",0,0,NA,0,0,"Y","SW4","SW4_EVENT25_A_2025_SW4-F2","SW4_EVENT25_A_2025","A","2025","L",1,-0.79265481457489,"City","F","2025-01-25 03:11:33",-4.5,"25","SW4-F2_2025","N","0.00987",2474.688058,88.49445732,1.27060763,7018.20167798,21156.31348,104622.0486
"1577",0,8.517,NA,0,0,"Y","SW4","SW4_EVENT25_W_2025_SW4-F2","SW4_EVENT25_W_2025","W","2025","D",1,-0.79265481457489,"City","F","2025-01-25 03:11:33",-4.3,"25","SW4-F2_2025","N","0.00987",2474.688058,88.49445732,1.27060763,7018.20167798,21156.31348,104622.0486
"1578",0,0,NA,0,0,"N","SW4","SW4_EVENT25_W_2024_SW4-F1","SW4_EVENT25_W_2024","W","2024","L",3,-0.79265481457489,"City","F"," 2024-03-28 18:45:04",-3.7,"25","SW4-F1_2024","N","0.00987",2474.688058,88.49445732,1.27060763,7018.20167798,21156.31348,104622.0486
"1579",0,0,NA,0,0,"Y","SW4","SW4_EVENT25_W_2024_SW4-M1","SW4_EVENT25_W_2024","W","2024","L",3,-0.79265481457489,"City","M"," 2024-03-28 18:45:04",-3.7,"25","SW4-M1_2024","N","0.00987",2474.688058,88.49445732,1.27060763,7018.20167798,21156.31348,104622.0486
"1580",0,0,NA,0,0,"Y","SW4","SW4_EVENT25_W_2024_SW4-SM1","SW4_EVENT25_W_2024","W","2024","L",3,-0.79265481457489,"City","SM"," 2024-03-28 18:45:04",-3.7,"25","SW4-SM1_2024","Y","0.00987",2474.688058,88.49445732,1.27060763,7018.20167798,21156.31348,104622.0486
"1581",0,0.467,NA,0,0,"Y","SW4","SW4_EVENT26_A_2025_SW4-F2","SW4_EVENT26_A_2025","A","2025","D",2,-0.79265481457489,"City","F","2025-01-25 03:49:04",-4.3,"26","SW4-F2_2025","N","0.00987",2474.688058,88.49445732,1.27060763,7018.20167798,21156.31348,104622.0486
"1582",0,0,NA,0,0,"N","SW4","SW4_EVENT26_A_2025_SW4-M1","SW4_EVENT26_A_2025","A","2025","D",2,-0.79265481457489,"City","M","2025-01-25 03:49:04",-4.3,"26","SW4-M1_2025","N","0.00987",2474.688058,88.49445732,1.27060763,7018.20167798,21156.31348,104622.0486
"1583",5.416,5.984,1,0,0,"Y","SW4","SW4_EVENT26_W_2025_SW4-F2","SW4_EVENT26_W_2025","W","2025","D",2,-0.79265481457489,"City","F","2025-01-25 03:48:04",-4.3,"26","SW4-F2_2025","N","0.00987",2474.688058,88.49445732,1.27060763,7018.20167798,21156.31348,104622.0486
"1584",0,3.5,NA,0,0,"Y","SW4","SW4_EVENT26_W_2025_SW4-M1","SW4_EVENT26_W_2025","W","2025","D",2,-0.79265481457489,"City","M","2025-01-25 03:48:04",-4.3,"26","SW4-M1_2025","N","0.00987",2474.688058,88.49445732,1.27060763,7018.20167798,21156.31348,104622.0486
"1585",0,0,NA,0,0,"N","SW4","SW4_EVENT26_W_2024_SW4-M2","SW4_EVENT26_W_2024","W","2024","D",1,-0.79265481457489,"City","M"," 2024-03-29 00:39:22",-4.9,"26","SW4-M2_2024","N","0.00987",2474.688058,88.49445732,1.27060763,7018.20167798,21156.31348,104622.0486
"1586",0,0,NA,0,0,"Y","SW4","SW4_EVENT27_W_2025_SW4-F1","SW4_EVENT27_W_2025","W","2025","D",1,-0.79265481457489,"City","F","2025-01-25 19:42:40",-4.3,"27","SW4-F1_2025","N","0.00987",2474.688058,88.49445732,1.27060763,7018.20167798,21156.31348,104622.0486
"1587",0,0,NA,0,0,"N","SW4","SW4_EVENT27_W_2024_SW4-M2","SW4_EVENT27_W_2024","W","2024","D",1,-0.79265481457489,"City","M"," 2024-03-29 19:34:46",-4.9,"27","SW4-M2_2024","N","0.00987",2474.688058,88.49445732,1.27060763,7018.20167798,21156.31348,104622.0486
"1588",0,0,NA,0,0,"N","SW4","SW4_EVENT28_A_2025_SW4-F1","SW4_EVENT28_A_2025","A","2025","D",1,-0.79265481457489,"City","F","2025-01-26 21:37:19",1,"28","SW4-F1_2025","N","0.00987",2474.688058,88.49445732,1.27060763,7018.20167798,21156.31348,104622.0486
"1589",0,0,NA,0,0,"N","SW4","SW4_EVENT28_W_2025_SW4-F1","SW4_EVENT28_W_2025","W","2025","D",1,-0.79265481457489,"City","F","2025-01-26 21:36:52",1,"28","SW4-F1_2025","N","0.00987",2474.688058,88.49445732,1.27060763,7018.20167798,21156.31348,104622.0486
"1590",0,0,NA,0,0,"Y","SW4","SW4_EVENT28_W_2024_SW4-SM1","SW4_EVENT28_W_2024","W","2024","D",1,-0.79265481457489,"City","SM"," 2024-03-31 04:24:14",1.5,"28","SW4-SM1_2024","Y","0.00987",2474.688058,88.49445732,1.27060763,7018.20167798,21156.31348,104622.0486
"1591",0,0,NA,0,0,"N","SW4","SW4_EVENT29_A_2025_SW4-F2","SW4_EVENT29_A_2025","A","2025","D",2,-0.79265481457489,"City","F","2025-01-27 19:28:16",4.8,"29","SW4-F2_2025","N","0.00987",2474.688058,88.49445732,1.27060763,7018.20167798,21156.31348,104622.0486
"1592",0,0,NA,0,0,"N","SW4","SW4_EVENT29_A_2025_SW4-M1","SW4_EVENT29_A_2025","A","2025","D",2,-0.79265481457489,"City","M","2025-01-27 19:28:16",4.8,"29","SW4-M1_2025","N","0.00987",2474.688058,88.49445732,1.27060763,7018.20167798,21156.31348,104622.0486
"1593",0,0,NA,0,0,"N","SW4","SW4_EVENT29_W_2025_SW4-F2","SW4_EVENT29_W_2025","W","2025","D",2,-0.79265481457489,"City","F","2025-01-27 19:27:52",4.8,"29","SW4-F2_2025","N","0.00987",2474.688058,88.49445732,1.27060763,7018.20167798,21156.31348,104622.0486
"1594",0,14.533,NA,0,0,"Y","SW4","SW4_EVENT29_W_2025_SW4-M1","SW4_EVENT29_W_2025","W","2025","D",2,-0.79265481457489,"City","M","2025-01-27 19:27:52",4.8,"29","SW4-M1_2025","N","0.00987",2474.688058,88.49445732,1.27060763,7018.20167798,21156.31348,104622.0486
"1595",0,0,NA,0,0,"N","SW4","SW4_EVENT29_W_2024_SW4-U2","SW4_EVENT29_W_2024","W","2024","D",1,-0.79265481457489,"City","U"," 2024-03-31 23:17:48",1.5,"29","SW4-U2_2024","N","0.00987",2474.688058,88.49445732,1.27060763,7018.20167798,21156.31348,104622.0486
"1596",0,0,NA,0,0,"Y","SW4","SW4_EVENT2_A_2025_SW4-F1","SW4_EVENT2_A_2025","A","2025","L",1,-0.79265481457489,"City","F","2025-01-02 23:37:32",-4.5,"2","SW4-F1_2025","N","0.00987",2474.688058,88.49445732,1.27060763,7018.20167798,21156.31348,104622.0486
"1597",0,0,NA,0,0,"Y","SW4","SW4_EVENT2_W_2024_SW4-F1","SW4_EVENT2_W_2024","W","2024","D",2,-0.79265481457489,"City","F"," 2024-03-09 23:09:58",1.1,"2","SW4-F1_2024","N","0.00987",2474.688058,88.49445732,1.27060763,7018.20167798,21156.31348,104622.0486
"1598",0,0,NA,0,0,"Y","SW4","SW4_EVENT2_W_2024_SW4-M1","SW4_EVENT2_W_2024","W","2024","D",2,-0.79265481457489,"City","M"," 2024-03-09 23:09:58",1.1,"2","SW4-M1_2024","N","0.00987",2474.688058,88.49445732,1.27060763,7018.20167798,21156.31348,104622.0486
"1599",0,0,NA,0,0,"N","SW4","SW4_EVENT30_A_2025_SW4-F2","SW4_EVENT30_A_2025","A","2025","D",2,-0.79265481457489,"City","F","2025-01-27 21:48:38",4.8,"30","SW4-F2_2025","N","0.00987",2474.688058,88.49445732,1.27060763,7018.20167798,21156.31348,104622.0486
"1600",0,0,NA,0,0,"N","SW4","SW4_EVENT30_A_2025_SW4-M1","SW4_EVENT30_A_2025","A","2025","D",2,-0.79265481457489,"City","M","2025-01-27 21:48:38",4.8,"30","SW4-M1_2025","N","0.00987",2474.688058,88.49445732,1.27060763,7018.20167798,21156.31348,104622.0486
"1601",0,0,NA,0,0,"N","SW4","SW4_EVENT30_W_2025_SW4-F2","SW4_EVENT30_W_2025","W","2025","D",2,-0.79265481457489,"City","F","2025-01-27 21:48:10",4.8,"30","SW4-F2_2025","N","0.00987",2474.688058,88.49445732,1.27060763,7018.20167798,21156.31348,104622.0486
"1602",0,1.467,NA,0,0,"Y","SW4","SW4_EVENT30_W_2025_SW4-M1","SW4_EVENT30_W_2025","W","2025","D",2,-0.79265481457489,"City","M","2025-01-27 21:48:10",4.8,"30","SW4-M1_2025","N","0.00987",2474.688058,88.49445732,1.27060763,7018.20167798,21156.31348,104622.0486
"1603",0,0.366,NA,0,0,"N","SW4","SW4_EVENT30_W_2024_SW4-M2","SW4_EVENT30_W_2024","W","2024","D",1,-0.79265481457489,"City","M"," 2024-04-01 21:43:02",7,"30","SW4-M2_2024","N","0.00987",2474.688058,88.49445732,1.27060763,7018.20167798,21156.31348,104622.0486
"1604",0,0,NA,0,0,"N","SW4","SW4_EVENT31_W_2025_SW4-F1","SW4_EVENT31_W_2025","W","2025","D",1,-0.79265481457489,"City","F","2025-01-29 05:27:42",0.5,"31","SW4-F1_2025","N","0.00987",2474.688058,88.49445732,1.27060763,7018.20167798,21156.31348,104622.0486
"1605",0,0,NA,0,0,"Y","SW4","SW4_EVENT31_W_2024_SW4-F1","SW4_EVENT31_W_2024","W","2024","D",2,-0.79265481457489,"City","F"," 2024-04-02 04:27:38",9.9,"31","SW4-F1_2024","N","0.00987",2474.688058,88.49445732,1.27060763,7018.20167798,21156.31348,104622.0486
"1606",0,0,NA,0,0,"N","SW4","SW4_EVENT31_W_2024_SW4-M1","SW4_EVENT31_W_2024","W","2024","D",2,-0.79265481457489,"City","M"," 2024-04-02 04:27:38",9.9,"31","SW4-M1_2024","N","0.00987",2474.688058,88.49445732,1.27060763,7018.20167798,21156.31348,104622.0486
"1607",6.6,20.233,1,0,1,"Y","SW4","SW4_EVENT32_A_2025_SW4-F2","SW4_EVENT32_A_2025","A","2025","D",1,-0.79265481457489,"City","F","2025-01-30 04:10:28",-4.4,"32","SW4-F2_2025","N","0.00987",2474.688058,88.49445732,1.27060763,7018.20167798,21156.31348,104622.0486
"1608",38.249,60.533,4,0,1,"Y","SW4","SW4_EVENT32_W_2025_SW4-F2","SW4_EVENT32_W_2025","W","2025","D",1,-0.79265481457489,"City","F","2025-01-30 04:08:04",-4.4,"32","SW4-F2_2025","N","0.00987",2474.688058,88.49445732,1.27060763,7018.20167798,21156.31348,104622.0486
"1609",0,17.433,NA,0,0,"Y","SW4","SW4_EVENT33_A_2025_SW4-F2","SW4_EVENT33_A_2025","A","2025","D",2,-0.79265481457489,"City","F","2025-01-30 05:18:44",-4.4,"33","SW4-F2_2025","N","0.00987",2474.688058,88.49445732,1.27060763,7018.20167798,21156.31348,104622.0486
"1610",0,16.585,NA,0,0,"Y","SW4","SW4_EVENT33_A_2025_SW4-M1","SW4_EVENT33_A_2025","A","2025","D",2,-0.79265481457489,"City","M","2025-01-30 05:18:44",-4.4,"33","SW4-M1_2025","N","0.00987",2474.688058,88.49445732,1.27060763,7018.20167798,21156.31348,104622.0486
"1611",0,0,NA,0,0,"N","SW4","SW4_EVENT33_W_2025_SW4-F2","SW4_EVENT33_W_2025","W","2025","D",2,-0.79265481457489,"City","F","2025-01-30 05:19:12",-4.4,"33","SW4-F2_2025","N","0.00987",2474.688058,88.49445732,1.27060763,7018.20167798,21156.31348,104622.0486
"1612",0,2.201,NA,0,0,"Y","SW4","SW4_EVENT33_W_2025_SW4-M1","SW4_EVENT33_W_2025","W","2025","D",2,-0.79265481457489,"City","M","2025-01-30 05:19:12",-4.4,"33","SW4-M1_2025","N","0.00987",2474.688058,88.49445732,1.27060763,7018.20167798,21156.31348,104622.0486
"1613",0,6.3,NA,0,0,"N","SW4","SW4_EVENT34_A_2025_SW4-F2","SW4_EVENT34_A_2025","A","2025","D",2,-0.79265481457489,"City","F","2025-01-31 05:24:46",-12.5,"34","SW4-F2_2025","N","0.00987",2474.688058,88.49445732,1.27060763,7018.20167798,21156.31348,104622.0486
"1614",0,5.917,NA,0,0,"Y","SW4","SW4_EVENT34_A_2025_SW4-M1","SW4_EVENT34_A_2025","A","2025","D",2,-0.79265481457489,"City","M","2025-01-31 05:24:46",-12.5,"34","SW4-M1_2025","N","0.00987",2474.688058,88.49445732,1.27060763,7018.20167798,21156.31348,104622.0486
"1615",0,2.533,NA,0,0,"Y","SW4","SW4_EVENT34_W_2025_SW4-F2","SW4_EVENT34_W_2025","W","2025","D",2,-0.79265481457489,"City","F","2025-01-31 05:24:51",-12.5,"34","SW4-F2_2025","N","0.00987",2474.688058,88.49445732,1.27060763,7018.20167798,21156.31348,104622.0486
"1616",0,2.767,NA,0,0,"Y","SW4","SW4_EVENT34_W_2025_SW4-M1","SW4_EVENT34_W_2025","W","2025","D",2,-0.79265481457489,"City","M","2025-01-31 05:24:51",-12.5,"34","SW4-M1_2025","N","0.00987",2474.688058,88.49445732,1.27060763,7018.20167798,21156.31348,104622.0486
"1617",0,0,NA,0,0,"Y","SW4","SW4_EVENT35_A_2025_SW4-F2","SW4_EVENT35_A_2025","A","2025","D",2,-0.79265481457489,"City","F","2025-01-31 23:28:04",-12.5,"35","SW4-F2_2025","N","0.00987",2474.688058,88.49445732,1.27060763,7018.20167798,21156.31348,104622.0486
"1618",0,0,NA,0,0,"N","SW4","SW4_EVENT35_A_2025_SW4-M1","SW4_EVENT35_A_2025","A","2025","D",2,-0.79265481457489,"City","M","2025-01-31 23:28:04",-12.5,"35","SW4-M1_2025","N","0.00987",2474.688058,88.49445732,1.27060763,7018.20167798,21156.31348,104622.0486
"1619",0,1.267,NA,0,0,"Y","SW4","SW4_EVENT35_W_2025_SW4-F2","SW4_EVENT35_W_2025","W","2025","D",2,-0.79265481457489,"City","F","2025-01-31 23:27:06",-12.5,"35","SW4-F2_2025","N","0.00987",2474.688058,88.49445732,1.27060763,7018.20167798,21156.31348,104622.0486
"1620",0,0,NA,0,0,"N","SW4","SW4_EVENT35_W_2025_SW4-M1","SW4_EVENT35_W_2025","W","2025","D",2,-0.79265481457489,"City","M","2025-01-31 23:27:06",-12.5,"35","SW4-M1_2025","N","0.00987",2474.688058,88.49445732,1.27060763,7018.20167798,21156.31348,104622.0486
"1621",0,1.134,NA,1,0,"Y","SW4","SW4_EVENT36_W_2025_SW4-U1","SW4_EVENT36_W_2025","W","2025","L",1,-0.79265481457489,"City","U","2025-02-01 14:06:20",-20,"36","SW4-U1_2025","Y","0.00987",2474.688058,88.49445732,1.27060763,7018.20167798,21156.31348,104622.0486
"1622",0,4.117,NA,0,0,"Y","SW4","SW4_EVENT37_W_2025_SW4-M1","SW4_EVENT37_W_2025","W","2025","D",1,-0.79265481457489,"City","M","2025-02-01 17:43:24",-20,"37","SW4-M1_2025","N","0.00987",2474.688058,88.49445732,1.27060763,7018.20167798,21156.31348,104622.0486
"1623",0,0,NA,0,0,"N","SW4","SW4_EVENT38_W_2025_SW4-M1","SW4_EVENT38_W_2025","W","2025","D",1,-0.79265481457489,"City","M","2025-02-01 18:46:18",-20,"38","SW4-M1_2025","N","0.00987",2474.688058,88.49445732,1.27060763,7018.20167798,21156.31348,104622.0486
"1624",0,0,NA,0,0,"N","SW4","SW4_EVENT39_A_2025_SW4-F2","SW4_EVENT39_A_2025","A","2025","D",1,-0.79265481457489,"City","F","2025-02-02 05:33:26",-24.9,"39","SW4-F2_2025","N","0.00987",2474.688058,88.49445732,1.27060763,7018.20167798,21156.31348,104622.0486
"1625",0,1.333,NA,0,0,"Y","SW4","SW4_EVENT39_W_2025_SW4-F2","SW4_EVENT39_W_2025","W","2025","D",1,-0.79265481457489,"City","F","2025-02-02 05:32:28",-24.9,"39","SW4-F2_2025","N","0.00987",2474.688058,88.49445732,1.27060763,7018.20167798,21156.31348,104622.0486
"1626",68.634,189.217,4,1,1,"Y","SW4","SW4_EVENT3_A_2025_SW4-M1","SW4_EVENT3_A_2025","A","2025","L",1,-0.79265481457489,"City","M","2025-01-03 14:49:28",-4.5,"3","SW4-M1_2025","N","0.00987",2474.688058,88.49445732,1.27060763,7018.20167798,21156.31348,104622.0486
"1627",0,0.917,NA,0,0,"Y","SW4","SW4_EVENT3_W_2024_SW4-F1","SW4_EVENT3_W_2024","W","2024","L",2,-0.79265481457489,"City","F"," 2024-03-10 07:54:08",4,"3","SW4-F1_2024","N","0.00987",2474.688058,88.49445732,1.27060763,7018.20167798,21156.31348,104622.0486
"1628",33.25,41.117,4,0,0,"Y","SW4","SW4_EVENT3_W_2024_SW4-M1","SW4_EVENT3_W_2024","W","2024","L",2,-0.79265481457489,"City","M"," 2024-03-10 07:54:08",4,"3","SW4-M1_2024","N","0.00987",2474.688058,88.49445732,1.27060763,7018.20167798,21156.31348,104622.0486
"1629",0,0,NA,0,0,"N","SW4","SW4_EVENT40_A_2025_SW4-F2","SW4_EVENT40_A_2025","A","2025","L",2,-0.79265481457489,"City","F","2025-02-03 15:24:50",-26.8,"40","SW4-F2_2025","N","0.00987",2474.688058,88.49445732,1.27060763,7018.20167798,21156.31348,104622.0486
"1630",0,0,NA,0,0,"N","SW4","SW4_EVENT40_A_2025_SW4-M1","SW4_EVENT40_A_2025","A","2025","L",2,-0.79265481457489,"City","M","2025-02-03 15:24:50",-26.8,"40","SW4-M1_2025","N","0.00987",2474.688058,88.49445732,1.27060763,7018.20167798,21156.31348,104622.0486
"1631",2.9,13.849,2,0,0,"Y","SW4","SW4_EVENT40_W_2025_SW4-F2","SW4_EVENT40_W_2025","W","2025","L",2,-0.79265481457489,"City","F","2025-02-03 15:23:34",-26.8,"40","SW4-F2_2025","N","0.00987",2474.688058,88.49445732,1.27060763,7018.20167798,21156.31348,104622.0486
"1632",0,1.567,NA,0,0,"Y","SW4","SW4_EVENT40_W_2025_SW4-M1","SW4_EVENT40_W_2025","W","2025","L",2,-0.79265481457489,"City","M","2025-02-03 15:23:34",-26.8,"40","SW4-M1_2025","N","0.00987",2474.688058,88.49445732,1.27060763,7018.20167798,21156.31348,104622.0486
"1633",0,0,NA,0,0,"N","SW4","SW4_EVENT41_A_2025_SW4-M1","SW4_EVENT41_A_2025","A","2025","D",1,-0.79265481457489,"City","M","2025-02-10 17:49:58",-21.2,"41","SW4-M1_2025","N","0.00987",2474.688058,88.49445732,1.27060763,7018.20167798,21156.31348,104622.0486
"1634",0,30.117,NA,0,0,"Y","SW4","SW4_EVENT41_W_2025_SW4-M1","SW4_EVENT41_W_2025","W","2025","D",1,-0.79265481457489,"City","M","2025-02-10 17:49:06",-21.2,"41","SW4-M1_2025","N","0.00987",2474.688058,88.49445732,1.27060763,7018.20167798,21156.31348,104622.0486
"1635",0,2.083,NA,0,0,"Y","SW4","SW4_EVENT42_A_2025_SW4-F2","SW4_EVENT42_A_2025","A","2025","D",2,-0.79265481457489,"City","F","2025-02-10 18:28:06",-21.2,"42","SW4-F2_2025","N","0.00987",2474.688058,88.49445732,1.27060763,7018.20167798,21156.31348,104622.0486
"1636",0,0,NA,0,0,"N","SW4","SW4_EVENT42_A_2025_SW4-M1","SW4_EVENT42_A_2025","A","2025","D",2,-0.79265481457489,"City","M","2025-02-10 18:28:06",-21.2,"42","SW4-M1_2025","N","0.00987",2474.688058,88.49445732,1.27060763,7018.20167798,21156.31348,104622.0486
"1637",0,0,NA,0,0,"Y","SW4","SW4_EVENT42_W_2025_SW4-F2","SW4_EVENT42_W_2025","W","2025","D",2,-0.79265481457489,"City","F","2025-02-10 18:29:56",-21.2,"42","SW4-F2_2025","N","0.00987",2474.688058,88.49445732,1.27060763,7018.20167798,21156.31348,104622.0486
"1638",1.266,12.616,1,0,0,"Y","SW4","SW4_EVENT42_W_2025_SW4-M1","SW4_EVENT42_W_2025","W","2025","D",2,-0.79265481457489,"City","M","2025-02-10 18:29:56",-21.2,"42","SW4-M1_2025","N","0.00987",2474.688058,88.49445732,1.27060763,7018.20167798,21156.31348,104622.0486
"1639",2.033,11.684,1,0,0,"Y","SW4","SW4_EVENT4_A_2025_SW4-M1","SW4_EVENT4_A_2025","A","2025","L",1,-0.79265481457489,"City","M","2025-01-04 15:56:52",-4.5,"4","SW4-M1_2025","N","0.00987",2474.688058,88.49445732,1.27060763,7018.20167798,21156.31348,104622.0486
"1640",0,0,NA,1,0,"N","SW4","SW4_EVENT4_A_2024_SW4-U1","SW4_EVENT4_A_2024","A","2024","D",1,-0.79265481457489,"City","U"," 2024-03-10 21:25:31",4,"4","SW4-U1_2024","N","0.00987",2474.688058,88.49445732,1.27060763,7018.20167798,21156.31348,104622.0486
"1641",0,0,NA,0,0,"N","SW4","SW4_EVENT4_W_2024_SW4-U1","SW4_EVENT4_W_2024","W","2024","D",1,-0.79265481457489,"City","U"," 2024-03-10 21:25:38",4,"4","SW4-U1_2024","N","0.00987",2474.688058,88.49445732,1.27060763,7018.20167798,21156.31348,104622.0486
"1642",0,0,NA,1,0,"N","SW4","SW4_EVENT5_A_2025_SW4-F1","SW4_EVENT5_A_2025","A","2025","L",1,-0.79265481457489,"City","F","2025-01-05 12:27:54",-4.5,"5","SW4-F1_2025","N","0.00987",2474.688058,88.49445732,1.27060763,7018.20167798,21156.31348,104622.0486
"1643",0,0,NA,1,0,"N","SW4","SW4_EVENT5_A_2025_SW4-F2","SW4_EVENT5_A_2025","A","2025","L",1,-0.79265481457489,"City","F","2025-01-05 12:27:54",-4.5,"5","SW4-F2_2025","N","0.00987",2474.688058,88.49445732,1.27060763,7018.20167798,21156.31348,104622.0486
"1644",0,0,NA,1,0,"N","SW4","SW4_EVENT5_A_2025_SW4-M1","SW4_EVENT5_A_2025","A","2025","L",1,-0.79265481457489,"City","M","2025-01-05 12:27:54",-4.5,"5","SW4-M1_2025","N","0.00987",2474.688058,88.49445732,1.27060763,7018.20167798,21156.31348,104622.0486
"1645",0,0,NA,0,0,"Y","SW4","SW4_EVENT5_W_2024_SW4-SM1","SW4_EVENT5_W_2024","W","2024","L",1,-0.79265481457489,"City","SM"," 2024-03-11 08:37:00",1.5,"5","SW4-SM1_2024","Y","0.00987",2474.688058,88.49445732,1.27060763,7018.20167798,21156.31348,104622.0486
"1646",0,0,NA,0,0,"Y","SW4","SW4_EVENT6_A_2025_SW4-M1","SW4_EVENT6_A_2025","A","2025","D",1,-0.79265481457489,"City","M","2025-01-12 01:02:58",-2.2,"6","SW4-M1_2025","N","0.00987",2474.688058,88.49445732,1.27060763,7018.20167798,21156.31348,104622.0486
"1647",0,0,NA,0,0,"N","SW4","SW4_EVENT6_W_2025_SW4-M1","SW4_EVENT6_W_2025","W","2025","D",1,-0.79265481457489,"City","M","2025-01-12 01:02:04",-2.2,"6","SW4-M1_2025","N","0.00987",2474.688058,88.49445732,1.27060763,7018.20167798,21156.31348,104622.0486
"1648",0,0,NA,0,0,"N","SW4","SW4_EVENT6_W_2024_SW4-SM1","SW4_EVENT6_W_2024","W","2024","D",1,-0.79265481457489,"City","SM"," 2024-03-11 21:28:28",1.5,"6","SW4-SM1_2024","Y","0.00987",2474.688058,88.49445732,1.27060763,7018.20167798,21156.31348,104622.0486
"1649",0,1.033,NA,0,0,"Y","SW4","SW4_EVENT7_A_2025_SW4-M1","SW4_EVENT7_A_2025","A","2025","D",1,-0.79265481457489,"City","M","2025-01-12 07:36:04",-2.2,"7","SW4-M1_2025","N","0.00987",2474.688058,88.49445732,1.27060763,7018.20167798,21156.31348,104622.0486
"1650",0,0,NA,0,0,"N","SW4","SW4_EVENT7_W_2025_SW4-M1","SW4_EVENT7_W_2025","W","2025","D",1,-0.79265481457489,"City","M","2025-01-12 07:35:38",-2.2,"7","SW4-M1_2025","N","0.00987",2474.688058,88.49445732,1.27060763,7018.20167798,21156.31348,104622.0486
"1651",0,0,NA,0,0,"Y","SW4","SW4_EVENT7_W_2024_SW4-SM1","SW4_EVENT7_W_2024","W","2024","D",1,-0.79265481457489,"City","SM"," 2024-03-11 23:49:08",1.5,"7","SW4-SM1_2024","Y","0.00987",2474.688058,88.49445732,1.27060763,7018.20167798,21156.31348,104622.0486
"1652",0,1.017,NA,0,0,"Y","SW4","SW4_EVENT8_A_2025_SW4-F2","SW4_EVENT8_A_2025","A","2025","L",2,-0.79265481457489,"City","F","2025-01-12 09:49:30",-2.2,"8","SW4-F2_2025","N","0.00987",2474.688058,88.49445732,1.27060763,7018.20167798,21156.31348,104622.0486
"1653",0,0,NA,0,0,"N","SW4","SW4_EVENT8_A_2025_SW4-M1","SW4_EVENT8_A_2025","A","2025","L",2,-0.79265481457489,"City","M","2025-01-12 09:49:30",-2.2,"8","SW4-M1_2025","N","0.00987",2474.688058,88.49445732,1.27060763,7018.20167798,21156.31348,104622.0486
"1654",0,0,NA,0,0,"N","SW4","SW4_EVENT8_W_2024_SW4-SM1","SW4_EVENT8_W_2024","W","2024","D",1,-0.79265481457489,"City","SM"," 2024-03-12 20:42:16",1.1,"8","SW4-SM1_2024","Y","0.00987",2474.688058,88.49445732,1.27060763,7018.20167798,21156.31348,104622.0486
"1655",0,0,NA,0,0,"Y","SW4","SW4_EVENT9_A_2025_SW4-F1","SW4_EVENT9_A_2025","A","2025","D",1,-0.79265481457489,"City","F","2025-01-12 22:14:08",-2.2,"9","SW4-F1_2025","N","0.00987",2474.688058,88.49445732,1.27060763,7018.20167798,21156.31348,104622.0486
"1656",0,0,NA,0,0,"Y","SW4","SW4_EVENT9_W_2024_SW4-F1","SW4_EVENT9_W_2024","W","2024","D",2,-0.79265481457489,"City","F"," 2024-03-14 06:06:34",4,"9","SW4-F1_2024","N","0.00987",2474.688058,88.49445732,1.27060763,7018.20167798,21156.31348,104622.0486
"1657",0.684,3.183,1,0,0,"Y","SW4","SW4_EVENT9_W_2024_SW4-M1","SW4_EVENT9_W_2024","W","2024","D",2,-0.79265481457489,"City","M"," 2024-03-14 06:06:34",4,"9","SW4-M1_2024","N","0.00987",2474.688058,88.49445732,1.27060763,7018.20167798,21156.31348,104622.0486
"1658",0,0,NA,0,0,"Y","SW5","SW5_EVENT1_W_2024_SW5-SF1","SW5_EVENT1_W_2024","W","2024","D",1,-0.778169439406939,"City","SF"," 2024-03-11 04:12:10",1.5,"1","SW5-SF1_2024","N","0.00827",2929.192959,86.3732998,3.389007499,6266.67395857,21236.35124,112713.6011
"1659",0,0.45,NA,0,0,"Y","SW6","SW6_EVENT10_W_2025_SW6-F1","SW6_EVENT10_W_2025","W","2025","D",1,0.181026275880122,"City","F","2025-01-07 23:05:06",-5,"10","SW6-F1_2025","N","0.013309",0,0,0.650698697,4399.36983881,15377.82968,18020.4198
"1660",0,0,NA,0,0,"Y","SW6","SW6_EVENT10_A_2024_SW6-M1","SW6_EVENT10_A_2024","A","2024","L",1,0.181026275880122,"City","M"," 2024-03-22 11:14:30",-8.4,"10","SW6-M1_2024","N","0.013309",0,0,0.650698697,4399.36983881,15377.82968,18020.4198
"1661",0,0,NA,0,0,"N","SW6","SW6_EVENT10_W_2024_SW6-M1","SW6_EVENT10_W_2024","W","2024","L",1,0.181026275880122,"City","M"," 2024-03-22 11:15:14",-8.4,"10","SW6-M1_2024","N","0.013309",0,0,0.650698697,4399.36983881,15377.82968,18020.4198
"1662",0,0,NA,0,0,"Y","SW6","SW6_EVENT11_A_2025_SW6-F1","SW6_EVENT11_A_2025","A","2025","D",1,0.181026275880122,"City","F","2025-01-10 06:52:12",2.2,"11","SW6-F1_2025","N","0.013309",0,0,0.650698697,4399.36983881,15377.82968,18020.4198
"1663",0.55,1.483,1,1,0,"Y","SW6","SW6_EVENT11_W_2025_SW6-F1","SW6_EVENT11_W_2025","W","2025","D",1,0.181026275880122,"City","F","2025-01-10 06:52:42",2.2,"11","SW6-F1_2025","N","0.013309",0,0,0.650698697,4399.36983881,15377.82968,18020.4198
"1664",0,0,NA,0,0,"Y","SW6","SW6_EVENT11_A_2024_SW6-F2","SW6_EVENT11_A_2024","A","2024","D",1,0.181026275880122,"City","F"," 2024-03-24 03:28:04",-4.3,"11","SW6-F2_2024","N","0.013309",0,0,0.650698697,4399.36983881,15377.82968,18020.4198
"1665",0,0,NA,0,0,"N","SW6","SW6_EVENT12_A_2025_SW6-M1","SW6_EVENT12_A_2025","A","2025","L",1,0.181026275880122,"City","M","2025-01-10 11:16:00",2.2,"12","SW6-M1_2025","N","0.013309",0,0,0.650698697,4399.36983881,15377.82968,18020.4198
"1666",0,0,NA,0,0,"Y","SW6","SW6_EVENT12_A_2024_SW6-M1","SW6_EVENT12_A_2024","A","2024","L",1,0.181026275880122,"City","M"," 2024-03-24 08:36:48",-4.3,"12","SW6-M1_2024","N","0.013309",0,0,0.650698697,4399.36983881,15377.82968,18020.4198
"1667",0,0,NA,0,0,"Y","SW6","SW6_EVENT13_A_2025_SW6-M1","SW6_EVENT13_A_2025","A","2025","D",1,0.181026275880122,"City","M","2025-01-11 20:36:06",-1.5,"13","SW6-M1_2025","N","0.013309",0,0,0.650698697,4399.36983881,15377.82968,18020.4198
"1668",0,0,NA,0,0,"N","SW6","SW6_EVENT13_A_2024_SW6-M1","SW6_EVENT13_A_2024","A","2024","L",1,0.181026275880122,"City","M"," 2024-03-24 08:44:12",-4.3,"13","SW6-M1_2024","N","0.013309",0,0,0.650698697,4399.36983881,15377.82968,18020.4198
"1669",0,4.367,NA,0,0,"Y","SW6","SW6_EVENT14_W_2025_SW6-SF1","SW6_EVENT14_W_2025","W","2025","L",1,0.181026275880122,"City","SF","2025-01-14 14:07:00",0.5,"14","SW6-SF1_2025","Y","0.013309",0,0,0.650698697,4399.36983881,15377.82968,18020.4198
"1670",0,0,NA,0,0,"N","SW6","SW6_EVENT14_A_2024_SW6-F1","SW6_EVENT14_A_2024","A","2024","L",2,0.181026275880122,"City","F"," 2024-03-24 11:18:10",-4.3,"14","SW6-F1_2024","N","0.013309",0,0,0.650698697,4399.36983881,15377.82968,18020.4198
"1671",0,0,NA,0,0,"Y","SW6","SW6_EVENT14_A_2024_SW6-M1","SW6_EVENT14_A_2024","A","2024","L",2,0.181026275880122,"City","M"," 2024-03-24 11:18:10",-4.3,"14","SW6-M1_2024","N","0.013309",0,0,0.650698697,4399.36983881,15377.82968,18020.4198
"1672",0,0,NA,0,0,"Y","SW6","SW6_EVENT14_W_2024_SW6-F1","SW6_EVENT14_W_2024","W","2024","L",2,0.181026275880122,"City","F"," 2024-03-24 11:19:32",-4.3,"14","SW6-F1_2024","N","0.013309",0,0,0.650698697,4399.36983881,15377.82968,18020.4198
"1673",0,5.5,NA,0,0,"Y","SW6","SW6_EVENT14_W_2024_SW6-M1","SW6_EVENT14_W_2024","W","2024","L",2,0.181026275880122,"City","M"," 2024-03-24 11:19:32",-4.3,"14","SW6-M1_2024","N","0.013309",0,0,0.650698697,4399.36983881,15377.82968,18020.4198
"1674",0,0,NA,0,0,"Y","SW6","SW6_EVENT15_A_2025_SW6-SF1","SW6_EVENT15_A_2025","A","2025","L",1,0.181026275880122,"City","SF","2025-01-14 14:48:56",0.5,"15","SW6-SF1_2025","Y","0.013309",0,0,0.650698697,4399.36983881,15377.82968,18020.4198
"1675",0,0,NA,0,0,"Y","SW6","SW6_EVENT15_W_2025_SW6-SF1","SW6_EVENT15_W_2025","W","2025","L",1,0.181026275880122,"City","SF","2025-01-14 14:51:18",0.5,"15","SW6-SF1_2025","Y","0.013309",0,0,0.650698697,4399.36983881,15377.82968,18020.4198
"1676",5.533,17.1,1,0,0,"Y","SW6","SW6_EVENT15_W_2024_SW6-F2","SW6_EVENT15_W_2024","W","2024","D",1,0.181026275880122,"City","F"," 2024-03-25 02:44:04",-4.7,"15","SW6-F2_2024","N","0.013309",0,0,0.650698697,4399.36983881,15377.82968,18020.4198
"1677",0,0,NA,0,0,"Y","SW6","SW6_EVENT16_W_2025_SW6-M1","SW6_EVENT16_W_2025","W","2025","D",1,0.181026275880122,"City","M","2025-01-14 17:17:46",0.5,"16","SW6-M1_2025","N","0.013309",0,0,0.650698697,4399.36983881,15377.82968,18020.4198
"1678",0,0,NA,0,0,"Y","SW6","SW6_EVENT16_A_2024_SW6-F2","SW6_EVENT16_A_2024","A","2024","D",1,0.181026275880122,"City","F"," 2024-03-27 04:22:32",3.1,"16","SW6-F2_2024","N","0.013309",0,0,0.650698697,4399.36983881,15377.82968,18020.4198
"1679",0,0,NA,0,0,"Y","SW6","SW6_EVENT17_A_2025_SW6-M1","SW6_EVENT17_A_2025","A","2025","D",1,0.181026275880122,"City","M","2025-01-15 19:36:18",3.6,"17","SW6-M1_2025","N","0.013309",0,0,0.650698697,4399.36983881,15377.82968,18020.4198
"1680",0,0,NA,0,0,"N","SW6","SW6_EVENT17_A_2024_SW6-F1","SW6_EVENT17_A_2024","A","2024","D",1,0.181026275880122,"City","F"," 2024-03-27 21:15:52",3.1,"17","SW6-F1_2024","N","0.013309",0,0,0.650698697,4399.36983881,15377.82968,18020.4198
"1681",0,0,NA,0,0,"N","SW6","SW6_EVENT17_W_2024_SW6-F1","SW6_EVENT17_W_2024","W","2024","D",1,0.181026275880122,"City","F"," 2024-03-27 21:15:44",3.1,"17","SW6-F1_2024","N","0.013309",0,0,0.650698697,4399.36983881,15377.82968,18020.4198
"1682",0,0,NA,0,0,"Y","SW6","SW6_EVENT18_W_2025_SW6-M1","SW6_EVENT18_W_2025","W","2025","L",1,0.181026275880122,"City","M","2025-01-18 14:50:16",-19.3,"18","SW6-M1_2025","N","0.013309",0,0,0.650698697,4399.36983881,15377.82968,18020.4198
"1683",0,0,NA,0,0,"N","SW6","SW6_EVENT18_A_2024_SW6-F2","SW6_EVENT18_A_2024","A","2024","D",1,0.181026275880122,"City","F"," 2024-03-28 05:28:14",-3.7,"18","SW6-F2_2024","N","0.013309",0,0,0.650698697,4399.36983881,15377.82968,18020.4198
"1684",0,16.833,NA,0,0,"Y","SW6","SW6_EVENT18_W_2024_SW6-F2","SW6_EVENT18_W_2024","W","2024","D",1,0.181026275880122,"City","F"," 2024-03-28 05:28:54",-3.7,"18","SW6-F2_2024","N","0.013309",0,0,0.650698697,4399.36983881,15377.82968,18020.4198
"1685",0,0,NA,0,0,"Y","SW6","SW6_EVENT19_W_2025_SW6-M1","SW6_EVENT19_W_2025","W","2025","L",1,0.181026275880122,"City","M","2025-01-20 12:42:36",-13.6,"19","SW6-M1_2025","N","0.013309",0,0,0.650698697,4399.36983881,15377.82968,18020.4198
"1686",0,0,NA,0,0,"Y","SW6","SW6_EVENT19_A_2024_SW6-M1","SW6_EVENT19_A_2024","A","2024","L",1,0.181026275880122,"City","M"," 2024-03-28 08:43:32",-3.7,"19","SW6-M1_2024","N","0.013309",0,0,0.650698697,4399.36983881,15377.82968,18020.4198
"1687",0,0,NA,0,0,"Y","SW6","SW6_EVENT19_W_2024_SW6-M1","SW6_EVENT19_W_2024","W","2024","L",1,0.181026275880122,"City","M"," 2024-03-28 08:44:06",-3.7,"19","SW6-M1_2024","N","0.013309",0,0,0.650698697,4399.36983881,15377.82968,18020.4198
"1688",0,0,NA,1,0,"N","SW6","SW6_EVENT1_W_2025_SW6-M1","SW6_EVENT1_W_2025","W","2025","L",1,0.181026275880122,"City","M","2025-01-03 10:38:34",-20.1,"1","SW6-M1_2025","N","0.013309",0,0,0.650698697,4399.36983881,15377.82968,18020.4198
"1689",0,0,NA,0,0,"Y","SW6","SW6_EVENT1_A_2024_SW6-U1","SW6_EVENT1_A_2024","A","2024","D",1,0.181026275880122,"City","U"," 2024-03-05 00:45:40",-20.6,"1","SW6-U1_2024","N","0.013309",0,0,0.650698697,4399.36983881,15377.82968,18020.4198
"1690",0,0,NA,0,0,"Y","SW6","SW6_EVENT20_W_2025_SW6-M1","SW6_EVENT20_W_2025","W","2025","L",1,0.181026275880122,"City","M","2025-01-23 09:52:10",-1.4,"20","SW6-M1_2025","N","0.013309",0,0,0.650698697,4399.36983881,15377.82968,18020.4198
"1691",0,0,NA,0,0,"Y","SW6","SW6_EVENT20_W_2024_SW6-M1","SW6_EVENT20_W_2024","W","2024","L",1,0.181026275880122,"City","M"," 2024-03-28 14:51:44",-3.7,"20","SW6-M1_2024","N","0.013309",0,0,0.650698697,4399.36983881,15377.82968,18020.4198
"1692",0,0,NA,0,0,"Y","SW6","SW6_EVENT21_W_2025_SW6-F1","SW6_EVENT21_W_2025","W","2025","D",1,0.181026275880122,"City","F","2025-01-29 05:01:44",0.5,"21","SW6-F1_2025","N","0.013309",0,0,0.650698697,4399.36983881,15377.82968,18020.4198
"1693",0,0,NA,0,0,"N","SW6","SW6_EVENT21_A_2024_SW6-M1","SW6_EVENT21_A_2024","A","2024","L",1,0.181026275880122,"City","M"," 2024-03-28 18:32:14",-3.7,"21","SW6-M1_2024","N","0.013309",0,0,0.650698697,4399.36983881,15377.82968,18020.4198
"1694",0,2.033,NA,0,0,"Y","SW6","SW6_EVENT22_W_2025_SW6-M1","SW6_EVENT22_W_2025","W","2025","D",1,0.181026275880122,"City","M","2025-01-29 08:10:28",0.5,"22","SW6-M1_2025","N","0.013309",0,0,0.650698697,4399.36983881,15377.82968,18020.4198
"1695",0,3.834,NA,0,0,"Y","SW6","SW6_EVENT22_A_2024_SW6-M1","SW6_EVENT22_A_2024","A","2024","D",1,0.181026275880122,"City","M"," 2024-03-29 02:52:50",-4.9,"22","SW6-M1_2024","N","0.013309",0,0,0.650698697,4399.36983881,15377.82968,18020.4198
"1696",0,0,NA,0,0,"Y","SW6","SW6_EVENT22_W_2024_SW6-M1","SW6_EVENT22_W_2024","W","2024","D",1,0.181026275880122,"City","M"," 2024-03-29 02:53:16",-4.9,"22","SW6-M1_2024","N","0.013309",0,0,0.650698697,4399.36983881,15377.82968,18020.4198
"1697",0,0,NA,1,0,"Y","SW6","SW6_EVENT23_W_2025_SW6-F1","SW6_EVENT23_W_2025","W","2025","L",1,0.181026275880122,"City","F","2025-01-29 12:14:58",0.5,"23","SW6-F1_2025","N","0.013309",0,0,0.650698697,4399.36983881,15377.82968,18020.4198
"1698",0,0,NA,0,0,"Y","SW6","SW6_EVENT23_W_2024_SW6-F2","SW6_EVENT23_W_2024","W","2024","L",1,0.181026275880122,"City","F"," 2024-03-29 12:29:16",-4.9,"23","SW6-F2_2024","N","0.013309",0,0,0.650698697,4399.36983881,15377.82968,18020.4198
"1699",0,0,NA,0,0,"Y","SW6","SW6_EVENT24_A_2025_SW6-M1","SW6_EVENT24_A_2025","A","2025","D",1,0.181026275880122,"City","M","2025-02-02 00:58:54",-24.9,"24","SW6-M1_2025","N","0.013309",0,0,0.650698697,4399.36983881,15377.82968,18020.4198
"1700",0,7.917,NA,0,0,"Y","SW6","SW6_EVENT24_A_2024_SW6-M1","SW6_EVENT24_A_2024","A","2024","L",1,0.181026275880122,"City","M"," 2024-03-30 17:29:48",-3.2,"24","SW6-M1_2024","N","0.013309",0,0,0.650698697,4399.36983881,15377.82968,18020.4198
"1701",0,0,NA,0,0,"Y","SW6","SW6_EVENT25_A_2025_SW6-M1","SW6_EVENT25_A_2025","A","2025","L",2,0.181026275880122,"City","M","2025-02-03 12:53:26",-26.8,"25","SW6-M1_2025","N","0.013309",0,0,0.650698697,4399.36983881,15377.82968,18020.4198
"1702",0,0,NA,0,0,"Y","SW6","SW6_EVENT25_A_2025_SW6-SF1","SW6_EVENT25_A_2025","A","2025","L",2,0.181026275880122,"City","SF","2025-02-03 12:53:26",-26.8,"25","SW6-SF1_2025","Y","0.013309",0,0,0.650698697,4399.36983881,15377.82968,18020.4198
"1703",0,0,NA,0,0,"N","SW6","SW6_EVENT25_A_2024_SW6-F2","SW6_EVENT25_A_2024","A","2024","D",1,0.181026275880122,"City","F"," 2024-04-01 00:09:38",7,"25","SW6-F2_2024","N","0.013309",0,0,0.650698697,4399.36983881,15377.82968,18020.4198
"1704",32.865,61.684,3,0,1,"Y","SW6","SW6_EVENT25_W_2024_SW6-F2","SW6_EVENT25_W_2024","W","2024","D",1,0.181026275880122,"City","F"," 2024-04-01 00:10:44",7,"25","SW6-F2_2024","N","0.013309",0,0,0.650698697,4399.36983881,15377.82968,18020.4198
"1705",0,0,NA,0,0,"Y","SW6","SW6_EVENT26_A_2025_SW6-M1","SW6_EVENT26_A_2025","A","2025","D",1,0.181026275880122,"City","M","2025-02-05 21:28:44",-21.9,"26","SW6-M1_2025","N","0.013309",0,0,0.650698697,4399.36983881,15377.82968,18020.4198
"1706",0,0,NA,0,0,"N","SW6","SW6_EVENT26_W_2024_SW6-M1","SW6_EVENT26_W_2024","W","2024","L",1,0.181026275880122,"City","M"," 2024-04-01 10:15:36",7,"26","SW6-M1_2024","N","0.013309",0,0,0.650698697,4399.36983881,15377.82968,18020.4198
"1707",0,0,NA,0,0,"Y","SW6","SW6_EVENT27_A_2025_SW6-U1","SW6_EVENT27_A_2025","A","2025","L",1,0.181026275880122,"City","U","2025-02-06 17:30:18",-12.8,"27","SW6-U1_2025","Y","0.013309",0,0,0.650698697,4399.36983881,15377.82968,18020.4198
"1708",0,0,NA,0,0,"N","SW6","SW6_EVENT27_A_2024_SW6-M1","SW6_EVENT27_A_2024","A","2024","L",1,0.181026275880122,"City","M"," 2024-04-01 18:10:58",7,"27","SW6-M1_2024","N","0.013309",0,0,0.650698697,4399.36983881,15377.82968,18020.4198
"1709",0,0,NA,0,0,"Y","SW6","SW6_EVENT28_A_2025_SW6-M1","SW6_EVENT28_A_2025","A","2025","D",1,0.181026275880122,"City","M","2025-02-06 20:19:32",-12.8,"28","SW6-M1_2025","N","0.013309",0,0,0.650698697,4399.36983881,15377.82968,18020.4198
"1710",0,0,NA,0,0,"N","SW6","SW6_EVENT28_A_2024_SW6-F2","SW6_EVENT28_A_2024","A","2024","D",1,0.181026275880122,"City","F"," 2024-04-01 23:59:46",7,"28","SW6-F2_2024","N","0.013309",0,0,0.650698697,4399.36983881,15377.82968,18020.4198
"1711",0,8.567,NA,0,0,"Y","SW6","SW6_EVENT28_W_2024_SW6-F2","SW6_EVENT28_W_2024","W","2024","D",1,0.181026275880122,"City","F"," 2024-04-02 00:00:18",9.9,"28","SW6-F2_2024","N","0.013309",0,0,0.650698697,4399.36983881,15377.82968,18020.4198
"1712",0,0,NA,0,0,"Y","SW6","SW6_EVENT29_A_2025_SW6-SF1","SW6_EVENT29_A_2025","A","2025","D",1,0.181026275880122,"City","SF","2025-02-12 00:39:02",-15.4,"29","SW6-SF1_2025","Y","0.013309",0,0,0.650698697,4399.36983881,15377.82968,18020.4198
"1713",0,0,NA,0,0,"N","SW6","SW6_EVENT29_A_2024_SW6-F2","SW6_EVENT29_A_2024","A","2024","L",1,0.181026275880122,"City","F"," 2024-04-02 07:24:16",9.9,"29","SW6-F2_2024","N","0.013309",0,0,0.650698697,4399.36983881,15377.82968,18020.4198
"1714",0,0,NA,0,0,"Y","SW6","SW6_EVENT29_W_2024_SW6-F2","SW6_EVENT29_W_2024","W","2024","L",1,0.181026275880122,"City","F"," 2024-04-02 07:24:00",9.9,"29","SW6-F2_2024","N","0.013309",0,0,0.650698697,4399.36983881,15377.82968,18020.4198
"1715",0,0,NA,0,0,"Y","SW6","SW6_EVENT2_A_2025_SW6-M1","SW6_EVENT2_A_2025","A","2025","D",1,0.181026275880122,"City","M","2025-01-03 18:36:54",-20.1,"2","SW6-M1_2025","N","0.013309",0,0,0.650698697,4399.36983881,15377.82968,18020.4198
"1716",0,0,NA,0,0,"Y","SW6","SW6_EVENT2_W_2024_SW6-F1","SW6_EVENT2_W_2024","W","2024","L",1,0.181026275880122,"City","F"," 2024-03-16 07:03:56",5.8,"2","SW6-F1_2024","N","0.013309",0,0,0.650698697,4399.36983881,15377.82968,18020.4198
"1717",0,0,NA,0,0,"Y","SW6","SW6_EVENT30_A_2025_SW6-M1","SW6_EVENT30_A_2025","A","2025","L",1,0.181026275880122,"City","M","2025-02-12 13:10:18",-15.4,"30","SW6-M1_2025","N","0.013309",0,0,0.650698697,4399.36983881,15377.82968,18020.4198
"1718",0,0,NA,0,0,"Y","SW6","SW6_EVENT31_A_2025_SW6-M1","SW6_EVENT31_A_2025","A","2025","L",1,0.181026275880122,"City","M","2025-02-13 17:45:48",-16.8,"31","SW6-M1_2025","N","0.013309",0,0,0.650698697,4399.36983881,15377.82968,18020.4198
"1719",0,0,NA,0,0,"Y","SW6","SW6_EVENT32_A_2025_SW6-SF1","SW6_EVENT32_A_2025","A","2025","D",1,0.181026275880122,"City","SF","2025-02-13 18:02:36",-16.8,"32","SW6-SF1_2025","Y","0.013309",0,0,0.650698697,4399.36983881,15377.82968,18020.4198
"1720",0,0,NA,0,0,"Y","SW6","SW6_EVENT3_W_2025_SW6-SF1","SW6_EVENT3_W_2025","W","2025","D",1,0.181026275880122,"City","SF","2025-01-03 19:02:16",-20.1,"3","SW6-SF1_2025","Y","0.013309",0,0,0.650698697,4399.36983881,15377.82968,18020.4198
"1721",0,0,NA,0,0,"Y","SW6","SW6_EVENT3_A_2024_SW6-F1","SW6_EVENT3_A_2024","A","2024","L",1,0.181026275880122,"City","F"," 2024-03-17 14:07:00",7.5,"3","SW6-F1_2024","N","0.013309",0,0,0.650698697,4399.36983881,15377.82968,18020.4198
"1722",0,0,NA,1,0,"Y","SW6","SW6_EVENT4_A_2025_SW6-M1","SW6_EVENT4_A_2025","A","2025","D",1,0.181026275880122,"City","M","2025-01-05 06:40:14",-14.6,"4","SW6-M1_2025","N","0.013309",0,0,0.650698697,4399.36983881,15377.82968,18020.4198
"1723",0,0,NA,0,0,"N","SW6","SW6_EVENT4_W_2024_SW6-F1","SW6_EVENT4_W_2024","W","2024","L",2,0.181026275880122,"City","F"," 2024-03-18 11:05:04",9.8,"4","SW6-F1_2024","N","0.013309",0,0,0.650698697,4399.36983881,15377.82968,18020.4198
"1724",0,0,NA,0,0,"Y","SW6","SW6_EVENT4_W_2024_SW6-M1","SW6_EVENT4_W_2024","W","2024","L",2,0.181026275880122,"City","M"," 2024-03-18 11:05:04",9.8,"4","SW6-M1_2024","N","0.013309",0,0,0.650698697,4399.36983881,15377.82968,18020.4198
"1725",0,0,NA,0,0,"Y","SW6","SW6_EVENT5_A_2025_SW6-SF1","SW6_EVENT5_A_2025","A","2025","L",1,0.181026275880122,"City","SF","2025-01-05 16:37:50",-14.6,"5","SW6-SF1_2025","Y","0.013309",0,0,0.650698697,4399.36983881,15377.82968,18020.4198
"1726",0.75,16.566,1,0,0,"Y","SW6","SW6_EVENT5_W_2025_SW6-SF1","SW6_EVENT5_W_2025","W","2025","L",1,0.181026275880122,"City","SF","2025-01-05 16:36:02",-14.6,"5","SW6-SF1_2025","Y","0.013309",0,0,0.650698697,4399.36983881,15377.82968,18020.4198
"1727",0,0,NA,0,0,"N","SW6","SW6_EVENT5_W_2024_SW6-U2","SW6_EVENT5_W_2024","W","2024","D",1,0.181026275880122,"City","U"," 2024-03-18 23:02:08",9.8,"5","SW6-U2_2024","N","0.013309",0,0,0.650698697,4399.36983881,15377.82968,18020.4198
"1728",0,0,NA,0,0,"Y","SW6","SW6_EVENT6_W_2025_SW6-SF1","SW6_EVENT6_W_2025","W","2025","D",1,0.181026275880122,"City","SF","2025-01-05 16:51:36",-14.6,"6","SW6-SF1_2025","Y","0.013309",0,0,0.650698697,4399.36983881,15377.82968,18020.4198
"1729",0,0,NA,0,0,"N","SW6","SW6_EVENT6_A_2024_SW6-F1","SW6_EVENT6_A_2024","A","2024","L",1,0.181026275880122,"City","F"," 2024-03-19 10:44:26",-0.3,"6","SW6-F1_2024","N","0.013309",0,0,0.650698697,4399.36983881,15377.82968,18020.4198
"1730",0,0,NA,0,0,"Y","SW6","SW6_EVENT6_W_2024_SW6-F1","SW6_EVENT6_W_2024","W","2024","L",1,0.181026275880122,"City","F"," 2024-03-19 10:44:14",-0.3,"6","SW6-F1_2024","N","0.013309",0,0,0.650698697,4399.36983881,15377.82968,18020.4198
"1731",0,0,NA,0,0,"Y","SW6","SW6_EVENT7_A_2025_SW6-M1","SW6_EVENT7_A_2025","A","2025","D",1,0.181026275880122,"City","M","2025-01-05 20:58:07",-14.6,"7","SW6-M1_2025","N","0.013309",0,0,0.650698697,4399.36983881,15377.82968,18020.4198
"1732",0,0,NA,0,0,"Y","SW6","SW6_EVENT7_A_2024_SW6-M1","SW6_EVENT7_A_2024","A","2024","L",1,0.181026275880122,"City","M"," 2024-03-19 14:33:04",-0.3,"7","SW6-M1_2024","N","0.013309",0,0,0.650698697,4399.36983881,15377.82968,18020.4198
"1733",0,0,NA,1,0,"Y","SW6","SW6_EVENT8_A_2025_SW6-U2","SW6_EVENT8_A_2025","A","2025","D",1,0.181026275880122,"City","U","2025-01-07 06:51:24",-5,"8","SW6-U2_2025","N","0.013309",0,0,0.650698697,4399.36983881,15377.82968,18020.4198
"1734",0,0,NA,0,0,"Y","SW6","SW6_EVENT8_A_2024_SW6-F1","SW6_EVENT8_A_2024","A","2024","L",1,0.181026275880122,"City","F"," 2024-03-20 09:44:54",-5.5,"8","SW6-F1_2024","N","0.013309",0,0,0.650698697,4399.36983881,15377.82968,18020.4198
"1735",0,0,NA,0,0,"N","SW6","SW6_EVENT8_W_2024_SW6-F1","SW6_EVENT8_W_2024","W","2024","L",1,0.181026275880122,"City","F"," 2024-03-20 09:45:56",-5.5,"8","SW6-F1_2024","N","0.013309",0,0,0.650698697,4399.36983881,15377.82968,18020.4198
"1736",0,0,NA,1,0,"Y","SW6","SW6_EVENT9_A_2025_SW6-U2","SW6_EVENT9_A_2025","A","2025","D",1,0.181026275880122,"City","U","2025-01-07 20:08:24",-5,"9","SW6-U2_2025","N","0.013309",0,0,0.650698697,4399.36983881,15377.82968,18020.4198
"1737",0,0,NA,0,0,"N","SW6","SW6_EVENT9_A_2024_SW6-M1","SW6_EVENT9_A_2024","A","2024","L",1,0.181026275880122,"City","M"," 2024-03-21 08:04:10",-5.6,"9","SW6-M1_2024","N","0.013309",0,0,0.650698697,4399.36983881,15377.82968,18020.4198
"1738",0,0,NA,0,0,"Y","SW7","SW7_EVENT10_W_2024_SW7-SF1","SW7_EVENT10_W_2024","W","2024","L",1,-0.647307887172578,"City","SF"," 2024-03-30 18:26:26",-3.2,"10","SW7-SF1_2024","N","0.012847",2136.141207,94.35247525,0.844843884,687.292632382,2013.283537,17831.63592
"1739",0,0,NA,0,0,"Y","SW7","SW7_EVENT1_A_2024_SW7-SF1","SW7_EVENT1_A_2024","A","2024","L",1,-0.647307887172578,"City","SF"," 2024-03-13 07:14:11",0.7,"1","SW7-SF1_2024","N","0.012847",2136.141207,94.35247525,0.844843884,687.292632382,2013.283537,17831.63592
"1740",0,0,NA,0,0,"N","SW7","SW7_EVENT2_A_2024_SW7-F1","SW7_EVENT2_A_2024","A","2024","L",1,-0.647307887172578,"City","F"," 2024-03-13 08:35:30",0.7,"2","SW7-F1_2024","N","0.012847",2136.141207,94.35247525,0.844843884,687.292632382,2013.283537,17831.63592
"1741",0,0,NA,0,0,"N","SW7","SW7_EVENT3_A_2024_SW7-SF1","SW7_EVENT3_A_2024","A","2024","L",1,-0.647307887172578,"City","SF"," 2024-03-13 18:55:04",0.7,"3","SW7-SF1_2024","N","0.012847",2136.141207,94.35247525,0.844843884,687.292632382,2013.283537,17831.63592
"1742",0,6.383,NA,0,0,"Y","SW7","SW7_EVENT4_W_2024_SW7-M1","SW7_EVENT4_W_2024","W","2024","L",1,-0.647307887172578,"City","M"," 2024-03-15 12:50:00",7.5,"4","SW7-M1_2024","N","0.012847",2136.141207,94.35247525,0.844843884,687.292632382,2013.283537,17831.63592
"1743",0,0,NA,1,0,"N","SW7","SW7_EVENT5_A_2024_SW7-U1","SW7_EVENT5_A_2024","A","2024","D",1,-0.647307887172578,"City","U"," 2024-03-18 05:55:00",9.8,"5","SW7-U1_2024","N","0.012847",2136.141207,94.35247525,0.844843884,687.292632382,2013.283537,17831.63592
"1744",0,0,NA,0,0,"Y","SW7","SW7_EVENT6_W_2024_SW7-U2","SW7_EVENT6_W_2024","W","2024","D",1,-0.647307887172578,"City","U"," 2024-03-18 20:21:35",9.8,"6","SW7-U2_2024","N","0.012847",2136.141207,94.35247525,0.844843884,687.292632382,2013.283537,17831.63592
"1745",0,0,NA,0,0,"Y","SW7","SW7_EVENT7_W_2024_SW7-M1","SW7_EVENT7_W_2024","W","2024","L",1,-0.647307887172578,"City","M"," 2024-03-22 06:51:00",-8.4,"7","SW7-M1_2024","N","0.012847",2136.141207,94.35247525,0.844843884,687.292632382,2013.283537,17831.63592
"1746",0,0,NA,0,0,"Y","SW7","SW7_EVENT8_W_2024_SW7-F1","SW7_EVENT8_W_2024","W","2024","L",1,-0.647307887172578,"City","F"," 2024-03-23 13:39:34",-6.3,"8","SW7-F1_2024","N","0.012847",2136.141207,94.35247525,0.844843884,687.292632382,2013.283537,17831.63592
"1747",0,3.334,NA,0,0,"Y","SW7","SW7_EVENT9_W_2024_SW7-SF1","SW7_EVENT9_W_2024","W","2024","L",1,-0.647307887172578,"City","SF"," 2024-03-27 06:12:24",3.1,"9","SW7-SF1_2024","N","0.012847",2136.141207,94.35247525,0.844843884,687.292632382,2013.283537,17831.63592
"1748",0,0,NA,0,0,"N","SW8","SW8_EVENT10_W_2025_SW8-U1","SW8_EVENT10_W_2025","W","2025","L",1,-0.928281092514987,"City","U","2025-02-04 03:57:22",-23.9,"10","SW8-U1_2025","N","0.009098",2811.109543,86.66116653,5.970136955,7766.23820656,27403.41682,96912.85239
"1749",0,0,NA,0,0,"N","SW8","SW8_EVENT11_W_2025_SW8-SF1","SW8_EVENT11_W_2025","W","2025","D",1,-0.928281092514987,"City","SF","2025-02-10 13:37:16",-21.2,"11","SW8-SF1_2025","N","0.009098",2811.109543,86.66116653,5.970136955,7766.23820656,27403.41682,96912.85239
"1750",1.234,5.3,1,0,0,"Y","SW8","SW8_EVENT12_W_2025_SW8-SF1","SW8_EVENT12_W_2025","W","2025","D",1,-0.928281092514987,"City","SF","2025-02-11 06:55:02",-15.4,"12","SW8-SF1_2025","N","0.009098",2811.109543,86.66116653,5.970136955,7766.23820656,27403.41682,96912.85239
"1751",0,0,NA,0,0,"N","SW8","SW8_EVENT1_A_2025_SW8-U1","SW8_EVENT1_A_2025","A","2025","D",1,-0.928281092514987,"City","U","2023-02-09 01:47:00",-4.5,"1","SW8-U1_2025","N","0.009098",2811.109543,86.66116653,5.970136955,7766.23820656,27403.41682,96912.85239
"1752",0,0,NA,0,0,"N","SW8","SW8_EVENT2_A_2025_SW8-SM1","SW8_EVENT2_A_2025","A","2025","L",1,-0.928281092514987,"City","SM","2023-02-10 16:57:20",-4.5,"2","SW8-SM1_2025","Y","0.009098",2811.109543,86.66116653,5.970136955,7766.23820656,27403.41682,96912.85239
"1753",0,0,NA,0,0,"Y","SW8","SW8_EVENT3_A_2025_SW8-SF1","SW8_EVENT3_A_2025","A","2025","D",1,-0.928281092514987,"City","SF","2023-02-11 01:39:00",-4.5,"3","SW8-SF1_2025","N","0.009098",2811.109543,86.66116653,5.970136955,7766.23820656,27403.41682,96912.85239
"1754",0,17.667,NA,0,0,"Y","SW8","SW8_EVENT4_A_2025_SW8-SF1","SW8_EVENT4_A_2025","A","2025","D",1,-0.928281092514987,"City","SF","2025-01-15 00:24:46",3.6,"4","SW8-SF1_2025","N","0.009098",2811.109543,86.66116653,5.970136955,7766.23820656,27403.41682,96912.85239
"1755",0,0,NA,0,0,"Y","SW8","SW8_EVENT5_A_2025_SW8-SF1","SW8_EVENT5_A_2025","A","2025","D",1,-0.928281092514987,"City","SF","2025-01-15 21:20:24",3.6,"5","SW8-SF1_2025","N","0.009098",2811.109543,86.66116653,5.970136955,7766.23820656,27403.41682,96912.85239
"1756",0,0,NA,0,0,"Y","SW8","SW8_EVENT6_A_2025_SW8-SF1","SW8_EVENT6_A_2025","A","2025","D",1,-0.928281092514987,"City","SF","2025-01-16 06:21:32",-1.4,"6","SW8-SF1_2025","N","0.009098",2811.109543,86.66116653,5.970136955,7766.23820656,27403.41682,96912.85239
"1757",0,0,NA,0,0,"N","SW8","SW8_EVENT7_W_2025_SW8-SF1","SW8_EVENT7_W_2025","W","2025","D",1,-0.928281092514987,"City","SF","2025-01-28 07:50:36",3.5,"7","SW8-SF1_2025","N","0.009098",2811.109543,86.66116653,5.970136955,7766.23820656,27403.41682,96912.85239
"1758",0,0,NA,1,0,"Y","SW8","SW8_EVENT8_A_2025_SW8-SM1","SW8_EVENT8_A_2025","A","2025","L",1,-0.928281092514987,"City","SM","2025-02-01 13:15:02",-20,"8","SW8-SM1_2025","Y","0.009098",2811.109543,86.66116653,5.970136955,7766.23820656,27403.41682,96912.85239
"1759",0,11.264,NA,0,0,"Y","SW8","SW8_EVENT8_W_2025_SW8-SM1","SW8_EVENT8_W_2025","W","2025","L",1,-0.928281092514987,"City","SM","2025-02-01 13:14:04",-20,"8","SW8-SM1_2025","Y","0.009098",2811.109543,86.66116653,5.970136955,7766.23820656,27403.41682,96912.85239
"1760",0,0,NA,0,0,"Y","SW8","SW8_EVENT9_A_2025_SW8-SM1","SW8_EVENT9_A_2025","A","2025","L",1,-0.928281092514987,"City","SM","2025-02-01 13:50:38",-20,"9","SW8-SM1_2025","Y","0.009098",2811.109543,86.66116653,5.970136955,7766.23820656,27403.41682,96912.85239
"1761",0,0,NA,0,0,"Y","SW8","SW8_EVENT9_W_2025_SW8-SM1","SW8_EVENT9_W_2025","W","2025","L",1,-0.928281092514987,"City","SM","2025-02-01 13:48:42",-20,"9","SW8-SM1_2025","Y","0.009098",2811.109543,86.66116653,5.970136955,7766.23820656,27403.41682,96912.85239
