,RootFolder,File,RelativePath,DateTime,DeleteFlag,Identifier,Identifier2,PuzzleType,LorD,SiteID,GroupSize,Memb_group,agesex,UniqueID,Disease,PuzzleSequence,X,Identifier2.1,Identifier2.2
1,NE1,NE1N.IMG_0011.MP4,NA, 2024-02-06 06:07:37,FALSE,NE1_EVENT1,NE1_EVENT1_W,W,D,NE1,1,NA,F,NE1-F1,mangey,1,NA,NE1_EVENT1,W
2,NE1,NE1N.IMG_0012.MP4,NA, 2024-02-06 06:07:58,FALSE,NE1_EVENT1,NE1_EVENT1_W,W,D,NE1,1,NA,F,NE1-F1,mangey,1,NA,NE1_EVENT1,W
3,NE1,NE1N.IMG_0013.MP4,NA, 2024-02-06 06:08:22,FALSE,NE1_EVENT1,NE1_EVENT1_W,W,D,NE1,1,NA,F,NE1-F1,mangey,1,NA,NE1_EVENT1,W
4,NE1,NE1N.IMG_0014.MP4,NA, 2024-02-06 06:08:42,FALSE,NE1_EVENT1,NE1_EVENT1_W,W,D,NE1,1,NA,F,NE1-F1,mangey,1,NA,NE1_EVENT1,W
5,NE1,NE1N.IMG_0015.MP4,NA, 2024-02-06 06:09:08,FALSE,NE1_EVENT1,NE1_EVENT1_W,W,D,NE1,1,NA,F,NE1-F1,mangey,1,NA,NE1_EVENT1,W
6,NE1,NE1N.IMG_0016.MP4,NA, 2024-02-06 06:09:30,FALSE,NE1_EVENT1,NE1_EVENT1_W,W,D,NE1,1,NA,F,NE1-F1,mangey,1,NA,NE1_EVENT1,W
7,NE1,NE1A.IMG_0008.MP4,NA, 2024-02-06 06:10:24,FALSE,NE1_EVENT1,NE1_EVENT1_A,A,D,NE1,1,NA,F,NE1-F1,mangey,2,NA,NE1_EVENT1,A
8,NE1,NE1A.IMG_0009.MP4,NA, 2024-02-06 06:10:48,FALSE,NE1_EVENT1,NE1_EVENT1_A,A,D,NE1,1,NA,F,NE1-F1,mangey,2,NA,NE1_EVENT1,A
9,NE1,NE1A.IMG_0010.MP4,NA, 2024-02-06 09:32:06,FALSE,NE1_EVENT2,NE1_EVENT2_A,A,L,NE1,1,NA,F,NE1-F1,mangey,0,NA,NE1_EVENT2,A
10,NE1,NE1A.IMG_0023.MP4,NA, 2024-02-10 21:07:04,FALSE,NE1_EVENT3,NE1_EVENT3_A,A,D,NE1,1,NA,F,NE1-F1,mangey,0,NA,NE1_EVENT3,A
11,NE1,NE1A.IMG_0024.MP4,NA, 2024-02-10 21:07:28,FALSE,NE1_EVENT3,NE1_EVENT3_A,A,D,NE1,1,NA,F,NE1-F1,mangey,0,NA,NE1_EVENT3,A
12,NE1,NE1N.IMG_0115.MP4,NA, 2024-02-16 20:27:06,FALSE,NE1_EVENT4,NE1_EVENT4_W,W,D,NE1,1,NA,SF,NE1-SF1,limp,1,NA,NE1_EVENT4,W
13,NE1,NE1A.IMG_0054.MP4,NA, 2024-02-16 20:27:22,FALSE,NE1_EVENT4,NE1_EVENT4_A,A,D,NE1,1,NA,SF,NE1-SF1,limp,2,NA,NE1_EVENT4,A
14,NE1,NE1N.IMG_0116.MP4,NA, 2024-02-16 20:27:26,FALSE,NE1_EVENT4,NE1_EVENT4_W,W,D,NE1,1,NA,SF,NE1-SF1,limp,1,NA,NE1_EVENT4,W
15,NE1,NE1A.second_round.IMG_0002.MP4,NA, 2024-02-19 12:49:44,FALSE,NE1_EVENT5,NE1_EVENT5_A,A,L,NE1,1,NA,M,NE1-M1,N,0,NA,NE1_EVENT5,A
16,NE1,NE1N.second_round.IMG_0019.MP4,NA, 2024-02-21 03:59:41,FALSE,NE1_EVENT6,NE1_EVENT6_W,W,D,NE1,1,NA,F,NE1-F1,mangey,0,NA,NE1_EVENT6,W
17,NE1,NE1A.second_round.IMG_0013.MP4,NA, 2024-02-22 08:18:30,FALSE,NE1_EVENT7,NE1_EVENT7_A,A,L,NE1,1,NA,F,NE1-F1,mangey,0,NA,NE1_EVENT7,A
18,NE1,NE1N.second_round.IMG_0036.MP4,NA, 2024-02-23 03:22:28,FALSE,NE1_EVENT8,NE1_EVENT8_W,W,D,NE1,1,NA,F,NE1-F1,mangey,1,NA,NE1_EVENT8,W
19,NE1,NE1N.second_round.IMG_0037.MP4,NA, 2024-02-23 03:22:48,FALSE,NE1_EVENT8,NE1_EVENT8_W,W,D,NE1,1,NA,F,NE1-F1,mangey,1,NA,NE1_EVENT8,W
20,NE1,NE1A.second_round.IMG_0023.MP4,NA, 2024-02-23 03:23:42,FALSE,NE1_EVENT8,NE1_EVENT8_A,A,D,NE1,1,NA,F,NE1-F1,mangey,2,NA,NE1_EVENT8,A
21,NE1,NE1A.second_round.IMG_0040.MP4,NA, 2024-02-28 05:31:24,FALSE,NE1_EVENT9,NE1_EVENT9_A,A,D,NE1,1,NA,F,NE1-F1,mangey,0,NA,NE1_EVENT9,A
22,NE2,NE2N.IMG_0006.MP4,NA, 2024-02-06 18:46:24,FALSE,NE2_EVENT1,NE2_EVENT1_W,W,D,NE2,1,NA,SM,NE2-SM1,N,0,NA,NE2_EVENT1,W
23,NE2,NE2N.IMG_0007.MP4,NA, 2024-02-06 23:38:12,FALSE,NE2_EVENT2,NE2_EVENT2_W,W,D,NE2,1,NA,SM,NE2-SM1,N,1,NA,NE2_EVENT2,W
24,NE2,NE2N.IMG_0008.MP4,NA, 2024-02-06 23:38:36,FALSE,NE2_EVENT2,NE2_EVENT2_W,W,D,NE2,1,NA,SM,NE2-SM1,N,1,NA,NE2_EVENT2,W
25,NE2,NE2A.IMG_0012.MP4,NA, 2024-02-06 23:40:52,FALSE,NE2_EVENT2,NE2_EVENT2_A,A,D,NE2,1,NA,SM,NE2-SM1,N,2,NA,NE2_EVENT2,A
26,NE2,NE2A.IMG_0015.MP4,NA, 2024-02-07 21:25:38,FALSE,NE2_EVENT3,NE2_EVENT3_W,W,D,NE2,1,NA,Unk,NE2-U1,N,0,NA,NE2_EVENT3,W
27,NE2,NE2N.IMG_0010.MP4,NA, 2024-02-08 06:14:00,FALSE,NE2_EVENT4,NE2_EVENT4_W,W,D,NE2,1,NA,SM,NE2-SM1,N,0,NA,NE2_EVENT4,W
28,NE2,NE2N.IMG_0011.MP4,NA, 2024-02-08 06:14:52,FALSE,NE2_EVENT4,NE2_EVENT4_W,W,D,NE2,1,NA,SM,NE2-SM1,N,0,NA,NE2_EVENT4,W
29,NE2,NE2N.IMG_0012.MP4,NA, 2024-02-08 07:10:44,FALSE,NE2_EVENT5,NE2_EVENT5_W,W,D,NE2,1,NA,SM,NE2-SM1,N,0,NA,NE2_EVENT5,W
30,NE2,NE2N.IMG_0013.MP4,NA, 2024-02-08 07:11:58,FALSE,NE2_EVENT5,NE2_EVENT5_W,W,D,NE2,1,NA,SM,NE2-SM1,N,0,NA,NE2_EVENT5,W
31,NE2,NE2A.IMG_0019.MP4,NA, 2024-02-09 05:10:16,FALSE,NE2_EVENT6,NE2_EVENT6_A,A,D,NE2,1,NA,SF,NE2-SF1,thin shoulder fur,0,NA,NE2_EVENT6,A
32,NE2,NE2N.second_round.IMG_0005.MP4,NA, 2024-02-19 18:28:24,FALSE,NE2_EVENT7,NE2_EVENT7_W,W,D,NE2,1,NA,SM,NE2-SM1,N,1,NA,NE2_EVENT7,W
33,NE2,NE2A.second_round.IMG_0004.MP4,NA, 2024-02-19 18:28:44,FALSE,NE2_EVENT7,NE2_EVENT7_A,A,D,NE2,1,NA,SM,NE2-SM1,N,2,NA,NE2_EVENT7,A
34,NE2,NE2A.second_round.IMG_0005.MP4,NA, 2024-02-19 18:29:04,FALSE,NE2_EVENT7,NE2_EVENT7_A,A,D,NE2,1,NA,SM,NE2-SM1,N,2,NA,NE2_EVENT7,A
35,NE2,NE2A.second_round.IMG_0021.MP4,NA, 2024-02-22 04:57:20,FALSE,NE2_EVENT8,NE2_EVENT8_A,A,D,NE2,1,NA,SF,NE2-SF1,thin shoulder fur,0,NA,NE2_EVENT8,A
36,NE2,NE2A.second_round.IMG_0022.MP4,NA, 2024-02-22 04:57:40,FALSE,NE2_EVENT8,NE2_EVENT8_A,A,D,NE2,1,NA,SF,NE2-SF1,thin shoulder fur,0,NA,NE2_EVENT8,A
37,NE2,NE2A.second_round.IMG_0034.MP4,NA, 2024-02-27 13:14:56,FALSE,NE2_EVENT9,NE2_EVENT9_A,A,D,NE2,1,NA,SF,NE2-SF1,thin shoulder fur,0,NA,NE2_EVENT9,A
38,NE3,NE3A.IMG_0025.MP4,NA, 2024-02-13 06:27:48,FALSE,NE3_EVENT1,NE3_EVENT1_A,A,D,NE3,1,NA,SM,NE3-SM1,N,0,NA,NE3_EVENT1,A
39,NE3,NE3A.one_of_those_riverside_sites.IMG_0014.MP4,NA, 2024-02-25 02:35:20,FALSE,NE3_EVENT2,NE3_EVENT2_A,A,D,NE3,1,NA,F,NE3-F1,N,0,NA,NE3_EVENT2,A
40,NE3,NE3A.one_of_those_riverside_sites.IMG_0015.MP4,NA, 2024-02-25 02:35:42,FALSE,NE3_EVENT2,NE3_EVENT2_A,A,D,NE3,1,NA,F,NE3-F1,N,0,NA,NE3_EVENT2,A
41,NE4,NE4N.IMG_0012.MP4,NA, 2024-02-07 23:39:34,FALSE,NE4_EVENT1,NE4_EVENT1_W,W,D,NE4,1,NA,M,NE4-M1,N,1,NA,NE4_EVENT1,W
42,NE4,NE4A.IMG_0040.MP4,NA, 2024-02-07 23:39:42,FALSE,NE4_EVENT1,NE4_EVENT1_A,A,D,NE4,1,NA,M,NE4-M1,N,2,NA,NE4_EVENT1,A
43,NE4,NE4N.IMG_0013.MP4,NA, 2024-02-08 13:16:18,FALSE,NE4_EVENT2,NE4_EVENT2_W,W,N,NE4,1,NA,F,NE4-F1,"scruffy, dark bum",0,NA,NE4_EVENT2,W
44,NE4,NE4N.IMG_0022.MP4,NA, 2024-02-08 18:20:56,FALSE,NE4_EVENT3,NE4_EVENT3_W,W,D,NE4,1,NA,Unk,NE4-U1,N,0,NA,NE4_EVENT3,W
45,NE4,NE4N.IMG_0023.MP4,NA, 2024-02-08 23:50:16,FALSE,NE4_EVENT4,NE4_EVENT4_W,W,D,NE4,1,NA,F,NE4-F1,"scruffy, dark bum",0,NA,NE4_EVENT4,W
46,NE4,NE4N.IMG_0027.MP4,NA, 2024-02-10 17:41:50,FALSE,NE4_EVENT5,NE4_EVENT5_W,W,N,NE4,1,NA,M,NE4-M1,N,0,NA,NE4_EVENT5,W
47,NE5,NE5A.IMG_0004.MP4,NA, 2024-02-06 02:54:36,FALSE,NE5_EVENT1,NE5_EVENT1_A,A,D,NE5,1,NA,F,NE5-F1,N,0,NA,NE5_EVENT1,A
48,NE5,NE5A.IMG_0005.MP4,NA, 2024-02-06 02:54:59,FALSE,NE5_EVENT1,NE5_EVENT1_A,A,D,NE5,1,NA,F,NE5-F1,N,0,NA,NE5_EVENT1,A
49,NE5,NE5A.IMG_0006.MP4,NA, 2024-02-06 06:26:34,FALSE,NE5_EVENT2,NE5_EVENT2_A,A,D,NE5,1,NA,Unk,NE5-U1,N,0,NA,NE5_EVENT2,A
50,NE5,NE5A.IMG_0007.MP4,NA, 2024-02-06 06:27:04,FALSE,NE5_EVENT2,NE5_EVENT2_A,A,D,NE5,1,NA,Unk,NE5-U1,N,0,NA,NE5_EVENT2,A
51,NE5,NE5A.IMG_0008.MP4,NA, 2024-02-06 06:53:30,FALSE,NE5_EVENT3,NE5_EVENT3_A,A,D,NE5,2,NA,F + U,NE5-F1 + NE5-U1,N,0,NA,NE5_EVENT3,A
52,NE5,NE5A.IMG_0009.MP4,NA, 2024-02-06 06:53:52,FALSE,NE5_EVENT3,NE5_EVENT3_A,A,D,NE5,2,NA,F + U,NE5-F1 + NE5-U1,N,0,NA,NE5_EVENT3,A
53,NE5,NE5A.IMG_0010.MP4,NA, 2024-02-06 06:54:15,FALSE,NE5_EVENT3,NE5_EVENT3_A,A,D,NE5,2,NA,F + U,NE5-F1 + NE5-U1,N,0,NA,NE5_EVENT3,A
54,NE5,NE5A.IMG_0011.MP4,NA, 2024-02-06 06:54:44,FALSE,NE5_EVENT3,NE5_EVENT3_A,A,D,NE5,2,NA,F + U,NE5-F1 + NE5-U1,N,0,NA,NE5_EVENT3,A
55,NE5,NE5A.IMG_0012.MP4,NA, 2024-02-06 06:55:04,FALSE,NE5_EVENT3,NE5_EVENT3_A,A,D,NE5,2,NA,F + U,NE5-F1 + NE5-U1,N,0,NA,NE5_EVENT3,A
56,NE5,NE5A.IMG_0014.MP4,NA, 2024-02-07 06:19:20,FALSE,NE5_EVENT4,NE5_EVENT4_A,A,D,NE5,1,NA,U,NE5-U1,N,0,NA,NE5_EVENT4,A
57,NE5,NE5A.IMG_0015.MP4,NA, 2024-02-07 06:47:32,FALSE,NE5_EVENT5,NE5_EVENT5_A,A,D,NE5,1,NA,M,NE5-M1,shaggy tail,0,NA,NE5_EVENT5,A
58,NE5,NE5A.IMG_0016.MP4,NA, 2024-02-07 13:28:32,FALSE,NE5_EVENT6,NE5_EVENT6_A,A,L,NE5,1,NA,M,NE5-M1,shaggy tail,0,NA,NE5_EVENT6,A
59,NE5,NE5A.IMG_0017.MP4,NA, 2024-02-07 13:29:12,FALSE,NE5_EVENT6,NE5_EVENT6_A,A,L,NE5,1,NA,M,NE5-M1,shaggy tail,0,NA,NE5_EVENT6,A
60,NE5,NE5A.IMG_0020.MP4,NA, 2024-02-08 12:08:14,FALSE,NE5_EVENT7,NE5_EVENT7_A,A,L,NE5,1,NA,M,NE5-M1,shaggy tail,0,NA,NE5_EVENT7,A
61,NE5,NE5A.IMG_0021.MP4,NA, 2024-02-08 12:08:34,FALSE,NE5_EVENT7,NE5_EVENT7_A,A,L,NE5,1,NA,M,NE5-M1,shaggy tail,0,NA,NE5_EVENT7,A
62,NE5,NE5A.IMG_0023.MP4,NA, 2024-02-08 12:59:30,FALSE,NE5_EVENT8,NE5_EVENT8_A,A,L,NE5,1,NA,SF,NE5-SF1,N,0,NA,NE5_EVENT8,A
63,NE5,NE5A.IMG_0024.MP4,NA, 2024-02-08 12:59:52,FALSE,NE5_EVENT8,NE5_EVENT8_A,A,L,NE5,1,NA,SF,NE5-SF1,N,0,NA,NE5_EVENT8,A
64,NE5,NE5A.IMG_0025.MP4,NA, 2024-02-08 13:00:56,FALSE,NE5_EVENT8,NE5_EVENT8_A,A,L,NE5,1,NA,SF,NE5-SF1,N,0,NA,NE5_EVENT8,A
65,NE5,NE5A.IMG_0031.MP4,NA, 2024-02-08 22:49:28,FALSE,NE5_EVENT9,NE5_EVENT9_A,A,D,NE5,1,NA,Unk,NE5-U1,N,0,NA,NE5_EVENT9,A
66,NE5,NE5A.IMG_0033.MP4,NA, 2024-02-10 00:52:38,FALSE,NE5_EVENT10,NE5_EVENT10_A,A,D,NE5,1,NA,Unk,NE5-U2,N,0,NA,NE5_EVENT10,A
67,NE5,NE5A.IMG_0035.MP4,NA, 2024-02-10 07:19:04,FALSE,NE5_EVENT11,NE5_EVENT11_A,A,D,NE5,1,NA,Unk,NE5-U2,N,0,NA,NE5_EVENT11,A
68,NE5,NE5A.IMG_0036.MP4,NA, 2024-02-10 18:19:10,FALSE,NE5_EVENT12,NE5_EVENT12_A,A,D,NE5,2,NA,F + Unk,NE5-F1 + NE5-U1,N,0,NA,NE5_EVENT12,A
69,NE5,NE5A.IMG_0037.MP4,NA, 2024-02-10 18:24:44,FALSE,NE5_EVENT12,NE5_EVENT12_A,A,D,NE5,2,NA,F + Unk,NE5-F1 + NE5-U1,N,0,NA,NE5_EVENT12,A
70,NE5,NE5A.IMG_0039.MP4,NA, 2024-02-10 18:27:26,FALSE,NE5_EVENT12,NE5_EVENT12_A,A,D,NE5,2,NA,F + Unk,NE5-F1 + NE5-U1,N,0,NA,NE5_EVENT12,A
71,NE5,NE5A.IMG_0040.MP4,NA, 2024-02-11 02:59:44,FALSE,NE5_EVENT13,NE5_EVENT13_A,A,D,NE5,3,NA,F + SF + Unk,NE5-F1 + NE5-SF2 + NE5-U1,partial tail,0,NA,NE5_EVENT13,A
72,NE5,NE5A.IMG_0041.MP4,NA, 2024-02-11 03:01:18,FALSE,NE5_EVENT13,NE5_EVENT13_A,A,D,NE5,3,NA,F + SF + Unk,NE5-F1 + NE5-SF2 + NE5-U1,partial tail,0,NA,NE5_EVENT13,A
73,NE5,NE5A.IMG_0042.MP4,NA, 2024-02-11 04:19:02,FALSE,NE5_EVENT14,NE5_EVENT14_A,A,D,NE5,2,NA,F + Unk,NE5-F1 + NE5-U1,N,0,NA,NE5_EVENT14,A
74,NE5,NE5A.IMG_0043.MP4,NA, 2024-02-11 04:19:28,FALSE,NE5_EVENT14,NE5_EVENT14_A,A,D,NE5,2,NA,F + Unk,NE5-F1 + NE5-U1,N,0,NA,NE5_EVENT14,A
75,NE5,NE5A.IMG_0049.MP4,NA, 2024-02-12 02:06:34,FALSE,NE5_EVENT15,NE5_EVENT15_A,A,D,NE5,1,NA,M,NE5-M1,shaggy tail,0,NA,NE5_EVENT15,A
76,NE5,NE5A.IMG_0050.MP4,NA, 2024-02-12 07:27:34,FALSE,NE5_EVENT16,NE5_EVENT16_A,A,D,NE5,1,NA,SM,NE5-SM1,N,0,NA,NE5_EVENT16,A
77,NE5,NE5A.IMG_0058.MP4,NA, 2024-02-14 08:42:20,FALSE,NE5_EVENT17,NE5_EVENT17_A,A,L,NE5,1,NA,F,NE5-F1,N,0,NA,NE5_EVENT17,A
78,NE5,NE5A.IMG_0080.MP4,NA, 2024-02-14 14:02:08,FALSE,NE5_EVENT18,NE5_EVENT18_A,A,L,NE5,1,NA,SM,NE5-SM2,shaggy tail,0,NA,NE5_EVENT18,A
79,NE5,NE5A.IMG_0081.MP4,NA, 2024-02-15 10:05:14,FALSE,NE5_EVENT19,NE5_EVENT19_A,A,L,NE5,1,NA,M,NE5-M1,shaggy tail,0,NA,NE5_EVENT19,A
80,NE5,NE5A.IMG_0082.MP4,NA, 2024-02-15 10:05:43,FALSE,NE5_EVENT19,NE5_EVENT19_A,A,L,NE5,1,NA,M,NE5-M1,shaggy tail,0,NA,NE5_EVENT19,A
81,NE5,NE5A.IMG_0083.MP4,NA, 2024-02-15 10:06:16,FALSE,NE5_EVENT19,NE5_EVENT19_A,A,L,NE5,1,NA,M,NE5-M1,shaggy tail,0,NA,NE5_EVENT19,A
82,NE5,NE5A.IMG_0084.MP4,NA, 2024-02-15 10:06:42,FALSE,NE5_EVENT19,NE5_EVENT19_A,A,L,NE5,1,NA,M,NE5-M1,shaggy tail,0,NA,NE5_EVENT19,A
83,NE5,NE5A.IMG_0085.MP4,NA, 2024-02-15 15:17:38,FALSE,NE5_EVENT20,NE5_EVENT20_A,A,L,NE5,1,NA,M,NE5-M1,shaggy tail,0,NA,NE5_EVENT20,A
84,NE5,NE5A.IMG_0086.MP4,NA, 2024-02-15 19:16:22,FALSE,NE5_EVENT21,NE5_EVENT21_A,A,D,NE5,2,NA,M + Unk,NE5-M1 + NE5-U3,shaggy tail,0,NA,NE5_EVENT21,A
85,NE5,NE5A.IMG_0087.MP4,NA, 2024-02-15 19:17:42,FALSE,NE5_EVENT21,NE5_EVENT21_A,A,D,NE5,2,NA,M + Unk,NE5-M1 + NE5-U3,shaggy tail,0,NA,NE5_EVENT21,A
86,NE5,NE5A.IMG_0088.MP4,NA, 2024-02-15 19:18:04,FALSE,NE5_EVENT21,NE5_EVENT21_A,A,D,NE5,2,NA,M + Unk,NE5-M1 + NE5-U3,shaggy tail,0,NA,NE5_EVENT21,A
87,NE5,NE5A.IMG_0089.MP4,NA, 2024-02-15 20:54:30,FALSE,NE5_EVENT22,NE5_EVENT22_A,A,D,NE5,1,NA,SF,NE5-SF3,hunched,0,NA,NE5_EVENT22,A
88,NE5,NE5A.IMG_0090.MP4,NA, 2024-02-17 07:10:32,FALSE,NE5_EVENT23,NE5_EVENT23_A,A,D,NE5,2,NA,M + SF,NE5-M1 + NE5-SF2,"shaggy tail, partial tail",0,NA,NE5_EVENT23,A
89,NE5,NE5A.IMG_0091.MP4,NA, 2024-02-17 19:09:20,FALSE,NE5_EVENT23,NE5_EVENT23_A,A,D,NE5,2,NA,M + SF,NE5-M1 + NE5-SF2,"shaggy tail, partial tail",0,NA,NE5_EVENT23,A
90,NE5,NE5A.second_rou.IMG_0005.MP4,NA, 2024-02-18 17:27:44,FALSE,NE5_EVENT24,NE5_EVENT24_A,A,L,NE5,1,NA,M,NE5-M1,shaggy tail,0,NA,NE5_EVENT24,A
91,NE5,NE5N.second_round.IMG_0005.MP4,NA, 2024-02-18 21:51:06,FALSE,NE5_EVENT25,NE5_EVENT25_W,W,D,NE5,1,NA,SF,NE5-SF2,partial tail,0,NA,NE5_EVENT25,W
92,NE5,NE5A.second_rou.IMG_0006.MP4,NA, 2024-02-19 03:32:28,FALSE,NE5_EVENT26,NE5_EVENT26_A,A,D,NE5,1,NA,SF,NE5-SF2,partial tail,0,NA,NE5_EVENT26,A
93,NE5,NE5A.second_rou.IMG_0007.MP4,NA, 2024-02-19 05:55:14,FALSE,NE5_EVENT27,NE5_EVENT27_A,A,D,NE5,2,NA,F + M,NE5-F2 + NE5-M1,shaggy tail,0,NA,NE5_EVENT27,A
94,NE5,NE5A.second_rou.IMG_0008.MP4,NA, 2024-02-19 05:55:40,FALSE,NE5_EVENT27,NE5_EVENT27_A,A,D,NE5,2,NA,F + M,NE5-F2 + NE5-M1,shaggy tail,0,NA,NE5_EVENT27,A
95,NE5,NE5A.second_rou.IMG_0009.MP4,NA, 2024-02-19 22:32:02,FALSE,NE5_EVENT28,NE5_EVENT28_A,A,D,NE5,2,NA,F + M,NE5-F2 + NE5-M1,shaggy tail,0,NA,NE5_EVENT28,A
96,NE5,NE5A.second_rou.IMG_0010.MP4,NA, 2024-02-19 22:32:28,FALSE,NE5_EVENT28,NE5_EVENT28_A,A,D,NE5,2,NA,F + M,NE5-F2 + NE5-M1,shaggy tail,0,NA,NE5_EVENT28,A
97,NE5,NE5A.second_rou.IMG_0011.MP4,NA, 2024-02-20 03:14:32,FALSE,NE5_EVENT29,NE5_EVENT29_A,A,D,NE5,2,NA,F + M,NE5-F2 + NE5-M1,shaggy tail,0,NA,NE5_EVENT29,A
98,NE5,NE5A.second_rou.IMG_0012.MP4,NA, 2024-02-20 18:44:33,FALSE,NE5_EVENT29,NE5_EVENT29_A,A,D,NE5,2,NA,F + M,NE5-F2 + NE5-M1,shaggy tail,0,NA,NE5_EVENT29,A
99,NE5,NE5A.second_rou.IMG_0013.MP4,NA, 2024-02-20 18:47:46,FALSE,NE5_EVENT29,NE5_EVENT29_A,A,D,NE5,2,NA,F + M,NE5-F2 + NE5-M1,shaggy tail,0,NA,NE5_EVENT29,A
100,NE5,NE5A.second_rou.IMG_0014.MP4,NA, 2024-02-21 17:34:56,FALSE,NE5_EVENT30,NE5_EVENT30_A,A,L,NE5,1,NA,SM,NE5-SM2,shaggy tail,1,NA,NE5_EVENT30,A
101,NE5,NE5A.second_rou.IMG_0015.MP4,NA, 2024-02-21 17:35:42,FALSE,NE5_EVENT30,NE5_EVENT30_A,A,L,NE5,1,NA,SM,NE5-SM2,shaggy tail,1,NA,NE5_EVENT30,A
102,NE5,NE5N.second_round.IMG_0010.MP4,NA, 2024-02-21 17:35:52,FALSE,NE5_EVENT30,NE5_EVENT30_W,W,L,NE5,1,NA,SM,NE5-SM2,shaggy tail,2,NA,NE5_EVENT30,W
103,NE5,NE5N.second_round.IMG_0011.MP4,NA, 2024-02-21 17:36:14,FALSE,NE5_EVENT30,NE5_EVENT30_W,W,L,NE5,1,NA,SM,NE5-SM2,shaggy tail,2,NA,NE5_EVENT30,W
104,NE5,NE5A.second_rou.IMG_0016.MP4,NA, 2024-02-22 13:58:22,FALSE,NE5_EVENT31,NE5_EVENT31_A,A,L,NE5,1,NA,SM,NE5-SM2,shaggy tail,0,NA,NE5_EVENT31,A
105,NE5,NE5N.second_round.IMG_0016.MP4,NA, 2024-02-22 15:58:22,FALSE,NE5_EVENT32,NE5_EVENT32_W,W,L,NE5,1,NA,SM,NE5-SM2,shaggy tail,0,NA,NE5_EVENT32,W
106,NE5,NE5A.second_rou.IMG_0027.MP4,NA, 2024-02-24 08:29:08,FALSE,NE5_EVENT33,NE5_EVENT33_A,A,L,NE5,1,NA,SM,NE5-SM1,N,0,NA,NE5_EVENT33,A
107,NE5,NE5A.second_rou.IMG_0028.MP4,NA, 2024-02-24 08:29:36,FALSE,NE5_EVENT33,NE5_EVENT33_A,A,L,NE5,1,NA,SM,NE5-SM1,N,0,NA,NE5_EVENT33,A
108,NE6,NE6N.IMG_0077.MP4,NA, 2024-02-11 13:37:53,FALSE,NE6_EVENT1,NE6_EVENT1_W,W,L,NE6,1,NA,F,NE6-F1,a bit scruffy,0,NA,NE6_EVENT1,W
109,NE6,NE6N.IMG_0116.MP4,NA, 2024-02-17 22:13:54,FALSE,NE6_EVENT2,NE6_EVENT2_W,W,D,NE6,1,NA,SF,NE6-SF1,mange,0,NA,NE6_EVENT2,W
110,NE6,NE6N.IMG_0117.MP4,NA, 2024-02-17 22:13:58,FALSE,NE6_EVENT2,NE6_EVENT2_W,W,D,NE6,1,NA,SF,NE6-SF1,mange,0,NA,NE6_EVENT2,W
111,NE6,NE6N.IMG_0118.MP4,NA, 2024-02-17 22:14:02,FALSE,NE6_EVENT2,NE6_EVENT2_W,W,D,NE6,1,NA,SF,NE6-SF1,mange,0,NA,NE6_EVENT2,W
112,NE6,NE6N.IMG_0119.MP4,NA, 2024-02-17 22:14:04,FALSE,NE6_EVENT2,NE6_EVENT2_W,W,D,NE6,1,NA,SF,NE6-SF1,mange,0,NA,NE6_EVENT2,W
113,NE6,NE6N.IMG_0120.MP4,NA, 2024-02-17 22:14:06,FALSE,NE6_EVENT2,NE6_EVENT2_W,W,D,NE6,1,NA,SF,NE6-SF1,mange,0,NA,NE6_EVENT2,W
114,NE6,NE6N.IMG_0121.MP4,NA, 2024-02-17 22:14:08,FALSE,NE6_EVENT2,NE6_EVENT2_W,W,D,NE6,1,NA,SF,NE6-SF1,mange,0,NA,NE6_EVENT2,W
115,NE6,NE6N.IMG_0122.MP4,NA, 2024-02-17 22:14:12,FALSE,NE6_EVENT2,NE6_EVENT2_W,W,D,NE6,1,NA,SF,NE6-SF1,mange,0,NA,NE6_EVENT2,W
116,NE6,NE6N.IMG_0123.MP4,NA, 2024-02-17 22:14:14,FALSE,NE6_EVENT2,NE6_EVENT2_W,W,D,NE6,1,NA,SF,NE6-SF1,mange,0,NA,NE6_EVENT2,W
117,NE6,NE6N.IMG_0124.MP4,NA, 2024-02-17 22:14:16,FALSE,NE6_EVENT2,NE6_EVENT2_W,W,D,NE6,1,NA,SF,NE6-SF1,mange,0,NA,NE6_EVENT2,W
118,NE6,NE6N.IMG_0125.MP4,NA, 2024-02-17 22:14:18,FALSE,NE6_EVENT2,NE6_EVENT2_W,W,D,NE6,1,NA,SF,NE6-SF1,mange,0,NA,NE6_EVENT2,W
119,NE6,NE6N.IMG_0126.MP4,NA, 2024-02-17 22:14:20,FALSE,NE6_EVENT2,NE6_EVENT2_W,W,D,NE6,1,NA,SF,NE6-SF1,mange,0,NA,NE6_EVENT2,W
120,NE6,NE6N.IMG_0127.MP4,NA, 2024-02-17 22:14:22,FALSE,NE6_EVENT2,NE6_EVENT2_W,W,D,NE6,1,NA,SF,NE6-SF1,mange,0,NA,NE6_EVENT2,W
121,NE6,NE6N.IMG_0128.MP4,NA, 2024-02-17 22:14:24,FALSE,NE6_EVENT2,NE6_EVENT2_W,W,D,NE6,1,NA,SF,NE6-SF1,mange,0,NA,NE6_EVENT2,W
122,NE6,NE6N.IMG_0129.MP4,NA, 2024-02-17 22:14:26,FALSE,NE6_EVENT2,NE6_EVENT2_W,W,D,NE6,1,NA,SF,NE6-SF1,mange,0,NA,NE6_EVENT2,W
123,NE7,NE7A.IMG_0016.MP4,NA, 2024-02-13 01:29:34,FALSE,NE7_EVENT1,NE7_EVENT1_A,A,D,NE7,1,NA,Unk,NE7-U1,N,0,NA,NE7_EVENT1,A
124,NE7,NE7A.second_round.IMG_0004.MP4,NA, 2024-02-20 13:37:38,FALSE,NE7_EVENT2,NE7_EVENT2_A,A,L,NE7,1,NA,M,NE7-M1,N,0,NA,NE7_EVENT2,A
125,NE7,NE7A.second_round.IMG_0010.MP4,NA, 2024-02-24 08:11:06,FALSE,NE7_EVENT3,NE7_EVENT3_A,A,L,NE7,1,NA,M,NE7-M1,N,0,NA,NE7_EVENT3,A
126,NE7,NE7N.second_round.IMG_0011.MP4,NA, 2024-02-28 10:50:02,FALSE,NE7_EVENT4,NE7_EVENT4_W,W,L,NE7,1,NA,SF,NE7-SF1,N,0,NA,NE7_EVENT4,W
127,NW1,NW1A.IMG_0033.MP4,NA, 2024-03-21 11:30:42,FALSE,NW1_EVENT1,NW1_EVENT1_A,A,L,NW1,1,NA,M,NW1-M1,"partial right ear, some missing butt fur",0,NA,NW1_EVENT1,A
128,NW1,NW1A.IMG_0034.MP4,NA, 2024-03-21 11:31:02,FALSE,NW1_EVENT1,NW1_EVENT1_A,A,L,NW1,1,NA,M,NW1-M1,"partial right ear, some missing butt fur",0,NA,NW1_EVENT1,A
129,NW1,NW1N.IMG_0035.MP4,NA, 2024-03-23 01:37:46,FALSE,NW1_EVENT2,NW1_EVENT2_W,W,D,NW1,1,NA,M,NW1-M2,N,0,NA,NW1_EVENT2,W
130,NW1,NW1A.IMG_0039.MP4,NA, 2024-03-24 02:55:16,FALSE,NW1_EVENT3,NW1_EVENT3_A,A,D,NW1,1,NA,M,NW1-M1,"partial right ear, some missing butt fur",0,NA,NW1_EVENT3,A
131,NW2,NW2A.IMG_0005.MP4,NA, 2024-03-04 16:32:01,FALSE,NW2_EVENT1,NW2_EVENT1_A,A,L,NW2,1,NA,M,NW2-M1,N,0,NA,NW2_EVENT1,A
132,NW2,NW2A.IMG_0006.MP4,NA, 2024-03-04 17:21:04,FALSE,NW2_EVENT2,NW2_EVENT2_A,A,L,NW2,1,NA,M,NW2-M1,N,0,NA,NW2_EVENT2,A
133,NW2,NW2N.IMG_0008.MP4,NA, 2024-03-05 11:41:04,FALSE,NW2_EVENT3,NW2_EVENT3_W,W,L,NW2,1,NA,F,NW2-F1,forehead female,1,NA,NW2_EVENT3,W
134,NW2,NW2N.IMG_0009.MP4,NA, 2024-03-05 11:41:26,FALSE,NW2_EVENT3,NW2_EVENT3_W,W,L,NW2,1,NA,S,NW2-F1,forehead female,1,NA,NW2_EVENT3,W
135,NW2,NW2A.IMG_0008.MP4,NA, 2024-03-05 11:42:18,FALSE,NW2_EVENT3,NW2_EVENT3_A,A,L,NW2,1,NA,F,NW2-F1,forehead female,1,NA,NW2_EVENT3,A
136,NW2,NW2A.IMG_0010.MP4,NA, 2024-03-05 13:06:03,FALSE,NW2_EVENT4,NW2_EVENT4_A,A,L,NW2,1,NA,F,NW2-F1,forehead female,0,NA,NW2_EVENT4,A
137,NW2,NW2A.IMG_0011.MP4,NA, 2024-03-05 16:31:52,FALSE,NW2_EVENT5,NW2_EVENT5_A,A,L,NW2,1,NA,F,NW2-F1,forehead female,0,NA,NW2_EVENT5,A
138,NW2,NW2A.IMG_0019.MP4,NA, 2024-03-06 22:56:42,FALSE,NW2_EVENT6,NW2_EVENT6_A,A,D,NW2,2,NA,F + M,NW2-F1 + NW2-M2,forehead female + tufty male,1,NA,NW2_EVENT6,A
139,NW2,NW2A.IMG_0020.MP4,NA, 2024-03-06 22:57:06,FALSE,NW2_EVENT6,NW2_EVENT6_A,A,D,NW2,2,NA,F + M,NW2-F1 + NW2-M2,forehead female + tufty male,1,NA,NW2_EVENT6,A
140,NW2,NW2N.IMG_0011.MP4,NA, 2024-03-06 22:57:52,FALSE,NW2_EVENT6,NW2_EVENT6_W,W,D,NW2,2,NA,F + M,NW2-F1 + NW2-M2,forehead female + tufty male,2,NA,NW2_EVENT6,W
141,NW2,NW2A.IMG_0021.MP4,NA, 2024-03-06 22:58:28,FALSE,NW2_EVENT6,NW2_EVENT6_A,A,D,NW2,2,NA,F + M,NW2-F1 + NW2-M2,forehead female + tufty male,1,NA,NW2_EVENT6,A
142,NW2,NW2N.IMG_0012.MP4,NA, 2024-03-06 22:59:06,FALSE,NW2_EVENT6,NW2_EVENT6_W,W,D,NW2,2,NA,F + M,NW2-F1 + NW2-M2,forehead female + tufty male,2,NA,NW2_EVENT6,W
143,NW2,NW2A.IMG_0022.MP4,NA, 2024-03-06 22:59:10,FALSE,NW2_EVENT6,NW2_EVENT6_A,A,D,NW2,2,NA,F + M,NW2-F1 + NW2-M2,forehead female + tufty male,1,NA,NW2_EVENT6,A
144,NW2,NW2N.IMG_0013.MP4,NA, 2024-03-06 22:59:28,FALSE,NW2_EVENT6,NW2_EVENT6_W,W,D,NW2,2,NA,F + M,NW2-F1 + NW2-M2,forehead female + tufty male,2,NA,NW2_EVENT6,W
145,NW2,NW2A.IMG_0039.MP4,NA, 2024-03-08 17:58:46,FALSE,NW2_EVENT7,NW2_EVENT7_A,A,D,NW2,1,NA,Unk,NW2-U1,N,0,NA,NW2_EVENT7,A
146,NW2,NW2A.IMG_0040.MP4,NA, 2024-03-08 19:04:38,FALSE,NW2_EVENT8,NW2_EVENT8_A,A,D,NW2,1,NA,Unk,NW2-U2,N,0,NA,NW2_EVENT8,A
147,NW2,NW2A.IMG_0048.MP4,NA, 2024-03-11 06:31:48,FALSE,NW2_EVENT9,NW2_EVENT9_A,A,D,NW2,1,NA,M,NW2-M2,tufty male,1,NA,NW2_EVENT9,A
148,NW2,NW2N.IMG_0048.MP4,NA, 2024-03-11 06:31:48,FALSE,NW2_EVENT9,NW2_EVENT9_W,W,D,NW2,1,NA,M,NW2-M2,tufty male,2,NA,NW2_EVENT9,W
149,NW2,NW2A.IMG_0053.MP4,NA, 2024-03-11 19:02:00,FALSE,NW2_EVENT10,NW2_EVENT10_A,A,D,NW2,3,NA,F + F + M,NW2-F1 + NW-F2 + NW2-M2,forehead female + tufty male,1,NA,NW2_EVENT10,A
150,NW2,NW2A.IMG_0054.MP4,NA, 2024-03-11 19:02:38,FALSE,NW2_EVENT10,NW2_EVENT10_A,A,D,NW2,3,NA,F + F + M,NW2-F1 + NW-F2 + NW2-M2,forehead female + tufty male,1,NA,NW2_EVENT10,A
151,NW2,NW2A.IMG_0055.MP4,NA, 2024-03-11 19:03:02,FALSE,NW2_EVENT10,NW2_EVENT10_A,A,D,NW2,3,NA,F + F + M,NW2-F1 + NW-F2 + NW2-M2,forehead female + tufty male,1,NA,NW2_EVENT10,A
152,NW2,NW2A.IMG_0056.MP4,NA, 2024-03-11 19:03:25,FALSE,NW2_EVENT10,NW2_EVENT10_A,A,D,NW2,3,NA,F + F + M,NW2-F1 + NW-F2 + NW2-M2,forehead female + tufty male,1,NA,NW2_EVENT10,A
153,NW2,NW2A.IMG_0057.MP4,NA, 2024-03-11 19:03:44,FALSE,NW2_EVENT10,NW2_EVENT10_A,A,D,NW2,3,NA,F + F + M,NW2-F1 + NW-F2 + NW2-M2,forehead female + tufty male,1,NA,NW2_EVENT10,A
154,NW2,NW2A.IMG_0058.MP4,NA, 2024-03-11 19:04:08,FALSE,NW2_EVENT10,NW2_EVENT10_A,A,D,NW2,3,NA,F + F + M,NW2-F1 + NW-F2 + NW2-M2,forehead female + tufty male,1,NA,NW2_EVENT10,A
155,NW2,NW2A.IMG_0059.MP4,NA, 2024-03-11 19:04:31,FALSE,NW2_EVENT10,NW2_EVENT10_A,A,D,NW2,3,NA,F + F + M,NW2-F1 + NW-F2 + NW2-M2,forehead female + tufty male,1,NA,NW2_EVENT10,A
156,NW2,NW2A.IMG_0060.MP4,NA, 2024-03-11 19:04:50,FALSE,NW2_EVENT10,NW2_EVENT10_A,A,D,NW2,3,NA,F + F + M,NW2-F1 + NW-F2 + NW2-M2,forehead female + tufty male,1,NA,NW2_EVENT10,A
157,NW2,NW2A.IMG_0061.MP4,NA, 2024-03-11 19:05:12,FALSE,NW2_EVENT10,NW2_EVENT10_A,A,D,NW2,3,NA,F + F + M,NW2-F1 + NW-F2 + NW2-M2,forehead female + tufty male,1,NA,NW2_EVENT10,A
158,NW2,NW2N.IMG_0050.MP4,NA, 2024-03-11 19:05:44,FALSE,NW2_EVENT10,NW2_EVENT10_W,W,D,NW2,3,NA,F + F + M,NW2-F1 + NW-F2 + NW2-M2,forehead female + tufty male,2,NA,NW2_EVENT10,W
159,NW2,NW2N.IMG_0051.MP4,NA, 2024-03-11 19:06:06,FALSE,NW2_EVENT10,NW2_EVENT10_W,W,D,NW2,3,NA,F + F + M,NW2-F1 + NW-F2 + NW2-M2,forehead female + tufty male,2,NA,NW2_EVENT10,W
160,NW2,NW2N.IMG_0052.MP4,NA, 2024-03-11 19:06:28,FALSE,NW2_EVENT10,NW2_EVENT10_W,W,D,NW2,3,NA,F + F + M,NW2-F1 + NW-F2 + NW2-M2,forehead female + tufty male,2,NA,NW2_EVENT10,W
161,NW2,NW2A.IMG_0062.MP4,NA, 2024-03-11 19:06:36,FALSE,NW2_EVENT10,NW2_EVENT10_A,A,D,NW2,3,NA,F + F + M,NW2-F1 + NW-F2 + NW2-M2,forehead female + tufty male,1,NA,NW2_EVENT10,A
162,NW2,NW2A.IMG_0063.MP4,NA, 2024-03-11 19:06:56,FALSE,NW2_EVENT10,NW2_EVENT10_A,A,D,NW2,3,NA,F + F + M,NW2-F1 + NW-F2 + NW2-M2,forehead female + tufty male,1,NA,NW2_EVENT10,A
163,NW2,NW2A.IMG_0064.MP4,NA, 2024-03-11 19:07:18,FALSE,NW2_EVENT10,NW2_EVENT10_A,A,D,NW2,3,NA,F + F + M,NW2-F1 + NW-F2 + NW2-M2,forehead female + tufty male,1,NA,NW2_EVENT10,A
164,NW2,NW2A.IMG_0065.MP4,NA, 2024-03-12 06:03:54,FALSE,NW2_EVENT11,NW2_EVENT11_A,A,D,NW2,1,NA,Unk,NW2-U3,N,0,NA,NW2_EVENT11,A
165,NW2,NW2A.IMG_0095.MP4,NA, 2024-03-18 09:01:02,FALSE,NW2_EVENT12,NW2_EVENT12_A,A,L,NW2,1,NA,Unk,NW2-U4,N,0,NA,NW2_EVENT12,A
166,NW2,NW2A.IMG_0097.MP4,NA, 2024-03-18 10:30:24,FALSE,NW2_EVENT13,NW2_EVENT13_A,A,L,NW2,1,NA,M,NW2-M1,N,0,NA,NW2_EVENT13,A
167,NW2,NW2A.IMG_0099.MP4,NA, 2024-03-18 10:48:08,FALSE,NW2_EVENT14,NW2_EVENT14_A,A,L,NW2,1,NA,M,NW2-M1,N,0,NA,NW2_EVENT14,A
168,NW2,NW2A.IMG_0100.MP4,NA, 2024-03-18 10:50:06,FALSE,NW2_EVENT14,NW2_EVENT14_A,A,L,NW2,1,NA,M,NW2-M1,N,0,NA,NW2_EVENT14,A
169,NW2,NW2A.IMG_0101.MP4,NA, 2024-03-18 10:50:26,FALSE,NW2_EVENT14,NW2_EVENT14_A,A,L,NW2,1,NA,M,NW2-M1,N,0,NA,NW2_EVENT14,A
170,NW2,NW2A.IMG_0103.MP4,NA, 2024-03-18 20:00:02,FALSE,NW2_EVENT15,NW2_EVENT15_A,A,D,NW2,1,NA,M,NW2-M1,N,0,NA,NW2_EVENT15,A
171,NW2,NW2A.IMG_0104.MP4,NA, 2024-03-18 20:00:52,FALSE,NW2_EVENT15,NW2_EVENT15_A,A,D,NW2,1,NA,M,NW2-M1,N,0,NA,NW2_EVENT15,A
172,NW2,NW2N.IMG_0135.MP4,NA, 2024-03-25 02:49:10,FALSE,NW2_EVENT16,NW2_EVENT16_W,W,D,NW2,1,NA,M,NW2-M1,N,0,NA,NW2_EVENT16,W
173,NW2,NW2N.IMG_0136.MP4,NA, 2024-03-25 02:49:44,FALSE,NW2_EVENT16,NW2_EVENT16_W,W,D,NW2,1,NA,M,NW2-M1,N,0,NA,NW2_EVENT16,W
174,NW3,NW3A.IMG_0016.MP4,NA, 2024-03-06 18:59:28,FALSE,NW3_EVENT1,NW3_EVENT1_A,A,D,NW3,1,,SF,NW3-SF1,N,1,NA,NW3_EVENT1,A
175,NW3,NW3N.IMG_0003.MP4,NA, 2024-03-06 19:00:18,FALSE,NW3_EVENT1,NW3_EVENT1_W,W,D,NW3,1,,SF,NW3-SF1,N,2,NA,NW3_EVENT1,W
176,NW3,NW3A.IMG_0018.MP4,NA, 2024-03-10 03:29:22,FALSE,NW3_EVENT2,NW3_EVENT2_A,A,D,NW3,1,,Unk,NW3-U1,N,0,NA,NW3_EVENT2,A
177,NW3,NW3N.IMG_0013.MP4,NA, 2024-03-17 07:01:36,FALSE,NW3_EVENT3,NW3_EVENT3_W,W,L,NW3,1,,SM,NW3-SM1,N,0,NA,NW3_EVENT3,W
178,NW3,NW3N.IMG_0025.MP4,NA, 2024-03-21 04:08:16,FALSE,NW3_EVENT4,NW3_EVENT4_W,W,D,NW3,2,female is snarling for first 20 seconds or so,F + M,NW3-F1 + NW3-M1,oreo male,0,NA,NW3_EVENT4,W
179,NW3,NW3N.IMG_0026.MP4,NA, 2024-03-21 04:08:40,FALSE,NW3_EVENT4,NW3_EVENT4_W,W,D,NW3,2,female is snarling for first 20 seconds or so,F + M,NW3-F1 + NW3-M1,oreo male,0,NA,NW3_EVENT4,W
180,NW3,NW3N.IMG_0027.MP4,NA, 2024-03-21 04:09:00,FALSE,NW3_EVENT4,NW3_EVENT4_W,W,D,NW3,2,female is snarling for first 20 seconds or so,F + M,NW3-F1 + NW3-M1,oreo male,0,NA,NW3_EVENT4,W
181,NW3,NW3N.IMG_0028.MP4,NA, 2024-03-21 04:09:22,FALSE,NW3_EVENT4,NW3_EVENT4_W,W,D,NW3,2,female is snarling for first 20 seconds or so,F + M,NW3-F1 + NW3-M1,oreo male,0,NA,NW3_EVENT4,W
182,NW3,NW3N.IMG_0029.MP4,NA, 2024-03-21 04:09:58,FALSE,NW3_EVENT4,NW3_EVENT4_W,W,D,NW3,2,female is snarling for first 20 seconds or so,F + M,NW3-F1 + NW3-M1,oreo male,0,NA,NW3_EVENT4,W
183,NW3,NW3N.IMG_0034.MP4,NA, 2024-03-23 05:14:46,FALSE,NW3_EVENT5,NW3_EVENT5_W,W,D,NW3,1,,Unk,NW3-U2,N,0,NA,NW3_EVENT5,W
184,NW3,NW3N.IMG_0037.MP4,NA, 2024-03-24 23:54:02,FALSE,NW3_EVENT6,NW3_EVENT6_W,W,D,NW3,1,,Unk,NW3-U3,N,0,NA,NW3_EVENT6,W
185,NW3,NW3A.IMG_0266.MP4,NA, 2024-03-29 00:57:49,FALSE,NW3_EVENT7,NW3_EVENT7_A,A,D,NW3,1,,SF,NW3-SF1,N,1,NA,NW3_EVENT7,A
186,NW3,NW3N.IMG_0045.MP4,NA, 2024-03-29 00:58:18,FALSE,NW3_EVENT7,NW3_EVENT7_W,W,D,NW3,1,,SF,NW3-SF1,N,2,NA,NW3_EVENT7,W
187,NW3,NW3A.IMG_0267.MP4,NA, 2024-03-29 00:58:28,FALSE,NW3_EVENT7,NW3_EVENT7_A,A,D,NW3,1,,SF,NW3-SF1,N,1,NA,NW3_EVENT7,A
188,NW3,NW3A.IMG_0268.MP4,NA, 2024-03-29 00:58:57,FALSE,NW3_EVENT7,NW3_EVENT7_A,A,D,NW3,1,,SF,NW3-SF1,N,1,NA,NW3_EVENT7,A
189,NW3,NW3N.IMG_0046.MP4,NA, 2024-03-29 00:59:02,FALSE,NW3_EVENT7,NW3_EVENT7_W,W,D,NW3,1,,SF,NW3-SF1,N,2,NA,NW3_EVENT7,W
190,NW3,NW3A.IMG_0269.MP4,NA, 2024-03-29 00:59:20,FALSE,NW3_EVENT7,NW3_EVENT7_A,A,D,NW3,1,,SF,NW3-SF1,N,1,NA,NW3_EVENT7,A
191,NW3,NW3N.IMG_0047.MP4,NA, 2024-03-29 00:59:22,FALSE,NW3_EVENT7,NW3_EVENT7_W,W,D,NW3,1,,SF,NW3-SF1,N,2,NA,NW3_EVENT7,W
192,NW3,NW3A.IMG_0270.MP4,NA, 2024-03-29 00:59:42,FALSE,NW3_EVENT7,NW3_EVENT7_A,A,D,NW3,1,,SF,NW3-SF1,N,1,NA,NW3_EVENT7,A
193,NW3,NW3N.IMG_0048.MP4,NA, 2024-03-29 00:59:46,FALSE,NW3_EVENT7,NW3_EVENT7_W,W,D,NW3,1,,SF,NW3-SF1,N,2,NA,NW3_EVENT7,W
194,NW3,NW3A.IMG_0271.MP4,NA, 2024-03-29 01:00:02,FALSE,NW3_EVENT7,NW3_EVENT7_A,A,D,NW3,1,,SF,NW3-SF1,N,1,NA,NW3_EVENT7,A
195,NW3,NW3N.IMG_0049.MP4,NA, 2024-03-29 01:00:09,FALSE,NW3_EVENT7,NW3_EVENT7_W,W,D,NW3,1,,SF,NW3-SF1,N,2,NA,NW3_EVENT7,W
196,NW3,NW3A.IMG_0272.MP4,NA, 2024-03-29 01:00:24,FALSE,NW3_EVENT7,NW3_EVENT7_A,A,D,NW3,1,,SF,NW3-SF1,N,1,NA,NW3_EVENT7,A
197,NW3,NW3N.IMG_0050.MP4,NA, 2024-03-29 01:00:28,FALSE,NW3_EVENT7,NW3_EVENT7_W,W,D,NW3,1,,SF,NW3-SF1,N,2,NA,NW3_EVENT7,W
198,NW3,NW3A.IMG_0273.MP4,NA, 2024-03-29 01:00:46,FALSE,NW3_EVENT7,NW3_EVENT7_A,A,D,NW3,1,,SF,NW3-SF1,N,1,NA,NW3_EVENT7,A
199,NW3,NW3N.IMG_0051.MP4,NA, 2024-03-29 01:01:00,FALSE,NW3_EVENT7,NW3_EVENT7_W,W,D,NW3,1,,SF,NW3-SF1,N,2,NA,NW3_EVENT7,W
200,NW3,NW3A.IMG_0274.MP4,NA, 2024-03-29 01:01:08,FALSE,NW3_EVENT7,NW3_EVENT7_A,A,D,NW3,1,,SF,NW3-SF1,N,1,NA,NW3_EVENT7,A
201,NW3,NW3N.IMG_0052.MP4,NA, 2024-03-29 01:01:22,FALSE,NW3_EVENT7,NW3_EVENT7_W,W,D,NW3,1,,SF,NW3-SF1,N,2,NA,NW3_EVENT7,W
202,NW3,NW3A.IMG_0275.MP4,NA, 2024-03-29 01:01:30,FALSE,NW3_EVENT7,NW3_EVENT7_A,A,D,NW3,1,,SF,NW3-SF1,N,1,NA,NW3_EVENT7,A
203,NW3,NW3N.IMG_0061.MP4,NA, 2024-03-31 20:10:42,FALSE,NW3_EVENT8,NW3_EVENT8_W,W,D,NW3,1,,SM,NW3-SM1,N,1,NA,NW3_EVENT8,W
204,NW3,NW3A.IMG_0414.MP4,NA, 2024-03-31 20:11:48,FALSE,NW3_EVENT8,NW3_EVENT8_A,A,D,NW3,1,,SM,NW3-SM1,N,2,NA,NW3_EVENT8,A
205,NW4,NW4A.IMG_0022.MP4,NA, 2024-03-09 05:56:44,FALSE,NW4_EVENT1,NW4_EVENT1_A,A,L,NW4,1,NA,SM,NW4-SM1,N,1,NA,NW4_EVENT1,A
206,NW4,NW4A.IMG_0025.MP4,NA, 2024-03-09 20:07:48,FALSE,NW4_EVENT2,NW4_EVENT2_A,A,D,NW4,1,NA,SM,NW4-SM1,N,2,NA,NW4_EVENT2,A
207,NW4,NW4_Event2N_1.MP4,NA, 2024-03-09 20:07:48,FALSE,NW4_EVENT2,NW4_EVENT2_W,W,D,NW4,1,NA,SM,NW4-SM1,N,1,NA,NW4_EVENT2,W
208,NW4,NW4A.IMG_0026.MP4,NA, 2024-03-09 20:08:08,FALSE,NW4_EVENT2,NW4_EVENT2_A,A,D,NW4,1,NA,SM,NW4-SM1,N,2,NA,NW4_EVENT2,A
209,NW4,NW4_Event2N_2.MP4,NA, 2024-03-09 20:08:08,FALSE,NW4_EVENT2,NW4_EVENT2_W,W,D,NW4,1,NA,SM,NW4-SM1,N,1,NA,NW4_EVENT2,W
210,NW4,NW4N.IMG_0010.MP4,NA, 2024-03-09 20:08:18,FALSE,NW4_EVENT2,NW4_EVENT2_W,W,D,NW4,1,NA,SM,NW4-SM1,N,1,NA,NW4_EVENT2,W
211,NW4,NW4A.IMG_0031.MP4,NA, 2024-03-11 04:29:48,FALSE,NW4_EVENT3,NW4_EVENT3_A,A,D,NW4,1,NA,SM,NW4-SM1,N,1,NA,NW4_EVENT3,A
212,NW4,NW4N (1).MP4,NA, 2024-03-11 04:29:48,FALSE,NW4_EVENT3,NW4_EVENT3_W,W,D,NW4,1,NA,SM,NW4-SM1,N,2,NA,NW4_EVENT3,W
213,NW4,NW4A.IMG_0032.MP4,NA, 2024-03-11 04:30:08,FALSE,NW4_EVENT3,NW4_EVENT3_A,A,D,NW4,1,NA,SM,NW4-SM1,N,1,NA,NW4_EVENT3,A
214,NW4,NW4N (2).MP4,NA, 2024-03-11 04:30:08,FALSE,NW4_EVENT3,NW4_EVENT3_W,W,D,NW4,1,NA,SM,NW4-SM1,N,2,NA,NW4_EVENT3,W
215,NW4,NW4A.IMG_0037.MP4,NA, 2024-03-12 08:04:58,FALSE,NW4_EVENT4,NW4_EVENT4_A,A,L,NW4,1,NA,SM,NW4-SM1,N,1,NA,NW4_EVENT4,A
216,NW4,NW4A.IMG_0037.MP4,NA, 2024-03-12 08:04:58,FALSE,NW4_EVENT4,NW4_EVENT4_W,W,L,NW4,1,NA,SM,NW4-SM1,N,2,NA,NW4_EVENT4,W
217,NW4,NW4N.IMG_0016.MP4,NA, 2024-03-12 08:05:20,FALSE,NW4_EVENT4,NW4_EVENT4_W,W,L,NW4,1,NA,SM,NW4-SM1,N,2,NA,NW4_EVENT4,W
218,NW4,NW4A.IMG_0038.MP4,NA, 2024-03-12 08:05:21,FALSE,NW4_EVENT4,NW4_EVENT4_A,A,L,NW4,1,NA,SM,NW4-SM1,N,1,NA,NW4_EVENT4,A
219,NW4,NW4A.IMG_0098.MP4,NA, 2024-03-16 00:35:50,FALSE,NW4_EVENT5,NW4_EVENT5_A,A,D,NW4,1,NA,F,NW4-F1,"mange, small, thin shoulders",0,NA,NW4_EVENT5,A
220,NW4,NW4A.IMG_0099.MP4,NA, 2024-03-16 04:58:22,FALSE,NW4_EVENT6,NW4_EVENT6_A,A,D,NW4,1,NA,Unk,NW4-U1,mild mange,0,NA,NW4_EVENT6,A
221,NW4,NW4A.IMG_0102.MP4,NA, 2024-03-16 10:26:50,FALSE,NW4_EVENT7,NW4_EVENT7_A,A,L,NW4,1,NA,F,NW4-F1,"mange, small, thin shoulders",1,NA,NW4_EVENT7,A
222,NW4,NW4N.IMG_0054.MP4,NA, 2024-03-16 10:27:00,FALSE,NW4_EVENT7,NW4_EVENT7_W,W,L,NW4,1,NA,F,NW4-F1,"mange, small, thin shoulders",2,NA,NW4_EVENT7,W
223,NW4,NW4A.IMG_0159.MP4,NA, 2024-03-19 09:04:08,FALSE,NW4_EVENT8,NW4_EVENT8_A,A,L,NW4,1,NA,F,NW4-F1,"mange, small, thin shoulders",0,NA,NW4_EVENT8,A
224,NW4,NW4A.IMG_0162.MP4,NA, 2024-03-19 11:29:46,FALSE,NW4_EVENT9,NW4_EVENT9_A,A,L,NW4,1,NA,F,NW4-F1,"mange, small, thin shoulders",1,NA,NW4_EVENT9,A
225,NW4,NW4A.IMG_0162.MP4,NA, 2024-03-19 11:29:46,FALSE,NW4_EVENT9,NW4_EVENT9_W,W,L,NW4,1,NA,F,NW4-F1,"mange, small, thin shoulders",2,NA,NW4_EVENT9,W
226,NW4,NW4A.IMG_0164.MP4,NA, 2024-03-19 11:34:02,FALSE,NW4_EVENT9,NW4_EVENT9_A,A,L,NW4,1,NA,F,NW4-F1,"mange, small, thin shoulders",1,NA,NW4_EVENT9,A
227,NW4,NW4A.IMG_0164.MP4,NA, 2024-03-19 11:34:02,FALSE,NW4_EVENT9,NW4_EVENT9_W,W,L,NW4,1,NA,F,NW4-F1,"mange, small, thin shoulders",2,NA,NW4_EVENT9,W
228,NW4,NW4A.IMG_0183.MP4,NA, 2024-03-20 08:48:28,FALSE,NW4_EVENT10,NW4_EVENT10_A,A,L,NW4,1,NA,SM,NW4-SM1,N,0,NA,NW4_EVENT10,A
229,NW4,NW4A.IMG_0186.MP4,NA, 2024-03-20 10:30:26,FALSE,NW4_EVENT11,NW4_EVENT11_A,A,L,NW4,1,NA,SM,NW4-SM1,N,0,NA,NW4_EVENT11,A
230,NW4,NW4A.IMG_0187.MP4,NA, 2024-03-20 12:25:02,FALSE,NW4_EVENT12,NW4_EVENT12_A,A,L,NW4,1,NA,Unk,NW4-U1,mild mange,2,NA,NW4_EVENT12,A
231,NW4,NW4A.IMG_0187.MP4,NA, 2024-03-20 12:25:02,FALSE,NW4_EVENT12,NW4_EVENT12_W,W,L,NW4,1,NA,Unk,NW4-U1,mild mange,1,NA,NW4_EVENT12,W
232,NW4,NW4A.IMG_0191.MP4,NA, 2024-03-21 13:49:58,FALSE,NW4_EVENT13,NW4_EVENT13_A,A,L,NW4,1,NA,Unk,NW4-U2,N,0,NA,NW4_EVENT13,A
233,NW4,NW4A.IMG_0192.MP4,NA, 2024-03-21 20:58:26,FALSE,NW4_EVENT14,NW4_EVENT14_A,A,D,NW4,1,NA,SM,NW4-SM1,N,2,NA,NW4_EVENT14,A
234,NW4,NW4A.IMG_0192.MP4,NA, 2024-03-21 20:58:26,FALSE,NW4_EVENT14,NW4_EVENT14_W,W,D,NW4,1,NA,SM,NW4-SM1,N,1,NA,NW4_EVENT14,W
235,NW4,NW4A.IMG_0199.MP4,NA, 2024-03-23 06:17:12,FALSE,NW4_EVENT15,NW4_EVENT15_A,A,D,NW4,1,NA,SM,NW4-SM1,N,1,NA,NW4_EVENT15,A
236,NW4,NW4A.IMG_0199.MP4,NA, 2024-03-23 06:17:12,FALSE,NW4_EVENT15,NW4_EVENT15_W,W,D,NW4,1,NA,SM,NW4-SM1,N,2,NA,NW4_EVENT15,W
237,NW4,NW4A.IMG_0200.MP4,NA, 2024-03-23 06:17:34,FALSE,NW4_EVENT15,NW4_EVENT15_W,W,D,NW4,1,NA,SM,NW4-SM1,N,2,NA,NW4_EVENT15,W
238,NW4,NW4A.IMG_0201.MP4,NA, 2024-03-23 06:18:24,FALSE,NW4_EVENT15,NW4_EVENT15_W,W,D,NW4,1,NA,SM,NW4-SM1,N,2,NA,NW4_EVENT15,W
239,NW4,NW4A.IMG_0201.MP4,NA, 2024-03-23 06:18:24,FALSE,NW4_EVENT15,NW4_EVENT15_A,A,D,NW4,1,NA,SM,NW4-SM1,N,1,NA,NW4_EVENT15,A
240,NW4,NW4A.IMG_0202.MP4,NA, 2024-03-23 06:18:50,FALSE,NW4_EVENT15,NW4_EVENT15_A,A,D,NW4,1,NA,SM,NW4-SM1,N,1,NA,NW4_EVENT15,A
241,NW4,NW4A.IMG_0203.MP4,NA, 2024-03-23 06:19:12,FALSE,NW4_EVENT15,NW4_EVENT15_A,A,D,NW4,1,NA,SM,NW4-SM1,N,1,NA,NW4_EVENT15,A
242,NW4,NW4A.IMG_0203.MP4,NA, 2024-03-23 06:19:12,FALSE,NW4_EVENT15,NW4_EVENT15_W,W,D,NW4,1,NA,SM,NW4-SM1,N,2,NA,NW4_EVENT15,W
243,NW4,NW4A.IMG_0213.MP4,NA, 2024-03-23 10:18:48,FALSE,NW4_EVENT16,NW4_EVENT16_W,W,L,NW4,1,NA,M,NW4-M1,"mottled coat, mange",1,NA,NW4_EVENT16,W
244,NW4,NW4A.IMG_0214.MP4,NA, 2024-03-23 10:19:20,FALSE,NW4_EVENT16,NW4_EVENT16_W,W,L,NW4,1,NA,M,NW4-M1,"mottled coat, mange",1,NA,NW4_EVENT16,W
245,NW4,NW4A.IMG_0214.MP4,NA, 2024-03-23 10:19:20,FALSE,NW4_EVENT16,NW4_EVENT16_A,A,L,NW4,1,NA,M,NW4-M1,"mottled coat, mange",2,NA,NW4_EVENT16,A
246,NW4,NW4A.IMG_0215.MP4,NA, 2024-03-23 10:19:42,FALSE,NW4_EVENT16,NW4_EVENT16_W,W,L,NW4,1,NA,M,NW4-M1,"mottled coat, mange",1,NA,NW4_EVENT16,W
247,NW4,NW4A.IMG_0216.MP4,NA, 2024-03-23 10:20:04,FALSE,NW4_EVENT16,NW4_EVENT16_W,W,L,NW4,1,NA,M,NW4-M1,"mottled coat, mange",1,NA,NW4_EVENT16,W
248,NW4,NW4A.IMG_0217.MP4,NA, 2024-03-23 10:20:24,FALSE,NW4_EVENT16,NW4_EVENT16_W,W,L,NW4,1,NA,M,NW4-M1,"mottled coat, mange",1,NA,NW4_EVENT16,W
249,NW4,NW4A.IMG_0218.MP4,NA, 2024-03-23 10:20:54,FALSE,NW4_EVENT16,NW4_EVENT16_W,W,L,NW4,1,NA,M,NW4-M1,"mottled coat, mange",1,NA,NW4_EVENT16,W
250,NW4,NW4A.IMG_0219.MP4,NA, 2024-03-23 10:21:19,FALSE,NW4_EVENT16,NW4_EVENT16_W,W,L,NW4,1,NA,M,NW4-M1,"mottled coat, mange",1,NA,NW4_EVENT16,W
251,NW4,NW4A.IMG_0219.MP4,NA, 2024-03-23 10:21:19,FALSE,NW4_EVENT16,NW4_EVENT16_A,A,L,NW4,1,NA,M,NW4-M1,"mottled coat, mange",2,NA,NW4_EVENT16,A
252,NW4,NW4A.IMG_0220.MP4,NA, 2024-03-23 10:21:42,FALSE,NW4_EVENT16,NW4_EVENT16_A,A,L,NW4,1,NA,M,NW4-M1,"mottled coat, mange",2,NA,NW4_EVENT16,A
253,NW4,NW4A.IMG_0221.MP4,NA, 2024-03-23 10:22:02,FALSE,NW4_EVENT16,NW4_EVENT16_A,A,L,NW4,1,NA,M,NW4-M1,"mottled coat, mange",2,NA,NW4_EVENT16,A
254,NW4,NW4A.IMG_0222.MP4,NA, 2024-03-23 10:24:34,FALSE,NW4_EVENT16,NW4_EVENT16_W,W,L,NW4,1,NA,M,NW4-M1,"mottled coat, mange",1,NA,NW4_EVENT16,W
255,NW4,NW4A.IMG_0223.MP4,NA, 2024-03-23 10:26:48,FALSE,NW4_EVENT16,NW4_EVENT16_W,W,L,NW4,1,NA,M,NW4-M1,"mottled coat, mange",1,NA,NW4_EVENT16,W
256,NW4,NW4A.IMG_0224.MP4,NA, 2024-03-23 10:27:50,FALSE,NW4_EVENT16,NW4_EVENT16_W,W,L,NW4,1,NA,M,NW4-M1,"mottled coat, mange",1,NA,NW4_EVENT16,W
257,NW4,NW4A.IMG_0224.MP4,NA, 2024-03-23 10:27:50,FALSE,NW4_EVENT16,NW4_EVENT16_A,A,L,NW4,1,NA,M,NW4-M1,"mottled coat, mange",2,NA,NW4_EVENT16,A
258,NW4,NW4A.IMG_0225.MP4,NA, 2024-03-23 10:28:13,FALSE,NW4_EVENT16,NW4_EVENT16_A,A,L,NW4,1,NA,M,NW4-M1,"mottled coat, mange",2,NA,NW4_EVENT16,A
259,NW4,NW4N.IMG_0123.MP4,NA, 2024-03-30 18:03:32,FALSE,NW4_EVENT17,NW4_EVENT17_W,W,L,NW4,1,NA,F,NW4-F1,"mange, small, thin shoulders",1,NA,NW4_EVENT17,W
260,NW4,NW4A.IMG_0257.MP4,NA, 2024-03-30 18:03:44,FALSE,NW4_EVENT17,NW4_EVENT17_A,A,L,NW4,1,NA,F,NW4-F1,"mange, small, thin shoulders",2,NA,NW4_EVENT17,A
261,NW4,NW4A.IMG_0258.MP4,NA, 2024-03-30 18:04:04,FALSE,NW4_EVENT17,NW4_EVENT17_A,A,L,NW4,1,NA,F,NW4-F1,"mange, small, thin shoulders",2,NA,NW4_EVENT17,A
262,NW4,NW4A.IMG_0258.MP4,NA, 2024-03-30 18:04:04,FALSE,NW4_EVENT17,NW4_EVENT17_W,W,L,NW4,1,NA,F,NW4-F1,"mange, small, thin shoulders",1,NA,NW4_EVENT17,W
263,NW4,NW4N.IMG_0129.MP4,NA, 2024-03-31 12:15:12,FALSE,NW4_EVENT18,NW4_EVENT18_W,W,L,NW4,1,NA,F,NW4-F1,"mange, small, thin shoulders",1,NA,NW4_EVENT18,W
264,NW4,NW4A.IMG_0260.MP4,NA, 2024-03-31 12:15:28,FALSE,NW4_EVENT18,NW4_EVENT18_A,A,L,NW4,1,NA,F,NW4-F1,"mange, small, thin shoulders",2,NA,NW4_EVENT18,A
265,NW4,NW4A.IMG_0261.MP4,NA, 2024-03-31 12:16:28,FALSE,NW4_EVENT18,NW4_EVENT18_A,A,L,NW4,1,NA,F,NW4-F1,"mange, small, thin shoulders",2,NA,NW4_EVENT18,A
266,NW4,NW4N.IMG_0130.MP4,NA, 2024-03-31 12:17:10,FALSE,NW4_EVENT18,NW4_EVENT18_W,W,L,NW4,1,NA,F,NW4-F1,"mange, small, thin shoulders",1,NA,NW4_EVENT18,W
267,NW4,NW4A.IMG_0262.MP4,NA, 2024-03-31 12:17:26,FALSE,NW4_EVENT18,NW4_EVENT18_A,A,L,NW4,1,NA,F,NW4-F1,"mange, small, thin shoulders",2,NA,NW4_EVENT18,A
268,NW4,NW4N.IMG_0134.MP4,NA, 2024-03-31 15:37:00,FALSE,NW4_EVENT19,NW4_EVENT19_W,W,L,NW4,1,NA,F,NW4-F1,"mange, small, thin shoulders",1,NA,NW4_EVENT19,W
269,NW4,NW4A.IMG_0263.MP4,NA, 2024-03-31 15:37:10,FALSE,NW4_EVENT19,NW4_EVENT19_A,A,L,NW4,1,NA,F,NW4-F1,"mange, small, thin shoulders",2,NA,NW4_EVENT19,A
270,NW4,NW4N.IMG_0135.MP4,NA, 2024-03-31 18:04:04,FALSE,NW4_EVENT20,NW4_EVENT20_W,W,L,NW4,1,NA,M,NW4-M1,"mottled coat, mange",1,NA,NW4_EVENT20,W
271,NW4,NW4A.IMG_0264.MP4,NA, 2024-03-31 18:04:22,FALSE,NW4_EVENT20,NW4_EVENT20_W,W,L,NW4,1,NA,M,NW4-M1,"mottled coat, mange",1,NA,NW4_EVENT20,W
272,NW4,NW4N.IMG_0136.MP4,NA, 2024-03-31 18:04:46,FALSE,NW4_EVENT20,NW4_EVENT20_W,W,L,NW4,1,NA,M,NW4-M1,"mottled coat, mange",1,NA,NW4_EVENT20,W
273,NW4,NW4A.IMG_0265.MP4,NA, 2024-03-31 18:04:58,FALSE,NW4_EVENT20,NW4_EVENT20_A,A,L,NW4,1,NA,M,NW4-M1,"mottled coat, mange",2,NA,NW4_EVENT20,A
274,NW4,NW4A.IMG_0266.MP4,NA, 2024-03-31 18:08:18,FALSE,NW4_EVENT20,NW4_EVENT20_W,W,L,NW4,1,NA,M,NW4-M1,"mottled coat, mange",1,NA,NW4_EVENT20,W
275,NW4,NW4A.IMG_0267.MP4,NA, 2024-04-01 06:37:42,FALSE,NW4_EVENT21,NW4_EVENT21_A,A,L,NW4,2,NA,F + M,NW4-F2 + NW4-M1,"mottled coat, mange",1,NA,NW4_EVENT21,A
276,NW4,NW4N.IMG_0137.MP4,NA, 2024-04-01 06:37:50,FALSE,NW4_EVENT21,NW4_EVENT21_W,W,L,NW4,2,NA,F + M,NW4-F2 + NW4-M1,"mottled coat, mange",2,NA,NW4_EVENT21,W
277,NW4,NW4A.IMG_0268.MP4,NA, 2024-04-01 06:38:06,FALSE,NW4_EVENT21,NW4_EVENT21_A,A,L,NW4,2,NA,F + M,NW4-F2 + NW4-M1,"mottled coat, mange",1,NA,NW4_EVENT21,A
278,NW4,NW4N.IMG_0138.MP4,NA, 2024-04-01 06:38:12,FALSE,NW4_EVENT21,NW4_EVENT21_W,W,L,NW4,2,NA,F + M,NW4-F2 + NW4-M1,"mottled coat, mange",2,NA,NW4_EVENT21,W
279,NW4,NW4N.IMG_0139.MP4,NA, 2024-04-01 06:38:34,FALSE,NW4_EVENT21,NW4_EVENT21_W,W,L,NW4,2,NA,F + M,NW4-F2 + NW4-M1,"mottled coat, mange",2,NA,NW4_EVENT21,W
280,NW4,NW4A.IMG_0269.MP4,NA, 2024-04-01 06:38:38,FALSE,NW4_EVENT21,NW4_EVENT21_A,A,L,NW4,2,NA,F + M,NW4-F2 + NW4-M1,"mottled coat, mange",1,NA,NW4_EVENT21,A
281,NW4,NW4N.IMG_0140.MP4,NA, 2024-04-01 06:39:00,FALSE,NW4_EVENT21,NW4_EVENT21_W,W,L,NW4,2,NA,F + M,NW4-F2 + NW4-M1,"mottled coat, mange",2,NA,NW4_EVENT21,W
282,NW4,NW4N.IMG_0141.MP4,NA, 2024-04-01 06:39:22,FALSE,NW4_EVENT21,NW4_EVENT21_W,W,L,NW4,2,NA,F + M,NW4-F2 + NW4-M1,"mottled coat, mange",2,NA,NW4_EVENT21,W
283,NW4,NW4A.IMG_0270.MP4,NA, 2024-04-01 06:40:02,FALSE,NW4_EVENT21,NW4_EVENT21_A,A,L,NW4,2,NA,F + M,NW4-F2 + NW4-M1,"mottled coat, mange",1,NA,NW4_EVENT21,A
284,NW4,NW4A.IMG_0272.MP4,NA, 2024-04-01 11:24:56,FALSE,NW4_EVENT22,NW4_EVENT22_A,A,L,NW4,1,NA,F,NW4-F1,"mange, small, thin shoulders",0,NA,NW4_EVENT22,A
285,NW5,NW5A.IMG_0109.MP4,NA, 2024-03-17 22:44:12,FALSE,NW5_EVENT1,NW5_EVENT1_A,A,D,NW5,1,NA,SF,NW5-SF1,N,1,NA,NW5_EVENT1,A
286,NW5,NW5A.IMG_0110.MP4,NA, 2024-03-17 22:44:42,FALSE,NW5_EVENT1,NW5_EVENT1_W,W,D,NW5,1,NA,SF,NW5-SF1,N,2,NA,NW5_EVENT1,W
287,NW5,NW5A.IMG_0132.MP4,NA, 2024-03-19 06:19:48,FALSE,NW5_EVENT2,NW5_EVENT2_A,A,D,NW5,1,NA,Unk,NW5-U1,N,2,NA,NW5_EVENT2,A
288,NW5,NW5N.IMG_0118.MP4,NA, 2024-03-19 06:19:48,FALSE,NW5_EVENT2,NW5_EVENT2_W,W,D,NW5,1,NA,Unk,NW5-U1,N,1,NA,NW5_EVENT2,W
289,NW5,NW5A.IMG_0139.MP4,NA, 2024-03-20 04:52:22,FALSE,NW5_EVENT3,NW5_EVENT3_A,A,D,NW5,1,NA,Unk,NW5-U2,N,0,NA,NW5_EVENT3,A
290,NW5,NW5A.IMG_0140.MP4,NA, 2024-03-20 10:00:40,FALSE,NW5_EVENT4,NW5_EVENT4_A,A,N,NW5,1,NA,M,NW5-M1,N,0,NA,NW5_EVENT4,A
291,NW5,NW5A.IMG_0141.MP4,NA, 2024-03-21 06:33:32,FALSE,NW5_EVENT10,NW5_EVENT10_A,A,N,NW5,1,NA,M,NW5-M1,N,0,NA,NW5_EVENT10,A
292,NW5,NW5A.IMG_0157.MP4,NA, 2024-03-23 03:02:40,FALSE,NW5_EVENT5,NW5_EVENT5_A,A,D,NW5,1,NA,SF,NW5-SF1,N,0,NA,NW5_EVENT5,A
293,NW5,NW5A.IMG_0158.MP4,NA, 2024-03-23 03:03:04,FALSE,NW5_EVENT5,NW5_EVENT5_A,A,D,NW5,1,NA,SF,NW5-SF1,N,0,NA,NW5_EVENT5,A
294,NW5,NW5A.IMG_0170.MP4,NA, 2024-03-24 07:11:18,FALSE,NW5_EVENT6,NW5_EVENT6_A,A,L,NW5,1,NA,F,NW5-F1,N,0,NA,NW5_EVENT6,A
295,NW5,NW5A.IMG_0171.MP4,NA, 2024-03-24 07:12:48,FALSE,NW5_EVENT6,NW5_EVENT6_A,A,L,NW5,1,NA,F,NW5-F1,N,0,NA,NW5_EVENT6,A
296,NW5,NW5A.IMG_0175.MP4,NA, 2024-03-24 19:57:50,FALSE,NW5_EVENT7,NW5_EVENT7_A,A,D,NW5,1,NA,SF,NW5-SF1,N,0,NA,NW5_EVENT7,A
297,NW5,NW5A.IMG_0211.MP4,NA, 2024-03-28 13:05:34,FALSE,NW5_EVENT8,NW5_EVENT8_A,A,L,NW5,1,NA,F,NW5-F2,N,2,NA,NW5_EVENT8,A
298,NW5,NW5N.IMG_0188.MP4,NA, 2024-03-28 13:05:46,FALSE,NW5_EVENT8,NW5_EVENT8_W,W,L,NW5,1,NA,F,NW5-F2,N,1,NA,NW5_EVENT8,W
299,NW5,NW5A.IMG_0212.MP4,NA, 2024-03-28 13:05:54,FALSE,NW5_EVENT8,NW5_EVENT8_A,A,L,NW5,1,NA,F,NW5-F2,N,2,NA,NW5_EVENT8,A
300,NW5,NW5A.IMG_0213.MP4,NA, 2024-03-28 13:23:38,FALSE,NW5_EVENT9,NW5_EVENT9_A,A,L,NW5,1,NA,F,NW5-F2,N,1,NA,NW5_EVENT9,A
301,NW5,NW5N.IMG_0189.MP4,NA, 2024-03-28 13:23:42,FALSE,NW5_EVENT9,NW5_EVENT9_W,W,L,NW5,1,NA,F,NW5-F2,N,2,NA,NW5_EVENT9,W
302,NW6,NW6N.IMG_0004.MP4,NA, 2024-03-04 14:31:36,FALSE,NW6_EVENT1,NW6_EVENT1_W,W,L,NW6,1,,Unk,NW6-U1,N,0,NA,NW6_EVENT1,W
303,NW6,NW6N.IMG_0017.MP4,NA, 2024-03-06 08:05:54,FALSE,NW6_EVENT2,NW6_EVENT2_W,W,L,NW6,1,,M,NW6-M1,N,0,NA,NW6_EVENT2,W
304,NW6,NW6N.IMG_0018.MP4,NA, 2024-03-06 08:06:24,FALSE,NW6_EVENT2,NW6_EVENT2_W,W,L,NW6,1,,M,NW6-M1,N,0,NA,NW6_EVENT2,W
305,NW6,NW6N.IMG_0020.MP4,NA, 2024-03-07 10:21:44,FALSE,NW6_EVENT3,NW6_EVENT3_W,W,L,NW6,1,,F,NW6-F1,mangey female,0,NA,NW6_EVENT3,W
306,NW6,NW6N.IMG_0022.MP4,NA, 2024-03-07 10:25:37,FALSE,NW6_EVENT3,NW6_EVENT3_W,W,L,NW6,1,,F,NW6-F1,mangey female,0,NA,NW6_EVENT3,W
307,NW6,NW6N.IMG_0029.MP4,NA, 2024-03-09 07:27:30,FALSE,NW6_EVENT4,NW6_EVENT4_W,W,L,NW6,1,dark patches on legs,M,NW6-M3,N,0,NA,NW6_EVENT4,W
308,NW6,NW6A.IMG_0030.MP4,NA, 2024-03-10 10:37:10,FALSE,NW6_EVENT5,NW6_EVENT5_A,A,L,NW6,1,,M,NW6-M2,mangey male,0,NA,NW6_EVENT5,A
309,NW6,NW6A.IMG_0031.MP4,NA, 2024-03-10 10:37:33,FALSE,NW6_EVENT5,NW6_EVENT5_A,A,L,NW6,1,,M,NW6-M2,mangey male,0,NA,NW6_EVENT5,A
310,NW6,NW6A.IMG_0032.MP4,NA, 2024-03-10 10:37:52,FALSE,NW6_EVENT5,NW6_EVENT5_A,A,L,NW6,1,,M,NW6-M2,mangey male,0,NA,NW6_EVENT5,A
311,NW6,NW6A.IMG_0033.MP4,NA, 2024-03-10 10:38:12,FALSE,NW6_EVENT5,NW6_EVENT5_A,A,L,NW6,1,,M,NW6-M2,mangey male,0,NA,NW6_EVENT5,A
312,NW6,NW6N.IMG_0036.MP4,NA, 2024-03-10 10:53:32,FALSE,NW6_EVENT6,NW6_EVENT6_W,W,L,NW6,1,,M,NW6-M2,mangey male,1,NA,NW6_EVENT6,W
313,NW6,NW6A.IMG_0034.MP4,NA, 2024-03-10 10:53:54,FALSE,NW6_EVENT6,NW6_EVENT6_A,A,L,NW6,1,,M,NW6-M2,mangey male,2,NA,NW6_EVENT6,A
314,NW6,NW6N.IMG_0037.MP4,NA, 2024-03-10 10:55:22,FALSE,NW6_EVENT6,NW6_EVENT6_W,W,L,NW6,1,,M,NW6-M2,mangey male,1,NA,NW6_EVENT6,W
315,NW6,NW6N.IMG_0038.MP4,NA, 2024-03-10 10:55:42,FALSE,NW6_EVENT6,NW6_EVENT6_W,W,L,NW6,1,,M,NW6-M2,mangey male,1,NA,NW6_EVENT6,W
316,NW6,NW6N.IMG_0039.MP4,NA, 2024-03-10 10:56:02,FALSE,NW6_EVENT6,NW6_EVENT6_W,W,L,NW6,1,,M,NW6-M2,mangey male,1,NA,NW6_EVENT6,W
317,NW6,NW6N.IMG_0040.MP4,NA, 2024-03-10 11:38:32,FALSE,NW6_EVENT7,NW6_EVENT7_W,W,L,NW6,1,,M,NW6-M2,mangey male,1,NA,NW6_EVENT7,W
318,NW6,NW6N.IMG_0041.MP4,NA, 2024-03-10 11:38:52,FALSE,NW6_EVENT7,NW6_EVENT7_W,W,L,NW6,1,,M,NW6-M2,mangey male,1,NA,NW6_EVENT7,W
319,NW6,NW6A.IMG_0035.MP4,NA, 2024-03-10 11:38:56,FALSE,NW6_EVENT7,NW6_EVENT7_A,A,L,NW6,1,,M,NW6-M2,mangey male,2,NA,NW6_EVENT7,A
320,NW6,NW6N.IMG_0042.MP4,NA, 2024-03-10 11:39:15,FALSE,NW6_EVENT7,NW6_EVENT7_W,W,L,NW6,1,,M,NW6-M2,mangey male,1,NA,NW6_EVENT7,W
321,NW6,NW6N.IMG_0043.MP4,NA, 2024-03-10 11:39:34,FALSE,NW6_EVENT7,NW6_EVENT7_W,W,L,NW6,1,,M,NW6-M2,mangey male,1,NA,NW6_EVENT7,W
322,NW6,NW6N.IMG_0044.MP4,NA, 2024-03-10 11:46:20,FALSE,NW6_EVENT7,NW6_EVENT7_W,W,L,NW6,1,,M,NW6-M2,mangey male,1,NA,NW6_EVENT7,W
323,NW6,NW6N.IMG_0045.MP4,NA, 2024-03-10 11:46:40,FALSE,NW6_EVENT7,NW6_EVENT7_W,W,L,NW6,1,,M,NW6-M2,mangey male,1,NA,NW6_EVENT7,W
324,NW6,NW6N.IMG_0046.MP4,NA, 2024-03-10 11:47:02,FALSE,NW6_EVENT7,NW6_EVENT7_W,W,L,NW6,1,,M,NW6-M2,mangey male,1,NA,NW6_EVENT7,W
325,NW6,NW6N.IMG_0047.MP4,NA, 2024-03-10 11:47:24,FALSE,NW6_EVENT7,NW6_EVENT7_W,W,L,NW6,1,,M,NW6-M2,mangey male,1,NA,NW6_EVENT7,W
326,NW6,NW6N.IMG_0048.MP4,NA, 2024-03-10 11:47:46,FALSE,NW6_EVENT7,NW6_EVENT7_W,W,L,NW6,1,,M,NW6-M2,mangey male,1,NA,NW6_EVENT7,W
327,NW6,NW6N.IMG_0049.MP4,NA, 2024-03-10 11:48:08,FALSE,NW6_EVENT7,NW6_EVENT7_W,W,L,NW6,1,,M,NW6-M2,mangey male,1,NA,NW6_EVENT7,W
328,NW6,NW6N.IMG_0050.MP4,NA, 2024-03-10 11:48:30,FALSE,NW6_EVENT7,NW6_EVENT7_W,W,L,NW6,1,,M,NW6-M2,mangey male,1,NA,NW6_EVENT7,W
329,NW6,NW6N.IMG_0052.MP4,NA, 2024-03-10 11:49:14,FALSE,NW6_EVENT7,NW6_EVENT7_W,W,L,NW6,1,,M,NW6-M2,mangey male,1,NA,NW6_EVENT7,W
330,NW6,NW6N.IMG_0053.MP4,NA, 2024-03-10 11:49:37,FALSE,NW6_EVENT7,NW6_EVENT7_W,W,L,NW6,1,,M,NW6-M2,mangey male,1,NA,NW6_EVENT7,W
331,NW6,NW6N.IMG_0054.MP4,NA, 2024-03-10 11:49:58,FALSE,NW6_EVENT7,NW6_EVENT7_W,W,L,NW6,1,,M,NW6-M2,mangey male,1,NA,NW6_EVENT7,W
332,NW6,NW6N.IMG_0055.MP4,NA, 2024-03-10 11:50:18,FALSE,NW6_EVENT7,NW6_EVENT7_W,W,L,NW6,1,,M,NW6-M2,mangey male,1,NA,NW6_EVENT7,W
333,NW6,NW6N.IMG_0056.MP4,NA, 2024-03-10 11:50:38,FALSE,NW6_EVENT7,NW6_EVENT7_W,W,L,NW6,1,,M,NW6-M2,mangey male,1,NA,NW6_EVENT7,W
334,NW6,NW6N.IMG_0057.MP4,NA, 2024-03-10 11:51:00,FALSE,NW6_EVENT7,NW6_EVENT7_W,W,L,NW6,1,,M,NW6-M2,mangey male,1,NA,NW6_EVENT7,W
335,NW6,NW6N.IMG_0058.MP4,NA, 2024-03-10 11:51:20,FALSE,NW6_EVENT7,NW6_EVENT7_W,W,L,NW6,1,,M,NW6-M2,mangey male,1,NA,NW6_EVENT7,W
336,NW6,NW6N.IMG_0059.MP4,NA, 2024-03-10 11:51:42,FALSE,NW6_EVENT7,NW6_EVENT7_W,W,L,NW6,1,,M,NW6-M2,mangey male,1,NA,NW6_EVENT7,W
337,NW6,NW6N.IMG_0060.MP4,NA, 2024-03-10 11:52:05,FALSE,NW6_EVENT7,NW6_EVENT7_W,W,L,NW6,1,,M,NW6-M2,mangey male,1,NA,NW6_EVENT7,W
338,NW6,NW6N.IMG_0061.MP4,NA, 2024-03-10 11:52:24,FALSE,NW6_EVENT7,NW6_EVENT7_W,W,L,NW6,1,,M,NW6-M2,mangey male,1,NA,NW6_EVENT7,W
339,NW6,NW6N.IMG_0062.MP4,NA, 2024-03-10 11:52:46,FALSE,NW6_EVENT7,NW6_EVENT7_W,W,L,NW6,1,,M,NW6-M2,mangey male,1,NA,NW6_EVENT7,W
340,NW6,NW6N.IMG_0063.MP4,NA, 2024-03-10 11:53:06,FALSE,NW6_EVENT7,NW6_EVENT7_W,W,L,NW6,1,,M,NW6-M2,mangey male,1,NA,NW6_EVENT7,W
341,NW6,NW6N.IMG_0064.MP4,NA, 2024-03-10 11:53:26,FALSE,NW6_EVENT7,NW6_EVENT7_W,W,L,NW6,1,,M,NW6-M2,mangey male,1,NA,NW6_EVENT7,W
342,NW6,NW6N.IMG_0065.MP4,NA, 2024-03-10 11:53:48,FALSE,NW6_EVENT7,NW6_EVENT7_W,W,L,NW6,1,,M,NW6-M2,mangey male,1,NA,NW6_EVENT7,W
343,NW6,NW6N.IMG_0066.MP4,NA, 2024-03-10 11:57:46,FALSE,NW6_EVENT8,NW6_EVENT8_W,W,L,NW6,2,mangey male snarls and intimates other animal (mangey tail),M + U,NW-M2 + NW6-U3,"one mangey male, other mangey tail",0,NA,NW6_EVENT8,W
344,NW6,NW6N.IMG_0067.MP4,NA, 2024-03-10 11:58:06,FALSE,NW6_EVENT8,NW6_EVENT8_W,W,L,NW6,2,mangey male snarls and intimates other animal (mangey tail),M + U,NW-M2 + NW6-U3,"one mangey male, other mangey tail",0,NA,NW6_EVENT8,W
345,NW6,NW6N.IMG_0068.MP4,NA, 2024-03-10 12:00:56,FALSE,NW6_EVENT9,NW6_EVENT9_W,W,L,NW6,1,,M,NW6-M2,mangey male,1,NA,NW6_EVENT9,W
346,NW6,NW6A.IMG_0036.MP4,NA, 2024-03-10 12:02:04,FALSE,NW6_EVENT9,NW6_EVENT9_A,A,L,NW6,1,,M,NW6-M2,mangey male,2,NA,NW6_EVENT9,A
347,NW6,NW6A.IMG_0037.MP4,NA, 2024-03-10 12:02:24,FALSE,NW6_EVENT9,NW6_EVENT9_A,A,L,NW6,1,,M,NW6-M2,mangey male,2,NA,NW6_EVENT9,A
348,NW6,NW6A.IMG_0038.MP4,NA, 2024-03-10 12:02:44,FALSE,NW6_EVENT9,NW6_EVENT9_A,A,L,NW6,1,,M,NW6-M2,mangey male,2,NA,NW6_EVENT9,A
349,NW6,NW6A.IMG_0039.MP4,NA, 2024-03-10 12:03:06,FALSE,NW6_EVENT9,NW6_EVENT9_A,A,L,NW6,1,,M,NW6-M2,mangey male,2,NA,NW6_EVENT9,A
350,NW6,NW6N.IMG_0069.MP4,NA, 2024-03-10 12:03:24,FALSE,NW6_EVENT9,NW6_EVENT9_W,W,L,NW6,1,,M,NW6-M2,mangey male,1,NA,NW6_EVENT9,W
351,NW6,NW6A.IMG_0040.MP4,NA, 2024-03-10 12:03:26,FALSE,NW6_EVENT9,NW6_EVENT9_A,A,L,NW6,1,,M,NW6-M2,mangey male,2,NA,NW6_EVENT9,A
352,NW6,NW6N.IMG_0070.MP4,NA, 2024-03-10 12:03:44,FALSE,NW6_EVENT9,NW6_EVENT9_W,W,L,NW6,1,,M,NW6-M2,mangey male,1,NA,NW6_EVENT9,W
353,NW6,NW6A.IMG_0041.MP4,NA, 2024-03-10 12:03:48,FALSE,NW6_EVENT9,NW6_EVENT9_A,A,L,NW6,1,,M,NW6-M2,mangey male,2,NA,NW6_EVENT9,A
354,NW6,NW6N.IMG_0071.MP4,NA, 2024-03-10 12:04:06,FALSE,NW6_EVENT9,NW6_EVENT9_W,W,L,NW6,1,,M,NW6-M2,mangey male,1,NA,NW6_EVENT9,W
355,NW6,NW6A.IMG_0044.MP4,NA, 2024-03-10 12:11:58,FALSE,NW6_EVENT9,NW6_EVENT9_A,A,L,NW6,1,,M,NW6-M2,mangey male,2,NA,NW6_EVENT9,A
356,NW6,NW6N.IMG_0072.MP4,NA, 2024-03-10 12:17:41,FALSE,NW6_EVENT9,NW6_EVENT9_W,W,L,NW6,1,,M,NW6-M2,mangey male,1,NA,NW6_EVENT9,W
357,NW6,NW6N.IMG_0073.MP4,NA, 2024-03-10 12:18:02,FALSE,NW6_EVENT9,NW6_EVENT9_W,W,L,NW6,1,,M,NW6-M2,mangey male,1,NA,NW6_EVENT9,W
358,NW6,NW6A.IMG_0045.MP4,NA, 2024-03-10 12:18:04,FALSE,NW6_EVENT9,NW6_EVENT9_A,A,L,NW6,1,,M,NW6-M2,mangey male,2,NA,NW6_EVENT9,A
359,NW6,NW6N.IMG_0074.MP4,NA, 2024-03-10 12:18:22,FALSE,NW6_EVENT9,NW6_EVENT9_W,W,L,NW6,1,,M,NW6-M2,mangey male,1,NA,NW6_EVENT9,W
360,NW6,NW6N.IMG_0075.MP4,NA, 2024-03-10 12:18:44,FALSE,NW6_EVENT9,NW6_EVENT9_W,W,L,NW6,1,,M,NW6-M2,mangey male,1,NA,NW6_EVENT9,W
361,NW6,NW6N.IMG_0076.MP4,NA, 2024-03-10 12:19:04,FALSE,NW6_EVENT9,NW6_EVENT9_W,W,L,NW6,1,,M,NW6-M2,mangey male,1,NA,NW6_EVENT9,W
362,NW6,NW6N.IMG_0077.MP4,NA, 2024-03-10 12:19:26,FALSE,NW6_EVENT9,NW6_EVENT9_W,W,L,NW6,1,,M,NW6-M2,mangey male,1,NA,NW6_EVENT9,W
363,NW6,NW6N.IMG_0078.MP4,NA, 2024-03-10 12:19:46,FALSE,NW6_EVENT9,NW6_EVENT9_W,W,L,NW6,1,,M,NW6-M2,mangey male,1,NA,NW6_EVENT9,W
364,NW6,NW6N.IMG_0079.MP4,NA, 2024-03-10 12:20:09,FALSE,NW6_EVENT9,NW6_EVENT9_W,W,L,NW6,1,,M,NW6-M2,mangey male,1,NA,NW6_EVENT9,W
365,NW6,NW6N.IMG_0080.MP4,NA, 2024-03-10 12:20:28,FALSE,NW6_EVENT9,NW6_EVENT9_W,W,L,NW6,1,,M,NW6-M2,mangey male,1,NA,NW6_EVENT9,W
366,NW6,NW6N.IMG_0081.MP4,NA, 2024-03-10 12:22:34,FALSE,NW6_EVENT9,NW6_EVENT9_W,W,L,NW6,1,,M,NW6-M2,mangey male,1,NA,NW6_EVENT9,W
367,NW6,NW6N.IMG_0082.MP4,NA, 2024-03-10 12:22:57,FALSE,NW6_EVENT9,NW6_EVENT9_W,W,L,NW6,1,,M,NW6-M2,mangey male,1,NA,NW6_EVENT9,W
368,NW6,NW6N.IMG_0083.MP4,NA, 2024-03-10 12:23:16,FALSE,NW6_EVENT9,NW6_EVENT9_W,W,L,NW6,1,,M,NW6-M2,mangey male,1,NA,NW6_EVENT9,W
369,NW6,NW6N.IMG_0084.MP4,NA, 2024-03-10 12:23:38,FALSE,NW6_EVENT9,NW6_EVENT9_W,W,L,NW6,1,,M,NW6-M2,mangey male,1,NA,NW6_EVENT9,W
370,NW6,NW6N.IMG_0085.MP4,NA, 2024-03-10 12:23:58,FALSE,NW6_EVENT9,NW6_EVENT9_W,W,L,NW6,1,,M,NW6-M2,mangey male,1,NA,NW6_EVENT9,W
371,NW6,NW6N.IMG_0086.MP4,NA, 2024-03-10 12:24:21,FALSE,NW6_EVENT9,NW6_EVENT9_W,W,L,NW6,1,,M,NW6-M2,mangey male,1,NA,NW6_EVENT9,W
372,NW6,NW6N.IMG_0087.MP4,NA, 2024-03-10 12:41:46,FALSE,NW6_EVENT10,NW6_EVENT10_W,W,L,NW6,1,,M,NW6-M2,mangey male,0,NA,NW6_EVENT10,W
373,NW6,NW6N.IMG_0088.MP4,NA, 2024-03-10 13:19:16,FALSE,NW6_EVENT11,NW6_EVENT11_W,W,L,NW6,1,,M,NW6-M2,mangey male,0,NA,NW6_EVENT11,W
374,NW6,NW6N.IMG_0094.MP4,NA, 2024-03-11 18:10:28,FALSE,NW6_EVENT12,NW6_EVENT12_W,W,L,NW6,1,,F,NW6-F2,N,1,NA,NW6_EVENT12,W
375,NW6,NW6A.IMG_0057.MP4,NA, 2024-03-11 18:11:32,FALSE,NW6_EVENT12,NW6_EVENT12_A,A,L,NW6,1,,F,NW6-F2,N,2,NA,NW6_EVENT12,A
376,NW6,NW6A.IMG_0059.MP4,NA, 2024-03-11 18:12:28,FALSE,NW6_EVENT12,NW6_EVENT12_A,A,L,NW6,1,,F,NW6-F2,N,2,NA,NW6_EVENT12,A
377,NW6,NW6A.IMG_0060.MP4,NA, 2024-03-11 19:55:20,FALSE,NW6_EVENT13,NW6_EVENT13_A,A,L,NW6,1,,F,NW6-F2,N,0,NA,NW6_EVENT13,A
378,NW6,NW6A.IMG_0061.MP4,NA, 2024-03-11 20:09:11,FALSE,NW6_EVENT13,NW6_EVENT13_A,A,L,NW6,1,,F,NW6-F2,N,0,NA,NW6_EVENT13,A
379,NW6,NW6N.IMG_0096.MP4,NA, 2024-03-12 10:37:54,FALSE,NW6_EVENT14,NW6_EVENT14_W,W,L,NW6,1,,F,NW6-F1,mangey female,0,NA,NW6_EVENT14,W
380,NW6,NW6N.IMG_0129.MP4,NA, 2024-03-15 09:12:49,FALSE,NW6_EVENT15,NW6_EVENT15_W,W,L,NW6,1,,F,NW6-F1,mangey female,0,NA,NW6_EVENT15,W
381,NW6,NW6N.IMG_0130.MP4,NA, 2024-03-15 09:24:44,FALSE,NW6_EVENT16,NW6_EVENT16_W,W,L,NW6,1,,F,NW6-F1,mangey female,0,NA,NW6_EVENT16,W
382,NW6,NW6N.IMG_0131.MP4,NA, 2024-03-15 10:29:56,FALSE,NW6_EVENT17,NW6_EVENT17_W,W,L,NW6,1,,F,NW6-F1,mangey female,0,NA,NW6_EVENT17,W
383,NW6,NW6A.IMG_0197.MP4,NA, 2024-03-15 12:31:04,FALSE,NW6_EVENT18,NW6_EVENT18_A,A,L,NW6,1,,F,NW6-F1,mangey female,0,NA,NW6_EVENT18,A
384,NW6,NW6N.IMG_0133.MP4,NA, 2024-03-15 13:13:14,FALSE,NW6_EVENT19,NW6_EVENT19_W,W,L,NW6,2,,F + M,NW6-F1 + NW6-M2,mangey female + mangey male,0,NA,NW6_EVENT19,W
385,NW6,NW6N.IMG_0134.MP4,NA, 2024-03-15 13:20:36,FALSE,NW6_EVENT19,NW6_EVENT19_W,W,L,NW6,2,,F + M,NW6-F1 + NW6-M2,mangey female + mangey male,0,NA,NW6_EVENT19,W
386,NW6,NW6N.IMG_0135.MP4,NA, 2024-03-15 13:29:08,FALSE,NW6_EVENT19,NW6_EVENT19_W,W,L,NW6,2,,F + M,NW6-F1 + NW6-M2,mangey female + mangey male,0,NA,NW6_EVENT19,W
387,NW6,NW6N.IMG_0136.MP4,NA, 2024-03-15 13:31:12,FALSE,NW6_EVENT19,NW6_EVENT19_W,W,L,NW6,2,,F + M,NW6-F1 + NW6-M2,mangey female + mangey male,0,NA,NW6_EVENT19,W
388,NW6,NW6N.IMG_0137.MP4,NA, 2024-03-15 13:44:22,FALSE,NW6_EVENT20,NW6_EVENT20_W,W,L,NW6,1,,M,NW6-M2,mangey male,0,NA,NW6_EVENT20,W
389,NW6,NW6N.IMG_0138.MP4,NA, 2024-03-15 18:18:48,FALSE,NW6_EVENT21,NW6_EVENT21_W,W,L,NW6,2,,F + M,NW6-F1 + NW6-M2,mangey female + mangey male,0,NA,NW6_EVENT21,W
390,NW6,NW6N.IMG_0139.MP4,NA, 2024-03-15 18:19:38,FALSE,NW6_EVENT21,NW6_EVENT21_W,W,L,NW6,2,,F + M,NW6-F1 + NW6-M2,mangey female + mangey male,0,NA,NW6_EVENT21,W
391,NW6,NW6A.IMG_0208.MP4,NA, 2024-03-15 20:19:16,FALSE,NW6_EVENT22,NW6_EVENT22_A,A,L,NW6,1,,M,NW6-M2,mangey male,0,NA,NW6_EVENT22,A
392,NW6,NW6N.IMG_0143.MP4,NA, 2024-03-16 10:52:22,FALSE,NW6_EVENT23,NW6_EVENT23_W,W,L,NW6,1,,F,NW6-F1,mangey female,0,NA,NW6_EVENT23,W
393,NW6,NW6N.IMG_0154.MP4,NA, 2024-03-17 06:48:06,FALSE,NW6_EVENT24,NW6_EVENT24_W,W,L,NW6,2,,F + M,NW6-F3 + NW6-M1,oreo male,0,NA,NW6_EVENT24,W
394,NW6,NW6N.IMG_0155.MP4,NA, 2024-03-17 06:48:29,FALSE,NW6_EVENT24,NW6_EVENT24_W,W,L,NW6,2,,F + M,NW6-F3 + NW6-M1,oreo male,0,NA,NW6_EVENT24,W
395,NW6,NW6A.IMG_0253.MP4,NA, 2024-03-17 08:49:48,FALSE,NW6_EVENT25,NW6_EVENT25_A,A,L,NW6,1,,M,NW6-M1,oreo male,0,NA,NW6_EVENT25,A
396,NW6,NW6N.IMG_0156.MP4,NA, 2024-03-17 10:32:04,FALSE,NW6_EVENT26,NW6_EVENT26_W,W,L,NW6,1,,F,NW6-F1,mangey female,0,NA,NW6_EVENT26,W
397,NW6,NW6N.IMG_0198.MP4,NA, 2024-03-17 13:12:20,FALSE,NW6_EVENT27,NW6_EVENT27_W,W,L,NW6,2,,F + M,NW6-F1 + NW6-M2,mangey male + mangey female,0,NA,NW6_EVENT27,W
398,NW6,NW6N.IMG_0199.MP4,NA, 2024-03-17 13:12:54,FALSE,NW6_EVENT27,NW6_EVENT27_W,W,L,NW6,2,,F + M,NW6-F1 + NW6-M2,mangey male + mangey female,0,NA,NW6_EVENT27,W
399,NW6,NW6N.IMG_0203.MP4,NA, 2024-03-18 03:04:06,FALSE,NW6_EVENT28,NW6_EVENT28_W,W,D,NW6,1,,F,NW6-F1,mangey female,0,NA,NW6_EVENT28,W
400,NW6,NW6A.IMG_0431.MP4,NA, 2024-03-18 05:05:06,FALSE,NW6_EVENT29,NW6_EVENT29_A,A,D,NW6,1,,F,NW6-F1,mangey female,0,NA,NW6_EVENT29,A
401,NW6,NW6N.IMG_0270.MP4,NA, 2024-03-24 10:46:48,FALSE,NW6_EVENT30,NW6_EVENT30_W,W,L,NW6,1,,M,NW6-M2,mangey male,0,NA,NW6_EVENT30,W
402,NW6,NW6N.IMG_0273.MP4,NA, 2024-03-24 11:19:18,FALSE,NW6_EVENT31,NW6_EVENT31_W,W,L,NW6,1,,M,NW6-M2,mangey male,0,NA,NW6_EVENT31,W
403,NW6,NW6N.IMG_0274.MP4,NA, 2024-03-24 11:20:30,FALSE,NW6_EVENT31,NW6_EVENT31_W,W,L,NW6,1,,M,NW6-M2,mangey male,0,NA,NW6_EVENT31,W
404,NW6,NW6A.IMG_0507.MP4,NA, 2024-03-24 12:47:50,FALSE,NW6_EVENT32,NW6_EVENT32_A,A,L,NW6,1,,M,NW6-M2,mangey male,0,NA,NW6_EVENT32,A
405,NW6,NW6A.IMG_0508.MP4,NA, 2024-03-24 12:48:10,FALSE,NW6_EVENT32,NW6_EVENT32_A,A,L,NW6,1,,M,NW6-M2,mangey male,0,NA,NW6_EVENT32,A
406,NW6,NW6A.IMG_0509.MP4,NA, 2024-03-24 13:21:26,FALSE,NW6_EVENT32,NW6_EVENT32_A,A,L,NW6,1,,M,NW6-M2,mangey male,0,NA,NW6_EVENT32,A
407,NW6,NW6N.IMG_0285.MP4,NA, 2024-03-25 11:15:34,FALSE,NW6_EVENT33,NW6_EVENT33_W,W,L,NW6,1,,M,NW6-M2,mangey male,0,NA,NW6_EVENT33,W
408,NW6,NW6N.IMG_0286.MP4,NA, 2024-03-25 11:16:12,FALSE,NW6_EVENT33,NW6_EVENT33_W,W,L,NW6,1,,M,NW6-M2,mangey male,0,NA,NW6_EVENT33,W
409,NW6,NW6N.IMG_0287.MP4,NA, 2024-03-25 11:16:32,FALSE,NW6_EVENT33,NW6_EVENT33_W,W,L,NW6,1,,M,NW6-M2,mangey male,0,NA,NW6_EVENT33,W
410,NW6,NW6A.IMG_0566.MP4,NA, 2024-03-26 01:34:44,FALSE,NW6_EVENT34,NW6_EVENT34_A,A,D,NW6,1,,F,NW6-F3,N,0,NA,NW6_EVENT34,A
411,NW6,NW6A.IMG_0567.MP4,NA, 2024-03-26 01:35:20,FALSE,NW6_EVENT34,NW6_EVENT34_A,A,D,NW6,1,,F,NW6-F3,N,0,NA,NW6_EVENT34,A
412,NW6,NW6N.IMG_0357.MP4,NA, 2024-03-28 01:19:08,FALSE,NW6_EVENT35,NW6_EVENT35_W,W,D,NW6,1,,Unk,NW6-U2,N,0,NA,NW6_EVENT35,W
413,NW6,NW6N.IMG_0358.MP4,NA, 2024-03-28 01:53:42,FALSE,NW6_EVENT36,NW6_EVENT36_W,W,D,NW6,1,,F,NW6-F3,N,0,NA,NW6_EVENT36,W
414,NW6,NW6N.IMG_0412.MP4,NA, 2024-03-30 12:52:44,FALSE,NW6_EVENT37,NW6_EVENT37_W,W,L,NW6,2,,F + M,NW6-F1 + NW6-M2,mangey female + mangey male,0,NA,NW6_EVENT37,W
415,NW6,NW6N.IMG_0423.MP4,NA, 2024-03-30 14:05:10,FALSE,NW6_EVENT38,NW6_EVENT38_W,W,L,NW6,1,,F,NW6-F1,mangey female,0,NA,NW6_EVENT38,W
416,NW6,NW6N.IMG_0437.MP4,NA, 2024-03-31 06:57:32,FALSE,NW6_EVENT39,NW6_EVENT39_W,W,L,NW6,1,,F,NW6-F3,N,0,NA,NW6_EVENT39,W
417,NW6,NW6N.IMG_0438.MP4,NA, 2024-03-31 06:57:55,FALSE,NW6_EVENT39,NW6_EVENT39_W,W,L,NW6,1,,F,NW6-F3,N,0,NA,NW6_EVENT39,W
418,NW6,NW6N.IMG_0439.MP4,NA, 2024-03-31 06:58:20,FALSE,NW6_EVENT39,NW6_EVENT39_W,W,L,NW6,1,,F,NW6-F3,N,0,NA,NW6_EVENT39,W
419,NW6,NW6N.IMG_0440.MP4,NA, 2024-03-31 06:58:40,FALSE,NW6_EVENT39,NW6_EVENT39_W,W,L,NW6,1,,F,NW6-F3,N,0,NA,NW6_EVENT39,W
420,NW6,NW6N.IMG_0518.MP4,NA, 2024-04-01 09:35:18,FALSE,NW6_EVENT40,NW6_EVENT40_W,W,L,NW6,1,,M,NW6-M2,mangey female + mangey male,0,NA,NW6_EVENT40,W
421,SE1,SE1N.IMG_0022.MP4,NA, 2024-02-08 04:09:14,FALSE,SE1_EVENT1,SE1_EVENT1_W,W,D,SE1,1,NA,Unk,SE1-U1,N,0,NA,SE1_EVENT1,W
422,SE1,SE1N.IMG_0023.MP4,NA, 2024-02-08 04:09:38,FALSE,SE1_EVENT1,SE1_EVENT1_W,W,D,SE1,1,NA,Unk,SE1-U1,N,0,NA,SE1_EVENT1,W
423,SE1,SE1N.IMG_0039.MP4,NA, 2024-02-12 22:06:48,FALSE,SE1_EVENT2,SE1_EVENT2_W,W,D,SE1,1,NA,Unk,SE1-U1,N,1,NA,SE1_EVENT2,W
424,SE1,SE1A.IMG_0062.MP4,NA, 2024-02-12 22:07:20,FALSE,SE1_EVENT2,SE1_EVENT2_A,A,D,SE1,1,NA,Unk,SE1-U1,N,2,NA,SE1_EVENT2,A
425,SE1,SE1N.second_round.IMG_0024.MP4,NA, 2024-02-19 09:53:16,FALSE,SE1_EVENT3,SE1_EVENT3_W,W,L,SE1,1,NA,Unk,SE1-U1,N,0,NA,SE1_EVENT3,W
426,SE1,SE1N.second_round.IMG_0025.MP4,NA, 2024-02-19 09:53:36,FALSE,SE1_EVENT3,SE1_EVENT3_W,W,L,SE1,1,NA,Unk,SE1-U1,N,0,NA,SE1_EVENT3,W
427,SE2,SE2N.IMG_0015.MP4,NA, 2024-02-06 05:10:44,FALSE,SE2_EVENT1,SE2_EVENT1_W,W,D,SE2,1,NA,SF,SE2-SF1,N,0,NA,SE2_EVENT1,W
428,SE2,SE2N.IMG_0043.MP4,NA, 2024-02-07 02:09:28,FALSE,SE2_EVENT2,SE2_EVENT2_W,W,D,SE2,1,NA,SF,SE2-SF2,burry forehead,0,NA,SE2_EVENT2,W
429,SE2,SE2N.IMG_0044.MP4,NA, 2024-02-07 02:11:52,FALSE,SE2_EVENT2,SE2_EVENT2_W,W,D,SE2,1,NA,SF,SE2-SF2,burry forehead,0,NA,SE2_EVENT2,W
430,SE2,SE2N.IMG_0092.MP4,NA, 2024-02-10 00:54:00,FALSE,SE2_EVENT3,SE2_EVENT3_W,W,D,SE2,1,NA,SM,SE2-SM1,N,0,NA,SE2_EVENT3,W
431,SE2,SE2N.IMG_0093.MP4,NA, 2024-02-10 01:23:34,FALSE,SE2_EVENT4,SE2_EVENT4_W,W,D,SE2,1,NA,SM,SE2-SM1,N,0,NA,SE2_EVENT4,W
432,SE2,SE2A.second_round.IMG_0051.MP4,NA, 2024-02-21 19:53:04,FALSE,SE2_EVENT5,SE2_EVENT5_A,A,D,SE2,1,NA,SM,SE2-SM1,N,1,NA,SE2_EVENT5,A
433,SE2,SE2N.second_round.IMG_0051.MP4,NA, 2024-02-21 19:53:44,FALSE,SE2_EVENT5,SE2_EVENT5_W,W,D,SE2,1,NA,SM,SE2-SM1,N,2,NA,SE2_EVENT5,W
434,SE2,SE2A.second_round.IMG_0070.MP4,NA, 2024-02-22 22:11:57,FALSE,SE2_EVENT6,SE2_EVENT6_A,A,D,SE2,1,NA,SM,SE2-SM2,N,1,NA,SE2_EVENT6,A
435,SE2,SE2N.second_round.IMG_0064.MP4,NA, 2024-02-22 22:12:30,FALSE,SE2_EVENT6,SE2_EVENT6_W,W,D,SE2,1,NA,SM,SE2-SM2,N,2,NA,SE2_EVENT6,W
436,SE2,SE2A.second_round.IMG_0081.MP4,NA, 2024-02-24 23:38:26,FALSE,SE2_EVENT7,SE2_EVENT7_A,A,D,SE2,1,NA,SM,SE2-SM2,N,1,NA,SE2_EVENT7,A
437,SE2,SE2N.second_round.IMG_0079.MP4,NA, 2024-02-24 23:41:20,FALSE,SE2_EVENT7,SE2_EVENT7_W,W,D,SE2,1,NA,SM,SE2-SM2,N,2,NA,SE2_EVENT7,W
438,SE2,SE2N.second_round.IMG_0080.MP4,NA, 2024-02-25 02:09:48,FALSE,SE2_EVENT8,SE2_EVENT8_W,W,D,SE2,1,NA,SM,SE2-SM2,N,0,NA,SE2_EVENT8,W
439,SE2,SE2A.second_round.IMG_0094.MP4,NA, 2024-02-27 12:22:30,FALSE,SE2_EVENT9,SE2_EVENT9_A,A,L,SE2,1,NA,Unk,SE2-U1,mangey tail/ butt,1,NA,SE2_EVENT9,A
440,SE2,SE2N.second_round.IMG_0108.MP4,NA, 2024-02-27 12:22:46,FALSE,SE2_EVENT9,SE2_EVENT9_W,W,L,SE2,1,NA,Unk,SE2-U1,mangey tail/ butt,2,NA,SE2_EVENT9,W
441,SE2,SE2N.second_round.IMG_0109.MP4,NA, 2024-02-27 12:23:09,FALSE,SE2_EVENT9,SE2_EVENT9_W,W,L,SE2,1,NA,Unk,SE2-U1,mangey tail/ butt,2,NA,SE2_EVENT9,W
442,SE3,SE3A.IMG_0108.MP4,NA, 2024-02-15 10:03:36,FALSE,NA,NA_NA,NA,NA,NA,NA,NA,NA,NA,NA,NA,NA,NA,NA
443,SE4,SE4A.IMG_0005.MP4,NA, 2024-02-06 21:19:40,FALSE,SE4_EVENT1,SE4_EVENT1_A,A,D,SE4,1,NA,M,SE4-M1,N,0,NA,SE4_EVENT1,A
444,SE4,SE4A.IMG_0006.MP4,NA, 2024-02-06 21:20:06,FALSE,SE4_EVENT1,SE4_EVENT1_A,A,D,SE4,1,NA,M,SE4-M1,N,0,NA,SE4_EVENT1,A
445,SE4,SE4A.second_round.IMG_0024.MP4,NA, 2024-02-20 08:19:10,FALSE,SE4_EVENT2,SE4_EVENT2_A,A,L,SE4,1,NA,Unk,SE4-U1,N,0,NA,SE4_EVENT2,A
446,SE4,SE4A.second_round.IMG_0025.MP4,NA, 2024-02-20 15:37:38,FALSE,SE4_EVENT3,SE4_EVENT3_A,A,L,SE4,1,NA,M,SE4-M1,N,0,NA,SE4_EVENT3,A
447,SE4,SE4A.second_round.IMG_0026.MP4,NA, 2024-02-20 15:38:01,FALSE,SE4_EVENT3,SE4_EVENT3_A,A,L,SE4,1,NA,M,SE4-M1,N,0,NA,SE4_EVENT3,A
448,SE4,SE4A.second_round.IMG_0027.MP4,NA, 2024-02-20 15:38:20,FALSE,SE4_EVENT3,SE4_EVENT3_A,A,L,SE4,1,NA,M,SE4-M1,N,0,NA,SE4_EVENT3,A
449,SE4,SE4A.second_round.IMG_0028.MP4,NA, 2024-02-20 15:38:44,FALSE,SE4_EVENT3,SE4_EVENT3_A,A,L,SE4,1,NA,M,SE4-M1,N,0,NA,SE4_EVENT3,A
450,SE4,SE4A.second_round.IMG_0029.MP4,NA, 2024-02-20 15:39:08,FALSE,SE4_EVENT3,SE4_EVENT3_A,A,L,SE4,1,NA,M,SE4-M1,N,0,NA,SE4_EVENT3,A
451,SE4,SE4N.second_round.IMG_0007.MP4,NA, 2024-02-21 15:12:18,FALSE,SE4_EVENT4,SE4_EVENT4_W,W,L,SE4,1,NA,Unk,SE4-U2,mangey tail,0,NA,SE4_EVENT4,W
452,SE4,SE4A.second_round.IMG_0066.MP4,NA, 2024-02-23 17:57:48,FALSE,SE4_EVENT5,SE4_EVENT5_A,A,L,SE4,3,NA,F + M + UNK,SE4-F1 + SE4-M1 + SE4-U3,N,0,NA,SE4_EVENT5,A
453,SE4,SE4A.second_round.IMG_0067.MP4,NA, 2024-02-23 17:58:10,FALSE,SE4_EVENT5,SE4_EVENT5_A,A,L,SE4,3,NA,F + M + UNK,SE4-F1 + SE4-M1 + SE4-U3,N,0,NA,SE4_EVENT5,A
454,SE4,SE4A.second_round.IMG_0068.MP4,NA, 2024-02-23 17:58:32,FALSE,SE4_EVENT5,SE4_EVENT5_A,A,L,SE4,3,NA,F + M + UNK,SE4-F1 + SE4-M1 + SE4-U3,N,0,NA,SE4_EVENT5,A
455,SE4,SE4A.second_round.IMG_0069.MP4,NA, 2024-02-23 17:59:03,FALSE,SE4_EVENT5,SE4_EVENT5_A,A,L,SE4,3,NA,F + M + UNK,SE4-F1 + SE4-M1 + SE4-U3,N,0,NA,SE4_EVENT5,A
456,SE4,SE4A.second_round.IMG_0070.MP4,NA, 2024-02-23 17:59:34,FALSE,SE4_EVENT5,SE4_EVENT5_A,A,L,SE4,3,NA,F + M + UNK,SE4-F1 + SE4-M1 + SE4-U3,N,0,NA,SE4_EVENT5,A
457,SE4,SE4A.second_round.IMG_0071.MP4,NA, 2024-02-23 17:59:54,FALSE,SE4_EVENT5,SE4_EVENT5_A,A,L,SE4,3,NA,F + M + UNK,SE4-F1 + SE4-M1 + SE4-U3,N,0,NA,SE4_EVENT5,A
458,SE4,SE4A.second_round.IMG_0072.MP4,NA, 2024-02-23 18:00:28,FALSE,SE4_EVENT5,SE4_EVENT5_A,A,L,SE4,3,NA,F + M + UNK,SE4-F1 + SE4-M1 + SE4-U3,N,0,NA,SE4_EVENT5,A
459,SE4,SE4A.second_round.IMG_0073.MP4,NA, 2024-02-23 18:00:50,FALSE,SE4_EVENT5,SE4_EVENT5_A,A,L,SE4,3,NA,F + M + UNK,SE4-F1 + SE4-M1 + SE4-U3,N,0,NA,SE4_EVENT5,A
460,SE4,SE4A.second_round.IMG_0074.MP4,NA, 2024-02-23 18:01:26,FALSE,SE4_EVENT5,SE4_EVENT5_A,A,L,SE4,3,NA,F + M + UNK,SE4-F1 + SE4-M1 + SE4-U3,N,0,NA,SE4_EVENT5,A
461,SE4,SE4A.second_round.IMG_0075.MP4,NA, 2024-02-23 18:01:49,FALSE,SE4_EVENT5,SE4_EVENT5_A,A,L,SE4,3,NA,F + M + UNK,SE4-F1 + SE4-M1 + SE4-U3,N,0,NA,SE4_EVENT5,A
462,SE4,SE4A.second_round.IMG_0076.MP4,NA, 2024-02-23 18:02:08,FALSE,SE4_EVENT5,SE4_EVENT5_A,A,L,SE4,3,NA,F + M + UNK,SE4-F1 + SE4-M1 + SE4-U3,N,0,NA,SE4_EVENT5,A
463,SE4,SE4A.second_round.IMG_0077.MP4,NA, 2024-02-23 18:02:44,FALSE,SE4_EVENT5,SE4_EVENT5_A,A,L,SE4,3,NA,F + M + UNK,SE4-F1 + SE4-M1 + SE4-U3,N,0,NA,SE4_EVENT5,A
464,SE4,SE4A.second_round.IMG_0078.MP4,NA, 2024-02-23 18:03:14,FALSE,SE4_EVENT5,SE4_EVENT5_A,A,L,SE4,3,NA,F + M + UNK,SE4-F1 + SE4-M1 + SE4-U3,N,0,NA,SE4_EVENT5,A
465,SE4,SE4A.second_round.IMG_0079.MP4,NA, 2024-02-23 18:03:54,FALSE,SE4_EVENT5,SE4_EVENT5_A,A,L,SE4,3,NA,F + M + UNK,SE4-F1 + SE4-M1 + SE4-U3,N,0,NA,SE4_EVENT5,A
466,SE4,SE4A.second_round.IMG_0080.MP4,NA, 2024-02-23 18:04:25,FALSE,SE4_EVENT5,SE4_EVENT5_A,A,L,SE4,3,NA,F + M + UNK,SE4-F1 + SE4-M1 + SE4-U3,N,0,NA,SE4_EVENT5,A
467,SE4,SE4A.second_round.IMG_0085.MP4,NA, 2024-02-25 11:27:32,FALSE,SE4_EVENT6,SE4_EVENT6_A,A,L,SE4,3,NA,F + M + UNK,SE4-F1 + SE4-M1 + SE4-U3,N,0,NA,SE4_EVENT6,A
468,SE4,SE4A.second_round.IMG_0086.MP4,NA, 2024-02-25 11:27:54,FALSE,SE4_EVENT6,SE4_EVENT6_A,A,L,SE4,3,NA,F + M + UNK,SE4-F1 + SE4-M1 + SE4-U3,N,0,NA,SE4_EVENT6,A
469,SE5,SE5A.IMG_0025.MP4,NA, 2024-02-04 05:56:30,FALSE,SE5_EVENT1,SE5_EVENT1_A,A,D,SE5,1,NA,F,SE5-F1,N,1,NA,SE5_EVENT1,A
470,SE5,SE5A.IMG_0026.MP4,NA, 2024-02-04 05:57:20,FALSE,SE5_EVENT1,SE5_EVENT1_A,A,D,SE5,1,NA,F,SE5-F1,N,1,NA,SE5_EVENT1,A
471,SE5,SE5A.IMG_0027.MP4,NA, 2024-02-04 05:58:06,FALSE,SE5_EVENT1,SE5_EVENT1_A,A,D,SE5,1,NA,F,SE5-F1,N,1,NA,SE5_EVENT1,A
472,SE5,SE5A.IMG_0028.MP4,NA, 2024-02-04 05:58:40,FALSE,SE5_EVENT1,SE5_EVENT1_A,A,D,SE5,1,NA,F,SE5-F1,N,1,NA,SE5_EVENT1,A
473,SE5,SE5N.IMG_0009.MP4,NA, 2024-02-04 06:02:18,FALSE,SE5_EVENT1,SE5_EVENT1_W,W,D,SE5,1,NA,F,SE5-F1,N,2,NA,SE5_EVENT1,W
474,SE5,SE5N.IMG_0010.MP4,NA, 2024-02-04 06:02:40,FALSE,SE5_EVENT1,SE5_EVENT1_W,W,D,SE5,1,NA,F,SE5-F1,N,2,NA,SE5_EVENT1,W
475,SE5,SE5A.IMG_0030.MP4,NA, 2024-02-04 06:39:38,FALSE,SE5_EVENT2,SE5_EVENT2_A,A,D,SE5,1,NA,F,SE5-F1,N,0,NA,SE5_EVENT2,A
476,SE5,SE5A.IMG_0031.MP4,NA, 2024-02-04 06:40:52,FALSE,SE5_EVENT2,SE5_EVENT2_A,A,D,SE5,1,NA,F,SE5-F1,N,0,NA,SE5_EVENT2,A
477,SE5,SE5N.IMG_0011.MP4,NA, 2024-02-05 05:12:50,FALSE,SE5_EVENT3,SE5_EVENT3_W,W,D,SE5,1,NA,Unk,SE5-U1,N,0,NA,SE5_EVENT3,W
478,SE5,SE5N.IMG_0044.MP4,NA, 2024-02-06 23:36:40,FALSE,SE5_EVENT4,SE5_EVENT4_W,W,D,SE5,1,NA,SM,SE5-SM1,funny patch of neck fur,0,NA,SE5_EVENT4,W
479,SE5,SE5N.IMG_0045.MP4,NA, 2024-02-06 23:37:02,FALSE,SE5_EVENT4,SE5_EVENT4_W,W,D,SE5,1,NA,SM,SE5-SM1,funny patch of neck fur,0,NA,SE5_EVENT4,W
480,SE5,SE5N.IMG_0046.MP4,NA, 2024-02-06 23:37:24,FALSE,SE5_EVENT4,SE5_EVENT4_W,W,D,SE5,1,NA,SM,SE5-SM1,funny patch of neck fur,0,NA,SE5_EVENT4,W
481,SE5,SE5N.IMG_0047.MP4,NA, 2024-02-06 23:37:54,FALSE,SE5_EVENT4,SE5_EVENT4_W,W,D,SE5,1,NA,SM,SE5-SM1,funny patch of neck fur,0,NA,SE5_EVENT4,W
482,SE5,SE5N.IMG_0048.MP4,NA, 2024-02-07 06:08:10,FALSE,SE5_EVENT5,SE5_EVENT5_W,W,D,SE5,1,NA,SM,SE5-SM1,funny patch of neck fur,0,NA,SE5_EVENT5,W
483,SE5,SE5N.IMG_0055.MP4,NA, 2024-02-08 07:07:40,FALSE,SE5_EVENT6,SE5_EVENT6_W,W,D,SE5,1,NA,F,SE5-F1,N,0,NA,SE5_EVENT6,W
484,SE5,SE5N.IMG_0074.MP4,NA, 2024-02-11 15:03:46,FALSE,SE5_EVENT7,SE5_EVENT7_W,W,L,SE5,1,NA,SM,SE5-SM1,funny patch of neck fur,0,NA,SE5_EVENT7,W
485,SE5,SE5N.IMG_0075.MP4,NA, 2024-02-11 15:04:06,FALSE,SE5_EVENT7,SE5_EVENT7_W,W,L,SE5,1,NA,SM,SE5-SM1,funny patch of neck fur,0,NA,SE5_EVENT7,W
486,SE5,SE5N.IMG_0076.MP4,NA, 2024-02-11 16:24:34,FALSE,SE5_EVENT8,SE5_EVENT8_W,W,L,SE5,1,NA,SM,SE5-SM1,funny patch of neck fur,1,NA,SE5_EVENT8,W
487,SE5,SE5A.IMG_0050.MP4,NA, 2024-02-11 16:34:36,FALSE,SE5_EVENT9,SE5_EVENT9_A,A,L,SE5,1,NA,SM,SE5-SM1,funny patch of neck fur,1,NA,SE5_EVENT9,A
488,SE5,SE5N.IMG_0077.MP4,NA, 2024-02-11 16:35:00,FALSE,SE5_EVENT9,SE5_EVENT9_W,W,L,SE5,1,NA,SM,SE5-SM1,funny patch of neck fur,2,NA,SE5_EVENT9,W
489,SE5,SE5A.IMG_0051.MP4,NA, 2024-02-12 03:23:34,FALSE,SE5_EVENT10,SE5_EVENT10_A,A,D,SE5,1,NA,F,SE5-F1,N,0,NA,SE5_EVENT10,A
490,SE5,SE5A.IMG_0052.MP4,NA, 2024-02-12 03:24:14,FALSE,SE5_EVENT10,SE5_EVENT10_A,A,D,SE5,1,NA,F,SE5-F1,N,0,NA,SE5_EVENT10,A
491,SE5,SE5A.IMG_0070.MP4,NA, 2024-02-14 10:04:26,FALSE,SE5_EVENT11,SE5_EVENT11_A,A,L,SE5,1,NA,F,SE5-F1,N,0,NA,SE5_EVENT11,A
492,SE5,SE5A.IMG_0071.MP4,NA, 2024-02-15 23:32:02,FALSE,SE5_EVENT12,SE5_EVENT12_A,A,D,SE5,1,NA,F,SE5-F1,N,0,NA,SE5_EVENT12,A
493,SE5,SE5N.second_round.IMG_0010.MP4,NA, 2024-02-21 22:25:06,FALSE,SE5_EVENT13,SE5_EVENT13_W,W,D,SE5,1,NA,F,SE5-F1,N,0,NA,SE5_EVENT13,W
494,SE6,SE6A.IMG_0153.MP4,NA, 2024-02-11 03:33:36,FALSE,SE6_EVENT1,SE6_EVENT1_A,A,D,SE6,1,NA,Unk,SE6-U1,scruffy back,0,NA,SE6_EVENT1,A
495,SE6,SE6N.IMG_0041.MP4,NA, 2024-02-13 15:13:44,FALSE,SE6_EVENT2,SE6_EVENT2_W,W,L,SE6,1,NA,M,SE6-M1,N,2,NA,SE6_EVENT2,W
496,SE6,SE6A.IMG_0173.MP4,NA, 2024-02-13 15:14:04,FALSE,SE6_EVENT2,SE6_EVENT2_A,A,L,SE6,1,NA,M,SE6-M1,N,1,NA,SE6_EVENT2,A
497,SE6,SE6N.IMG_0044.MP4,NA, 2024-02-13 15:29:42,FALSE,SE6_EVENT3,SE6_EVENT3_W,W,L,SE6,1,NA,M,SE6-M1,N,1,NA,SE6_EVENT3,W
498,SE6,SE6A.IMG_0175.MP4,NA, 2024-02-13 15:30:24,FALSE,SE6_EVENT3,SE6_EVENT3_A,A,L,SE6,1,NA,M,SE6-M1,N,2,NA,SE6_EVENT3,A
499,SE6,SE6A.second_round.IMG_0131.MP4,NA, 2024-02-19 22:57:16,FALSE,SE6_EVENT4,SE6_EVENT4_A,A,D,SE6,1,NA,Unk,SE6-U1,scruffy back,1,NA,SE6_EVENT4,A
500,SE6,SE6A.second_round.IMG_0132.MP4,NA, 2024-02-19 22:57:18,FALSE,SE6_EVENT4,SE6_EVENT4_A,A,D,SE6,1,NA,Unk,SE6-U1,scruffy back,1,NA,SE6_EVENT4,A
501,SE6,SE6A.second_round.IMG_0133.MP4,NA, 2024-02-19 22:57:24,FALSE,SE6_EVENT4,SE6_EVENT4_A,A,D,SE6,1,NA,Unk,SE6-U1,scruffy back,1,NA,SE6_EVENT4,A
502,SE6,SE6N.second_round.IMG_0005.MP4,NA, 2024-02-19 22:57:34,FALSE,SE6_EVENT4,SE6_EVENT4_W,W,D,SE6,1,NA,Unk,SE6-U1,scruffy back,2,NA,SE6_EVENT4,W
503,SE6,SE6N.second_round.IMG_0006.MP4,NA, 2024-02-19 22:58:30,FALSE,SE6_EVENT4,SE6_EVENT4_W,W,D,SE6,1,NA,Unk,SE6-U1,scruffy back,2,NA,SE6_EVENT4,W
504,SE6,SE6N.second_round.IMG_0007.MP4,NA, 2024-02-20 23:46:04,FALSE,SE6_EVENT5,SE6_EVENT5_W,W,D,SE6,1,NA,M,SE6-M1,N,0,NA,SE6_EVENT5,W
505,SE7,SE7A.IMG_0061.MP4,NA, 2024-02-08 22:45:58,FALSE,SE7_EVENT1,SE7_EVENT1_A,A,D,SE7,1,NA,M,SE7-M1,thin tail,0,NA,SE7_EVENT1,A
506,SE7,SE7A.IMG_0062.MP4,NA, 2024-02-08 22:46:20,FALSE,SE7_EVENT1,SE7_EVENT1_A,A,D,SE7,1,NA,M,SE7-M1,thin tail,0,NA,SE7_EVENT1,A
507,SE7,SE7A.IMG_0063.MP4,NA, 2024-02-08 22:46:42,FALSE,SE7_EVENT1,SE7_EVENT1_A,A,D,SE7,1,NA,M,SE7-M1,thin tail,0,NA,SE7_EVENT1,A
508,SE7,SE7A.IMG_0064.MP4,NA, 2024-02-08 22:47:06,FALSE,SE7_EVENT1,SE7_EVENT1_A,A,D,SE7,1,NA,M,SE7-M1,thin tail,0,NA,SE7_EVENT1,A
509,SE7,SE7A.IMG_0065.MP4,NA, 2024-02-08 22:47:26,FALSE,SE7_EVENT1,SE7_EVENT1_A,A,D,SE7,1,NA,M,SE7-M1,thin tail,0,NA,SE7_EVENT1,A
510,SE7,SE7A.IMG_0066.MP4,NA, 2024-02-08 22:47:49,FALSE,SE7_EVENT1,SE7_EVENT1_A,A,D,SE7,1,NA,M,SE7-M1,thin tail,0,NA,SE7_EVENT1,A
511,SE7,SE7A.IMG_0067.MP4,NA, 2024-02-08 22:48:08,FALSE,SE7_EVENT1,SE7_EVENT1_A,A,D,SE7,1,NA,M,SE7-M1,thin tail,0,NA,SE7_EVENT1,A
512,SE7,SE7A.IMG_0068.MP4,NA, 2024-02-08 22:48:30,FALSE,SE7_EVENT1,SE7_EVENT1_A,A,D,SE7,1,NA,M,SE7-M1,thin tail,0,NA,SE7_EVENT1,A
513,SE7,SE7A.IMG_0069.MP4,NA, 2024-02-08 22:48:53,FALSE,SE7_EVENT1,SE7_EVENT1_A,A,D,SE7,1,NA,M,SE7-M1,thin tail,0,NA,SE7_EVENT1,A
514,SE7,SE7A.IMG_0070.MP4,NA, 2024-02-08 22:49:12,FALSE,SE7_EVENT1,SE7_EVENT1_A,A,D,SE7,1,NA,M,SE7-M1,thin tail,0,NA,SE7_EVENT1,A
515,SE7,SE7A.IMG_0071.MP4,NA, 2024-02-08 22:49:34,FALSE,SE7_EVENT1,SE7_EVENT1_A,A,D,SE7,1,NA,M,SE7-M1,thin tail,0,NA,SE7_EVENT1,A
516,SE7,SE7A.IMG_0072.MP4,NA, 2024-02-08 22:49:56,FALSE,SE7_EVENT1,SE7_EVENT1_A,A,D,SE7,1,NA,M,SE7-M1,thin tail,0,NA,SE7_EVENT1,A
517,SE7,SE7A.IMG_0073.MP4,NA, 2024-02-08 22:50:16,FALSE,SE7_EVENT1,SE7_EVENT1_A,A,D,SE7,1,NA,M,SE7-M1,thin tail,0,NA,SE7_EVENT1,A
518,SE7,SE7N.IMG_0022.MP4,NA, 2024-02-09 01:42:25,FALSE,SE7_EVENT2,SE7_EVENT2_W,W,D,SE7,1,NA,M,SE7-M2,N,1,NA,SE7_EVENT2,W
519,SE7,SE7A.IMG_0084.MP4,NA, 2024-02-09 01:45:30,FALSE,SE7_EVENT2,SE7_EVENT2_A,A,D,SE7,1,NA,M,SE7-M2,N,2,NA,SE7_EVENT2,A
520,SE7,SE7A.second_round.IMG_0106.MP4,NA, 2024-02-24 12:33:00,FALSE,SE7_EVENT3,SE7_EVENT3_A,A,L,SE7,1,NA,F,SE7-F1,thin fur/ young vibe,1,NA,SE7_EVENT3,A
521,SE7,SE7N.second_round.IMG_0077.MP4,NA, 2024-02-24 12:50:06,FALSE,SE7_EVENT3,SE7_EVENT3_W,W,L,SE7,1,NA,F,SE7-F1,thin fur/ young vibe,2,NA,SE7_EVENT3,W
522,SE7,SE7N.second_round.IMG_0078.MP4,NA, 2024-02-24 12:50:26,FALSE,SE7_EVENT3,SE7_EVENT3_W,W,L,SE7,1,NA,F,SE7-F1,thin fur/ young vibe,2,NA,SE7_EVENT3,W
523,SE7,SE7N.second_round.IMG_0079.MP4,NA, 2024-02-24 12:50:58,FALSE,SE7_EVENT3,SE7_EVENT3_W,W,L,SE7,1,NA,F,SE7-F1,thin fur/ young vibe,2,NA,SE7_EVENT3,W
524,SE7,SE7N.second_round.IMG_0080.MP4,NA, 2024-02-24 12:51:30,FALSE,SE7_EVENT3,SE7_EVENT3_W,W,L,SE7,1,NA,F,SE7-F1,thin fur/ young vibe,2,NA,SE7_EVENT3,W
525,SE7,SE7N.second_round.IMG_0081.MP4,NA, 2024-02-24 12:51:50,FALSE,SE7_EVENT3,SE7_EVENT3_W,W,L,SE7,1,NA,F,SE7-F1,thin fur/ young vibe,2,NA,SE7_EVENT3,W
526,SE7,SE7N.second_round.IMG_0082.MP4,NA, 2024-02-24 12:53:16,FALSE,SE7_EVENT3,SE7_EVENT3_W,W,L,SE7,1,NA,F,SE7-F1,thin fur/ young vibe,2,NA,SE7_EVENT3,W
527,SE7,SE7N.second_round.IMG_0083.MP4,NA, 2024-02-24 12:53:38,FALSE,SE7_EVENT3,SE7_EVENT3_W,W,L,SE7,1,NA,F,SE7-F1,thin fur/ young vibe,2,NA,SE7_EVENT3,W
528,SE7,SE7N.second_round.IMG_0084.MP4,NA, 2024-02-24 12:53:58,FALSE,SE7_EVENT3,SE7_EVENT3_W,W,L,SE7,1,NA,F,SE7-F1,thin fur/ young vibe,2,NA,SE7_EVENT3,W
529,SE7,SE7N.second_round.IMG_0085.MP4,NA, 2024-02-24 12:54:24,FALSE,SE7_EVENT3,SE7_EVENT3_W,W,L,SE7,1,NA,F,SE7-F1,thin fur/ young vibe,2,NA,SE7_EVENT3,W
530,SE7,SE7A.second_round.IMG_0107.MP4,NA, 2024-02-24 12:54:58,FALSE,SE7_EVENT3,SE7_EVENT3_A,A,L,SE7,1,NA,F,SE7-F1,thin fur/ young vibe,1,NA,SE7_EVENT3,A
531,SE7,SE7A.second_round.IMG_0108.MP4,NA, 2024-02-24 12:55:20,FALSE,SE7_EVENT3,SE7_EVENT3_A,A,L,SE7,1,NA,F,SE7-F1,thin fur/ young vibe,1,NA,SE7_EVENT3,A
532,SE7,SE7A.second_round.IMG_0109.MP4,NA, 2024-02-24 12:55:44,FALSE,SE7_EVENT3,SE7_EVENT3_A,A,L,SE7,1,NA,F,SE7-F1,thin fur/ young vibe,1,NA,SE7_EVENT3,A
533,SE7,SE7A.second_round.IMG_0110.MP4,NA, 2024-02-24 12:56:07,FALSE,SE7_EVENT3,SE7_EVENT3_A,A,L,SE7,1,NA,F,SE7-F1,thin fur/ young vibe,1,NA,SE7_EVENT3,A
534,SE7,SE7A.second_round.IMG_0111.MP4,NA, 2024-02-24 12:56:26,FALSE,SE7_EVENT3,SE7_EVENT3_A,A,L,SE7,1,NA,F,SE7-F1,thin fur/ young vibe,1,NA,SE7_EVENT3,A
535,SE7,SE7A.second_round.IMG_0112.MP4,NA, 2024-02-24 12:56:46,FALSE,SE7_EVENT3,SE7_EVENT3_A,A,L,SE7,1,NA,F,SE7-F1,thin fur/ young vibe,1,NA,SE7_EVENT3,A
536,SE7,SE7A.second_round.IMG_0113.MP4,NA, 2024-02-24 12:57:10,FALSE,SE7_EVENT3,SE7_EVENT3_A,A,L,SE7,1,NA,F,SE7-F1,thin fur/ young vibe,1,NA,SE7_EVENT3,A
537,SE7,SE7A.second_round.IMG_0114.MP4,NA, 2024-02-24 12:57:32,FALSE,SE7_EVENT3,SE7_EVENT3_A,A,L,SE7,1,NA,F,SE7-F1,thin fur/ young vibe,1,NA,SE7_EVENT3,A
538,SE7,SE7A.second_round.IMG_0115.MP4,NA, 2024-02-24 12:57:54,FALSE,SE7_EVENT3,SE7_EVENT3_A,A,L,SE7,1,NA,F,SE7-F1,thin fur/ young vibe,1,NA,SE7_EVENT3,A
539,SE7,SE7A.second_round.IMG_0116.MP4,NA, 2024-02-24 12:58:14,FALSE,SE7_EVENT3,SE7_EVENT3_A,A,L,SE7,1,NA,F,SE7-F1,thin fur/ young vibe,1,NA,SE7_EVENT3,A
540,SE7,SE7N.second_round.IMG_0088.MP4,NA, 2024-02-24 13:10:10,FALSE,SE7_EVENT3,SE7_EVENT3_W,W,L,SE7,1,NA,F,SE7-F1,thin fur/ young vibe,2,NA,SE7_EVENT3,W
541,SE7,SE7N.second_round.IMG_0089.MP4,NA, 2024-02-24 13:10:32,FALSE,SE7_EVENT3,SE7_EVENT3_W,W,L,SE7,1,NA,F,SE7-F1,thin fur/ young vibe,2,NA,SE7_EVENT3,W
542,SE7,SE7A.second_round.IMG_0122.MP4,NA, 2024-02-24 13:11:02,FALSE,SE7_EVENT3,SE7_EVENT3_A,A,L,SE7,1,NA,F,SE7-F1,thin fur/ young vibe,1,NA,SE7_EVENT3,A
543,SE7,SE7A.second_round.IMG_0123.MP4,NA, 2024-02-24 13:11:22,FALSE,SE7_EVENT3,SE7_EVENT3_A,A,L,SE7,1,NA,F,SE7-F1,thin fur/ young vibe,1,NA,SE7_EVENT3,A
544,SE7,SE7A.second_round.IMG_0124.MP4,NA, 2024-02-24 13:11:58,FALSE,SE7_EVENT3,SE7_EVENT3_A,A,L,SE7,1,NA,F,SE7-F1,thin fur/ young vibe,1,NA,SE7_EVENT3,A
545,SE7,SE7A.second_round.IMG_0125.MP4,NA, 2024-02-24 15:14:38,FALSE,SE7_EVENT4,SE7_EVENT4_A,A,L,SE7,1,NA,F,SE7-F1,thin fur/ young vibe,0,NA,SE7_EVENT4,A
546,SE7,SE7A.second_round.IMG_0126.MP4,NA, 2024-02-24 15:14:58,FALSE,SE7_EVENT4,SE7_EVENT4_A,A,L,SE7,1,NA,F,SE7-F1,thin fur/ young vibe,0,NA,SE7_EVENT4,A
547,SE7,SE7A.second_round.IMG_0127.MP4,NA, 2024-02-24 15:15:20,FALSE,SE7_EVENT4,SE7_EVENT4_A,A,L,SE7,1,NA,F,SE7-F1,thin fur/ young vibe,0,NA,SE7_EVENT4,A
548,SW1,SW1N.IMG_0006.MP4,NA, 2024-03-06 17:53:48,FALSE,SW1_EVENT1,SW1_EVENT1_W,W,D,SW1,1,NA,SM,SW1-SM1,N,0,NA,SW1_EVENT1,W
549,SW1,SW1N.IMG_0008.MP4,NA, 2024-03-07 23:37:34,FALSE,SW1_EVENT2,SW1_EVENT2_W,W,D,SW1,1,NA,SM,SW1-SM1,N,0,NA,SW1_EVENT2,W
550,SW1,SW1N.IMG_0013.MP4,NA, 2024-03-09 00:24:38,FALSE,SW1_EVENT3,SW1_EVENT3_W,W,D,SW1,1,NA,SM,SW1-SM1,N,0,NA,SW1_EVENT3,W
551,SW1,SW1N.IMG_0014.MP4,NA, 2024-03-09 00:24:58,FALSE,SW1_EVENT3,SW1_EVENT3_W,W,D,SW1,1,NA,SM,SW1-SM1,N,0,NA,SW1_EVENT3,W
552,SW1,SW1N.IMG_0019.MP4,NA, 2024-03-12 04:26:26,FALSE,SW1_EVENT4,SW1_EVENT4_W,W,D,SW1,1,NA,SM,SW1-SM1,N,0,NA,SW1_EVENT4,W
553,SW1,SW1N.IMG_0020.MP4,NA, 2024-03-12 04:27:26,FALSE,SW1_EVENT4,SW1_EVENT4_W,W,D,SW1,1,NA,SM,SW1-SM1,N,0,NA,SW1_EVENT4,W
554,SW1,SW1A.IMG_0022.MP4,NA, 2024-03-13 06:19:10,FALSE,SW1_EVENT5,SW1_EVENT5_A,A,D,SW1,1,NA,Unk,SW1-U1,N,0,NA,SW1_EVENT5,A
555,SW1,SW1N.IMG_0029.MP4,NA, 2024-03-14 19:13:56,FALSE,SW1_EVENT6,SW1_EVENT6_W,W,D,SW1,1,NA,SM,SW1-SM1,N,0,NA,SW1_EVENT6,W
556,SW1,SW1N.IMG_0055.MP4,NA, 2024-03-19 19:15:06,FALSE,SW1_EVENT7,SW1_EVENT7_W,W,D,SW1,1,NA,SM,SW1-SM1,N,0,NA,SW1_EVENT7,W
557,SW1,SW1N.IMG_0057.MP4,NA, 2024-03-20 19:42:58,FALSE,SW1_EVENT8,SW1_EVENT8_W,W,D,SW1,1,NA,SF,SW1-SF1,N,0,NA,SW1_EVENT8,W
558,SW1,SW1N.IMG_0058.MP4,NA, 2024-03-21 05:15:58,FALSE,SW1_EVENT9,SW1_EVENT9_W,W,D,SW1,1,NA,SF,SW1-SF1,N,0,NA,SW1_EVENT9,W
559,SW1,SW1A.IMG_0062.MP4,NA, 2024-03-21 19:52:14,FALSE,SW1_EVENT10,SW1_EVENT10_A,A,D,SW1,1,NA,M,SW1-M1,N,0,NA,SW1_EVENT10,A
560,SW1,SW1A.IMG_0063.MP4,NA, 2024-03-22 00:07:34,FALSE,SW1_EVENT11,SW1_EVENT11_A,A,D,SW1,1,NA,SM,SW1-SM1,N,0,NA,SW1_EVENT11,A
561,SW1,SW1A.IMG_0064.MP4,NA, 2024-03-22 00:07:57,FALSE,SW1_EVENT11,SW1_EVENT11_A,A,D,SW1,1,NA,SM,SW1-SM1,N,0,NA,SW1_EVENT11,A
562,SW1,SW1N.IMG_0059.MP4,NA, 2024-03-23 08:49:44,FALSE,SW1_EVENT12,SW1_EVENT12_W,W,L,SW1,1,NA,F,SW1-F1,ratty tail,0,NA,SW1_EVENT12,W
563,SW1,SW1N.IMG_0060.MP4,NA, 2024-03-23 08:50:12,FALSE,SW1_EVENT12,SW1_EVENT12_W,W,L,SW1,1,NA,F,SW1-F1,ratty tail,0,NA,SW1_EVENT12,W
564,SW1,SW1N.IMG_0064.MP4,NA, 2024-03-23 20:53:18,FALSE,SW1_EVENT13,SW1_EVENT13_W,W,D,SW1,1,NA,Unk,SW1-U1,N,0,NA,SW1_EVENT13,W
565,SW1,SW1N.IMG_0065.MP4,NA, 2024-03-24 01:38:58,FALSE,SW1_EVENT14,SW1_EVENT14_W,W,D,SW1,1,NA,M,SW1-M1,N,0,NA,SW1_EVENT14,W
566,SW1,SW1A.IMG_0077.MP4,NA, 2024-03-30 22:10:58,FALSE,SW1_EVENT15,SW1_EVENT15_A,A,D,SW1,1,NA,Unk,SW1-U1,N,0,NA,SW1_EVENT15,A
567,SW2,SW2N.IMG_0004.MP4,NA, 2024-03-06 15:39:46,FALSE,SW2_EVENT1,SW2_EVENT1_W,W,L,SW2,1,NA,SF,SW2-SF1,N,0,NA,SW2_EVENT1,W
568,SW2,SW2N.IMG_0005.MP4,NA, 2024-03-06 15:49:42,FALSE,SW2_EVENT2,SW2_EVENT2_W,W,L,SW2,1,NA,SF,SW2-SF1,N,0,NA,SW2_EVENT2,W
569,SW2,SW2A.IMG_0076.MP4,NA, 2024-03-20 03:05:36,FALSE,SW2_EVENT3,SW2_EVENT3_A,A,D,SW2,1,NA,SF,SW2-SF1,N,0,NA,SW2_EVENT3,A
570,SW2,SW2A.IMG_0078.MP4,NA, 2024-03-20 23:10:32,FALSE,SW2_EVENT4,SW2_EVENT4_A,A,D,SW2,1,NA,Unk,SW2-U1,N,0,NA,SW2_EVENT4,A
571,SW2,SW2N.IMG_0059.MP4,NA, 2024-03-22 10:22:02,FALSE,SW2_EVENT5,SW2_EVENT5_W,W,L,SW2,1,NA,F,SW2-F1,N,1,NA,SW2_EVENT5,W
572,SW2,SW2N.IMG_0060.MP4,NA, 2024-03-22 10:22:22,FALSE,SW2_EVENT5,SW2_EVENT5_W,W,L,SW2,1,NA,F,SW2-F1,N,1,NA,SW2_EVENT5,W
573,SW2,SW2A.IMG_0079.MP4,NA, 2024-03-22 10:23:30,FALSE,SW2_EVENT5,SW2_EVENT5_A,A,L,SW2,1,NA,F,SW2-F1,N,2,NA,SW2_EVENT5,A
574,SW2,SW2A.IMG_0080.MP4,NA, 2024-03-22 10:23:52,FALSE,SW2_EVENT5,SW2_EVENT5_A,A,L,SW2,1,NA,F,SW2-F1,N,2,NA,SW2_EVENT5,A
575,SW2,SW2N.IMG_0069.MP4,NA, 2024-03-26 00:17:02,FALSE,SW2_EVENT6,SW2_EVENT6_W,W,D,SW2,1,NA,M,SW2-M1,scruffy neck,1,NA,SW2_EVENT6,W
576,SW2,SW2A.IMG_0087.MP4,NA, 2024-03-26 00:17:18,FALSE,SW2_EVENT6,SW2_EVENT6_A,A,D,SW2,1,NA,M,SW2-M1,scruffy neck,2,NA,SW2_EVENT6,A
577,SW2,SW2N.IMG_0095.MP4,NA, 2024-03-27 20:20:08,FALSE,SW2_EVENT7,SW2_EVENT7_W,W,D,SW2,1,NA,Unk,SW2-U2,N,0,NA,SW2_EVENT7,W
578,SW2,SW2N.IMG_0096.MP4,NA, 2024-03-29 02:09:24,FALSE,SW2_EVENT8,SW2_EVENT8_W,W,D,SW2,2,NA,F + M,SW2-F1 + SW2-M1,N,0,NA,SW2_EVENT8,W
579,SW2,SW2N.IMG_0102.MP4,NA, 2024-03-30 05:38:52,FALSE,SW2_EVENT9,SW2_EVENT9_W,W,D,SW2,1,NA,Unk,SW2-U2,N,0,NA,SW2_EVENT9,W
580,SW3,SW3A.IMG_0009.MP4,NA, 2024-03-08 01:51:34,FALSE,SW3_EVENT1,SW3_EVENT1_A,A,D,SW3,1,NA,F,SW3-F2,tail scruff,1,NA,SW3_EVENT1,A
581,SW3,SW3N.IMG_0009.MP4,NA, 2024-03-08 01:52:26,FALSE,SW3_EVENT1,SW3_EVENT1_W,W,D,SW3,1,NA,F,SW3-F2,tail scruff,2,NA,SW3_EVENT1,W
582,SW3,SW3A.IMG_0010.MP4,NA, 2024-03-09 04:28:14,FALSE,SW3_EVENT2,SW3_EVENT2_A,A,D,SW3,2,NA,F + M,SW3-F1 + SW3-M1,N,1,NA,SW3_EVENT2,A
583,SW3,SW3A.IMG_0011.MP4,NA, 2024-03-09 04:28:38,FALSE,SW3_EVENT2,SW3_EVENT2_A,A,D,SW3,2,NA,F + M,SW3-F1 + SW3-M1,N,1,NA,SW3_EVENT2,A
584,SW3,SW3A.IMG_0012.MP4,NA, 2024-03-09 04:28:58,FALSE,SW3_EVENT2,SW3_EVENT2_A,A,D,SW3,2,NA,F + M,SW3-F1 + SW3-M1,N,1,NA,SW3_EVENT2,A
585,SW3,SW3A.IMG_0013.MP4,NA, 2024-03-09 04:30:10,FALSE,SW3_EVENT2,SW3_EVENT2_A,A,D,SW3,2,NA,F + M,SW3-F1 + SW3-M1,N,1,NA,SW3_EVENT2,A
586,SW3,SW3A.IMG_0014.MP4,NA, 2024-03-09 04:30:32,FALSE,SW3_EVENT2,SW3_EVENT2_A,A,D,SW3,2,NA,F + M,SW3-F1 + SW3-M1,N,1,NA,SW3_EVENT2,A
587,SW3,SW3A.IMG_0015.MP4,NA, 2024-03-09 04:30:54,FALSE,SW3_EVENT2,SW3_EVENT2_A,A,D,SW3,2,NA,F + M,SW3-F1 + SW3-M1,N,1,NA,SW3_EVENT2,A
588,SW3,SW3A.IMG_0016.MP4,NA, 2024-03-09 04:31:20,FALSE,SW3_EVENT2,SW3_EVENT2_A,A,D,SW3,2,NA,F + M,SW3-F1 + SW3-M1,N,1,NA,SW3_EVENT2,A
589,SW3,SW3N.IMG_0010.MP4,NA, 2024-03-09 04:32:56,FALSE,SW3_EVENT2,SW3_EVENT2_W,W,D,SW3,2,NA,F + M,SW3-F1 + SW3-M1,N,2,NA,SW3_EVENT2,W
590,SW3,SW3A.IMG_0032.MP4,NA, 2024-03-15 03:31:56,FALSE,SW3_EVENT3,SW3_EVENT3_A,A,D,SW3,1,NA,M,SW3-M1,N,0,NA,SW3_EVENT3,A
591,SW3,SW3A.IMG_0034.MP4,NA, 2024-03-15 16:03:14,FALSE,SW3_EVENT4,SW3_EVENT4_A,A,L,SW3,1,NA,SM,SW3-SM1,slightly mangey,1,NA,SW3_EVENT4,A
592,SW3,SW3A.IMG_0035.MP4,NA, 2024-03-15 16:03:38,FALSE,SW3_EVENT4,SW3_EVENT4_A,A,L,SW3,1,NA,SM,SW3-SM1,slightly mangey,1,NA,SW3_EVENT4,A
593,SW3,SW3A.IMG_0036.MP4,NA, 2024-03-15 16:04:06,FALSE,SW3_EVENT4,SW3_EVENT4_A,A,L,SW3,1,NA,SM,SW3-SM1,slightly mangey,1,NA,SW3_EVENT4,A
594,SW3,SW3A.IMG_0037.MP4,NA, 2024-03-15 16:04:26,FALSE,SW3_EVENT4,SW3_EVENT4_A,A,L,SW3,1,NA,SM,SW3-SM1,slightly mangey,1,NA,SW3_EVENT4,A
595,SW3,SW3N.IMG_0035.MP4,NA, 2024-03-15 16:05:50,FALSE,SW3_EVENT4,SW3_EVENT4_W,W,L,SW3,1,NA,SM,SW3-SM1,slightly mangey,2,NA,SW3_EVENT4,W
596,SW3,SW3N.IMG_0036.MP4,NA, 2024-03-15 16:06:10,FALSE,SW3_EVENT4,SW3_EVENT4_W,W,L,SW3,1,NA,SM,SW3-SM1,slightly mangey,2,NA,SW3_EVENT4,W
597,SW3,SW3N.IMG_0037.MP4,NA, 2024-03-15 16:08:30,FALSE,SW3_EVENT4,SW3_EVENT4_W,W,L,SW3,1,NA,SM,SW3-SM1,slightly mangey,2,NA,SW3_EVENT4,W
598,SW3,SW3A.IMG_0041.MP4,NA, 2024-03-15 20:05:30,FALSE,SW3_EVENT5,SW3_EVENT5_A,A,D,SW3,1,NA,F,SW3-F2,tail scruff,0,NA,SW3_EVENT5,A
599,SW3,SW3N.IMG_0043.MP4,NA, 2024-03-17 00:04:00,FALSE,SW3_EVENT6,SW3_EVENT6_W,W,D,SW3,1,NA,F,SW3-F2,tail scruff,0,NA,SW3_EVENT6,W
600,SW3,SW3A.IMG_0050.MP4,NA, 2024-03-19 03:55:49,FALSE,SW3_EVENT7,SW3_EVENT7_A,A,D,SW3,1,NA,F,SW3-F2,tail scruff,0,NA,SW3_EVENT7,A
601,SW3,SW3N.IMG_0058.MP4,NA, 2024-03-23 05:12:28,FALSE,SW3_EVENT8,SW3_EVENT8_W,W,D,SW3,1,NA,F,SW3-F1,N,0,NA,SW3_EVENT8,W
602,SW3,SW3N.IMG_0065.MP4,NA, 2024-03-24 00:15:18,FALSE,SW3_EVENT9,SW3_EVENT9_W,W,D,SW3,1,NA,F,SW3-F1,N,0,NA,SW3_EVENT9,W
603,SW3,SW3A.IMG_0054.MP4,NA, 2024-03-26 01:03:38,FALSE,SW3_EVENT10,SW3_EVENT10_A,A,D,SW3,2,NA,F + M,SW3-F1 + SW3-M1,N,1,NA,SW3_EVENT10,A
604,SW3,SW3A.IMG_0055.MP4,NA, 2024-03-26 01:04:00,FALSE,SW3_EVENT10,SW3_EVENT10_A,A,D,SW3,2,NA,F + M,SW3-F1 + SW3-M1,N,1,NA,SW3_EVENT10,A
605,SW3,SW3N.IMG_0069.MP4,NA, 2024-03-26 01:04:20,FALSE,SW3_EVENT10,SW3_EVENT10_W,W,D,SW3,2,NA,F + M,SW3-F1 + SW3-M1,N,2,NA,SW3_EVENT10,W
606,SW3,SW3A.IMG_0062.MP4,NA, 2024-03-28 17:40:00,FALSE,SW3_EVENT11,SW3_EVENT11_A,A,L,SW3,1,NA,M,SW3-M1,N,0,NA,SW3_EVENT11,A
607,SW3,SW3N.IMG_0084.MP4,NA, 2024-03-29 19:34:20,FALSE,SW3_EVENT12,SW3_EVENT12_W,W,D,SW3,1,NA,F,SW3-F1,N,0,NA,SW3_EVENT12,W
608,SW3,SW3N.IMG_0085.MP4,NA, 2024-03-29 20:59:04,FALSE,SW3_EVENT13,SW3_EVENT13_W,W,D,SW3,1,NA,F,SW3-F1,N,0,NA,SW3_EVENT13,W
609,SW3,SW3N.IMG_0086.MP4,NA, 2024-03-30 01:15:00,FALSE,SW3_EVENT14,SW3_EVENT14_W,W,D,SW3,2,NA,F + M,SW3-F1 + SW3-M1,N,0,NA,SW3_EVENT14,W
610,SW3,SW3N.IMG_0092.MP4,NA, 2024-03-31 01:01:30,FALSE,SW3_EVENT15,SW3_EVENT15_W,W,D,SW3,2,NA,F + M,SW3-F1 + SW3-M1,N,0,NA,SW3_EVENT15,W
611,SW3,SW3N.IMG_0099.MP4,NA, 2024-04-01 01:03:32,FALSE,SW3_EVENT16,SW3_EVENT16_W,W,D,SW3,1,NA,SM,SW3-SM1,slightly mangey,0,NA,SW3_EVENT16,W
612,SW3,SW3N.IMG_0101.MP4,NA, 2024-04-01 04:29:14,FALSE,SW3_EVENT17,SW3_EVENT17_W,W,D,SW3,1,NA,M,SW3-M1,N,0,NA,SW3_EVENT17,W
613,SW3,SW3N.IMG_0103.MP4,NA, 2024-04-01 22:06:28,FALSE,SW3_EVENT18,SW3_EVENT18_W,W,D,SW3,1,NA,F,SW3-F2,tail scruff,0,NA,SW3_EVENT18,W
614,SW3,SW3A.IMG_0102.MP4,NA, 2024-04-02 00:48:18,FALSE,SW3_EVENT19,SW3_EVENT19_A,A,D,SW3,1,NA,F,SW3-F2,tail scruff,0,NA,SW3_EVENT19,A
615,SW4,SW4N.IMG_0014.MP4,NA, 2024-03-09 14:09:52,FALSE,SW4_EVENT1,SW4_EVENT1_W,W,L,SW4,1,NA,F,SW4-U4,N,0,NA,SW4_EVENT1,W
616,SW4,SW4N.IMG_0015.MP4,NA, 2024-03-09 14:10:14,FALSE,SW4_EVENT1,SW4_EVENT1_W,W,L,SW4,1,NA,F,SW4-U4,N,0,NA,SW4_EVENT1,W
617,SW4,SW4N.IMG_0016.MP4,NA, 2024-03-09 14:15:28,FALSE,SW4_EVENT1,SW4_EVENT1_W,W,L,SW4,1,NA,F,SW4-U4,N,0,NA,SW4_EVENT1,W
618,SW4,SW4N.IMG_0017.MP4,NA, 2024-03-09 14:15:54,FALSE,SW4_EVENT1,SW4_EVENT1_W,W,L,SW4,1,NA,F,SW4-U4,N,0,NA,SW4_EVENT1,W
619,SW4,SW4N.IMG_0018.MP4,NA, 2024-03-09 23:09:58,FALSE,SW4_EVENT2,SW4_EVENT2_W,W,D,SW4,2,NA,F + M,SW4-F1 + SW4-M1,N,0,NA,SW4_EVENT2,W
620,SW4,SW4N.IMG_0019.MP4,NA, 2024-03-09 23:16:08,FALSE,SW4_EVENT2,SW4_EVENT2_W,W,D,SW4,2,NA,F + M,SW4-F1 + SW4-M1,N,0,NA,SW4_EVENT2,W
621,SW4,SW4N.IMG_0022.MP4,NA, 2024-03-10 07:54:08,FALSE,SW4_EVENT3,SW4_EVENT3_W,W,L,SW4,2,NA,F + M,SW4-F1 + SW4-M1,N,0,NA,SW4_EVENT3,W
622,SW4,SW4N.IMG_0023.MP4,NA, 2024-03-10 07:54:28,FALSE,SW4_EVENT3,SW4_EVENT3_W,W,L,SW4,2,NA,F + M,SW4-F1 + SW4-M1,N,0,NA,SW4_EVENT3,W
623,SW4,SW4N.IMG_0024.MP4,NA, 2024-03-10 07:54:48,FALSE,SW4_EVENT3,SW4_EVENT3_W,W,L,SW4,2,NA,F + M,SW4-F1 + SW4-M1,N,0,NA,SW4_EVENT3,W
624,SW4,SW4N.IMG_0025.MP4,NA, 2024-03-10 07:55:10,FALSE,SW4_EVENT3,SW4_EVENT3_W,W,L,SW4,2,NA,F + M,SW4-F1 + SW4-M1,N,0,NA,SW4_EVENT3,W
625,SW4,SW4A.IMG_0007.MP4,NA, 2024-03-10 21:25:31,FALSE,SW4_EVENT4,SW4_EVENT4_A,A,D,SW4,1,NA,Unk,SW4-U1,N,1,NA,SW4_EVENT4,A
626,SW4,SW4N.IMG_0029.MP4,NA, 2024-03-10 21:25:38,FALSE,SW4_EVENT4,SW4_EVENT4_W,W,D,SW4,1,NA,Unk,SW4-U1,N,2,NA,SW4_EVENT4,W
627,SW4,SW4N.IMG_0031.MP4,NA, 2024-03-11 08:37:00,FALSE,SW4_EVENT5,SW4_EVENT5_W,W,L,SW4,1,NA,SM,SW4-SM1,muzzle scar + slight butt scruff,0,NA,SW4_EVENT5,W
628,SW4,SW4N.IMG_0042.MP4,NA, 2024-03-11 21:28:28,FALSE,SW4_EVENT6,SW4_EVENT6_W,W,D,SW4,1,NA,SM,SW4-SM1,muzzle scar + slight butt scruff,0,NA,SW4_EVENT6,W
629,SW4,SW4N.IMG_0043.MP4,NA, 2024-03-11 23:49:08,FALSE,SW4_EVENT7,SW4_EVENT7_W,W,D,SW4,1,NA,SM,SW4-SM1,muzzle scar + slight butt scruff,0,NA,SW4_EVENT7,W
630,SW4,SW4N.IMG_0055.MP4,NA, 2024-03-12 20:42:16,FALSE,SW4_EVENT8,SW4_EVENT8_W,W,D,SW4,1,NA,SM,SW4-SM1,slight butt scruff,0,NA,SW4_EVENT8,W
631,SW4,SW4N.IMG_0062.MP4,NA, 2024-03-14 06:06:34,FALSE,SW4_EVENT9,SW4_EVENT9_W,W,D,SW4,2,NA,F + M,SW4-F1 + SW4-M1,N,0,NA,SW4_EVENT9,W
632,SW4,SW4N.IMG_0063.MP4,NA, 2024-03-14 06:06:56,FALSE,SW4_EVENT9,SW4_EVENT9_W,W,D,SW4,2,NA,F + M,SW4-F1 + SW4-M1,N,0,NA,SW4_EVENT9,W
633,SW4,SW4N.IMG_0099.MP4,NA, 2024-03-14 20:22:50,FALSE,SW4_EVENT10,SW4_EVENT10_W,W,D,SW4,1,NA,F,SW4-F2,N,0,NA,SW4_EVENT10,W
634,SW4,SW4N.IMG_0100.MP4,NA, 2024-03-14 20:23:18,FALSE,SW4_EVENT10,SW4_EVENT10_W,W,D,SW4,1,NA,F,SW4-F2,N,0,NA,SW4_EVENT10,W
635,SW4,SW4N.IMG_0101.MP4,NA, 2024-03-14 23:13:26,FALSE,SW4_EVENT11,SW4_EVENT11_W,W,D,SW4,1,NA,F,SW4-F2,N,0,NA,SW4_EVENT11,W
636,SW4,SW4N.IMG_0107.MP4,NA, 2024-03-16 19:30:52,FALSE,SW4_EVENT12,SW4_EVENT12_W,W,D,SW4,2,NA,F + M,SW4-F1 + SW4-M1,N,1,NA,SW4_EVENT12,W
637,SW4,SW4A.IMG_0028.MP4,NA, 2024-03-16 19:30:56,FALSE,SW4_EVENT12,SW4_EVENT12_A,A,D,SW4,2,NA,F + M,SW4-F1 + SW4-M1,N,2,NA,SW4_EVENT12,A
638,SW4,SW4N.IMG_0108.MP4,NA, 2024-03-16 19:31:16,FALSE,SW4_EVENT12,SW4_EVENT12_W,W,D,SW4,2,NA,F + M,SW4-F1 + SW4-M1,N,1,NA,SW4_EVENT12,W
639,SW4,SW4N.IMG_0109.MP4,NA, 2024-03-16 22:24:28,FALSE,SW4_EVENT13,SW4_EVENT13_W,W,D,SW4,2,NA,F + M,SW4-F1 + SW4-M1,N,0,NA,SW4_EVENT13,W
640,SW4,SW4N.IMG_0110.MP4,NA, 2024-03-16 22:24:48,FALSE,SW4_EVENT13,SW4_EVENT13_W,W,D,SW4,2,NA,F + M,SW4-F1 + SW4-M1,N,0,NA,SW4_EVENT13,W
641,SW4,SW4N.IMG_0163.MP4,NA, 2024-03-18 22:46:24,FALSE,SW4_EVENT14,SW4_EVENT14_W,W,D,SW4,2,NA,F + M,SW4-F1 + SW4-M1,N,0,NA,SW4_EVENT14,W
642,SW4,SW4N.IMG_0164.MP4,NA, 2024-03-18 22:46:46,FALSE,SW4_EVENT14,SW4_EVENT14_W,W,D,SW4,2,NA,F + M,SW4-F1 + SW4-M1,N,0,NA,SW4_EVENT14,W
643,SW4,SW4N.IMG_0165.MP4,NA, 2024-03-19 00:50:38,FALSE,SW4_EVENT15,SW4_EVENT15_W,W,D,SW4,1,NA,F,SW4-F2,N,0,NA,SW4_EVENT15,W
644,SW4,SW4N.IMG_0166.MP4,NA, 2024-03-19 00:51:00,FALSE,SW4_EVENT15,SW4_EVENT15_W,W,D,SW4,1,NA,F,SW4-F2,N,0,NA,SW4_EVENT15,W
645,SW4,SW4N.IMG_0167.MP4,NA, 2024-03-19 00:51:32,FALSE,SW4_EVENT15,SW4_EVENT15_W,W,D,SW4,1,NA,F,SW4-F2,N,0,NA,SW4_EVENT15,W
646,SW4,SW4N.IMG_0168.MP4,NA, 2024-03-19 00:51:54,FALSE,SW4_EVENT15,SW4_EVENT15_W,W,D,SW4,1,NA,F,SW4-F2,N,0,NA,SW4_EVENT15,W
647,SW4,SW4N.IMG_0169.MP4,NA, 2024-03-19 00:52:16,FALSE,SW4_EVENT15,SW4_EVENT15_W,W,D,SW4,1,NA,F,SW4-F2,N,0,NA,SW4_EVENT15,W
648,SW4,SW4N.IMG_0172.MP4,NA, 2024-03-19 22:19:32,FALSE,SW4_EVENT16,SW4_EVENT16_W,W,D,SW4,1,NA,M,SW4-M1,N,0,NA,SW4_EVENT16,W
649,SW4,SW4N.IMG_0174.MP4,NA, 2024-03-21 23:20:48,FALSE,SW4_EVENT17,SW4_EVENT17_W,W,D,SW4,1,NA,F + M,SW4-F1 + SW4-M1,N,0,NA,SW4_EVENT17,W
650,SW4,SW4N.IMG_0175.MP4,NA, 2024-03-22 20:19:42,FALSE,SW4_EVENT18,SW4_EVENT18_W,W,D,SW4,1,NA,Unk,SW4-U3,N,0,NA,SW4_EVENT18,W
651,SW4,SW4N.IMG_0176.MP4,NA, 2024-03-23 09:59:24,FALSE,SW4_EVENT19,SW4_EVENT19_W,W,L,SW4,1,NA,M,SW4-M2,N,0,NA,SW4_EVENT19,W
652,SW4,SW4N.IMG_0177.MP4,NA, 2024-03-23 10:20:30,FALSE,SW4_EVENT20,SW4_EVENT20_W,W,L,SW4,1,NA,SM,SW4-SM1,slight butt scruff,0,NA,SW4_EVENT20,W
653,SW4,SW4N.IMG_0178.MP4,NA, 2024-03-23 10:37:08,FALSE,SW4_EVENT21,SW4_EVENT21_W,W,L,SW4,1,NA,Unk,SW4-U4,very slender,0,NA,SW4_EVENT21,W
654,SW4,SW4N.IMG_0179.MP4,NA, 2024-03-23 10:37:32,FALSE,SW4_EVENT21,SW4_EVENT21_W,W,L,SW4,1,NA,Unk,SW4-U4,very slender,0,NA,SW4_EVENT21,W
655,SW4,SW4N.IMG_0185.MP4,NA, 2024-03-25 20:55:02,FALSE,SW4_EVENT22,SW4_EVENT22_W,W,D,SW4,2,NA,F + M,SW4-F1 + SW4-M1,N,0,NA,SW4_EVENT22,W
656,SW4,SW4N.IMG_0186.MP4,NA, 2024-03-25 20:55:28,FALSE,SW4_EVENT22,SW4_EVENT22_W,W,D,SW4,2,NA,F + M,SW4-F1 + SW4-M1,N,0,NA,SW4_EVENT22,W
657,SW4,SW4N.IMG_0187.MP4,NA, 2024-03-26 20:42:32,FALSE,SW4_EVENT23,SW4_EVENT23_W,W,D,SW4,3,NA,F + M + SM,SW4-F1 + SW4-M1 + SW4-SM1,N + N + muzzle scar + slightly butt scruff,0,NA,SW4_EVENT23,W
658,SW4,SW4N.IMG_0188.MP4,NA, 2024-03-26 20:42:56,FALSE,SW4_EVENT23,SW4_EVENT23_W,W,D,SW4,3,NA,F + M + SM,SW4-F1 + SW4-M1 + SW4-SM1,N + N + muzzle scar + slightly butt scruff,0,NA,SW4_EVENT23,W
659,SW4,SW4N.IMG_0193.MP4,NA, 2024-03-27 11:38:10,FALSE,SW4_EVENT24,SW4_EVENT24_W,W,L,SW4,1,NA,Unk,SW4-U4,very slender,0,NA,SW4_EVENT24,W
660,SW4,SW4N.IMG_0208.MP4,NA, 2024-03-28 18:45:04,FALSE,SW4_EVENT25,SW4_EVENT25_W,W,L,SW4,3,NA,F + M + SM,SW4-F1 + SW4-M1 + SW4-SM1,N + N + muzzle scar + slightly butt scruff,0,NA,SW4_EVENT25,W
661,SW4,SW4N.IMG_0209.MP4,NA, 2024-03-28 18:45:42,FALSE,SW4_EVENT25,SW4_EVENT25_W,W,L,SW4,3,NA,F + M + U,SW4-F1 + SW4-M1 + SW4-U4,N + N + very slender,0,NA,SW4_EVENT25,W
662,SW4,SW4N.IMG_0211.MP4,NA, 2024-03-29 00:39:22,FALSE,SW4_EVENT26,SW4_EVENT26_W,W,D,SW4,1,NA,M,SW4-M2,N,0,NA,SW4_EVENT26,W
663,SW4,SW4N.IMG_0214.MP4,NA, 2024-03-29 19:34:46,FALSE,SW4_EVENT27,SW4_EVENT27_W,W,D,SW4,1,NA,M,SW4-M2,N,0,NA,SW4_EVENT27,W
664,SW4,SW4N.IMG_0222.MP4,NA, 2024-03-31 04:24:14,FALSE,SW4_EVENT28,SW4_EVENT28_W,W,D,SW4,1,NA,SM,SW4-SM1,slight butt scruff,0,NA,SW4_EVENT28,W
665,SW4,SW4N.IMG_0256.MP4,NA, 2024-03-31 23:17:48,FALSE,SW4_EVENT29,SW4_EVENT29_W,W,D,SW4,1,NA,Unk,SW4-U2,N,0,NA,SW4_EVENT29,W
666,SW4,SW4N.IMG_0278.MP4,NA, 2024-04-01 21:43:02,FALSE,SW4_EVENT30,SW4_EVENT30_W,W,D,SW4,1,NA,M,SW4-M2,N,0,NA,SW4_EVENT30,W
667,SW4,SW4N.IMG_0279.MP4,NA, 2024-04-02 04:27:38,FALSE,SW4_EVENT31,SW4_EVENT31_W,W,D,SW4,2,NA,F + M,SW4-F1 + SW4-M1,N,0,NA,SW4_EVENT31,W
668,SW4,SW4N.IMG_0280.MP4,NA, 2024-04-02 04:28:28,FALSE,SW4_EVENT31,SW4_EVENT31_W,W,D,SW4,2,NA,F + M,SW4-F1 + SW4-M1,N,0,NA,SW4_EVENT31,W
669,SW5,SW5N.IMG_0083.MP4,NA, 2024-03-11 04:12:10,FALSE,SW5_EVENT1,SW5_EVENT1_W,W,D,SW5,1,NA,SF,SW5-SF1,N,0,NA,SW5_EVENT1,W
670,SW6,SW6A.IMG_0006.MP4,NA, 2024-03-05 00:45:40,FALSE,SW6_EVENT1,SW6_EVENT1_A,A,D,SW6,1,NA,Unk,SW6-U1,N,0,NA,SW6_EVENT1,A
671,SW6,SW6N.IMG_0067.MP4,NA, 2024-03-16 07:03:56,FALSE,SW6_EVENT2,SW6_EVENT2_W,W,L,SW6,1,NA,F,SW6-F1,pregnant,0,NA,SW6_EVENT2,W
672,SW6,SW6A.IMG_0087.MP4,NA, 2024-03-17 14:07:00,FALSE,SW6_EVENT3,SW6_EVENT3_A,A,L,SW6,1,NA,F,SW6-F1,pregnant,0,NA,SW6_EVENT3,A
673,SW6,SW6A.IMG_0088.MP4,NA, 2024-03-17 14:08:10,FALSE,SW6_EVENT3,SW6_EVENT3_A,A,L,SW6,1,NA,F,SW6-F1,pregnant,0,NA,SW6_EVENT3,A
674,SW6,SW6N.IMG_0082.MP4,NA, 2024-03-18 11:05:04,FALSE,SW6_EVENT4,SW6_EVENT4_W,W,L,SW6,2,NA,F + M,SW6-F1 + SW6-M1,pregnant,0,NA,SW6_EVENT4,W
675,SW6,SW6N.IMG_0083.MP4,NA, 2024-03-18 11:06:32,FALSE,SW6_EVENT4,SW6_EVENT4_W,W,L,SW6,2,NA,F + M,SW6-F1 + SW6-M1,pregnant,0,NA,SW6_EVENT4,W
676,SW6,SW6N.IMG_0084.MP4,NA, 2024-03-18 11:07:04,FALSE,SW6_EVENT4,SW6_EVENT4_W,W,L,SW6,2,NA,F + M,SW6-F1 + SW6-M1,pregnant,0,NA,SW6_EVENT4,W
677,SW6,SW6N.IMG_0092.MP4,NA, 2024-03-18 23:02:08,FALSE,SW6_EVENT5,SW6_EVENT5_W,W,D,SW6,1,NA,Unk,SW6-U2,N,0,NA,SW6_EVENT5,W
678,SW6,SW6N.IMG_0093.MP4,NA, 2024-03-19 10:44:14,FALSE,SW6_EVENT6,SW6_EVENT6_W,W,L,SW6,1,NA,F,SW6-F1,pregnant,1,NA,SW6_EVENT6,W
679,SW6,SW6A.IMG_0103.MP4,NA, 2024-03-19 10:44:26,FALSE,SW6_EVENT6,SW6_EVENT6_A,A,L,SW6,1,NA,F,SW6-F1,pregnant,2,NA,SW6_EVENT6,A
680,SW6,SW6A.IMG_0105.MP4,NA, 2024-03-19 14:33:04,FALSE,SW6_EVENT7,SW6_EVENT7_A,A,L,SW6,1,NA,M,SW6-M1,N,0,NA,SW6_EVENT7,A
681,SW6,SW6A.IMG_0107.MP4,NA, 2024-03-20 09:44:54,FALSE,SW6_EVENT8,SW6_EVENT8_A,A,L,SW6,1,NA,F,SW6-F1,pregnant,1,NA,SW6_EVENT8,A
682,SW6,SW6N.IMG_0101.MP4,NA, 2024-03-20 09:45:56,FALSE,SW6_EVENT8,SW6_EVENT8_W,W,L,SW6,1,NA,F,SW6-F1,pregnant,2,NA,SW6_EVENT8,W
683,SW6,SW6A.IMG_0116.MP4,NA, 2024-03-21 08:04:10,FALSE,SW6_EVENT9,SW6_EVENT9_A,A,L,SW6,1,NA,M,SW6-M1,N,0,NA,SW6_EVENT9,A
684,SW6,SW6A.IMG_0119.MP4,NA, 2024-03-22 11:14:30,FALSE,SW6_EVENT10,SW6_EVENT10_A,A,L,SW6,1,NA,M,SW6-M1,N,1,NA,SW6_EVENT10,A
685,SW6,SW6N.IMG_0109.MP4,NA, 2024-03-22 11:15:14,FALSE,SW6_EVENT10,SW6_EVENT10_W,W,L,SW6,1,NA,M,SW6-M1,N,2,NA,SW6_EVENT10,W
686,SW6,SW6A.IMG_0132.MP4,NA, 2024-03-24 03:28:04,FALSE,SW6_EVENT11,SW6_EVENT11_A,A,D,SW6,1,NA,F,SW6-F2,N,0,NA,SW6_EVENT11,A
687,SW6,SW6A.IMG_0133.MP4,NA, 2024-03-24 03:30:04,FALSE,SW6_EVENT11,SW6_EVENT11_A,A,D,SW6,1,NA,F,SW6-F2,N,0,NA,SW6_EVENT11,A
688,SW6,SW6A.IMG_0135.MP4,NA, 2024-03-24 08:36:48,FALSE,SW6_EVENT12,SW6_EVENT12_A,A,L,SW6,1,NA,M,SW6-M1,N,0,NA,SW6_EVENT12,A
689,SW6,SW6A.IMG_0136.MP4,NA, 2024-03-24 08:44:12,FALSE,SW6_EVENT13,SW6_EVENT13_A,A,L,SW6,1,NA,M,SW6-M1,N,0,NA,SW6_EVENT13,A
690,SW6,SW6A.IMG_0137.MP4,NA, 2024-03-24 11:18:10,FALSE,SW6_EVENT14,SW6_EVENT14_A,A,L,SW6,2,NA,F + M,SW6-F1 + SW6-M1,pregnant,1,NA,SW6_EVENT14,A
691,SW6,SW6N.IMG_0126.MP4,NA, 2024-03-24 11:19:32,FALSE,SW6_EVENT14,SW6_EVENT14_W,W,L,SW6,2,NA,F + M,SW6-F1 + SW6-M1,pregnant,2,NA,SW6_EVENT14,W
692,SW6,SW6A.IMG_0138.MP4,NA, 2024-03-24 11:19:58,FALSE,SW6_EVENT14,SW6_EVENT14_A,A,L,SW6,2,NA,F + M,SW6-F1 + SW6-M1,pregnant,1,NA,SW6_EVENT14,A
693,SW6,SW6N.IMG_0127.MP4,NA, 2024-03-24 11:22:18,FALSE,SW6_EVENT14,SW6_EVENT14_W,W,L,SW6,2,NA,F + M,SW6-F1 + SW6-M1,pregnant,2,NA,SW6_EVENT14,W
694,SW6,SW6N.IMG_0128.MP4,NA, 2024-03-24 11:22:38,FALSE,SW6_EVENT14,SW6_EVENT14_W,W,L,SW6,2,NA,F + M,SW6-F1 + SW6-M1,pregnant,2,NA,SW6_EVENT14,W
695,SW6,SW6N.IMG_0143.MP4,NA, 2024-03-25 02:44:04,FALSE,SW6_EVENT15,SW6_EVENT15_W,W,D,SW6,1,NA,F,SW6-F2,N,0,NA,SW6_EVENT15,W
696,SW6,SW6N.IMG_0144.MP4,NA, 2024-03-25 02:44:24,FALSE,SW6_EVENT15,SW6_EVENT15_W,W,D,SW6,1,NA,F,SW6-F2,N,0,NA,SW6_EVENT15,W
697,SW6,SW6A.IMG_0158.MP4,NA, 2024-03-27 04:22:32,FALSE,SW6_EVENT16,SW6_EVENT16_A,A,D,SW6,1,NA,F,SW6-F2,N,0,NA,SW6_EVENT16,A
698,SW6,SW6A.IMG_0159.MP4,NA, 2024-03-27 04:23:14,FALSE,SW6_EVENT16,SW6_EVENT16_A,A,D,SW6,1,NA,F,SW6-F2,N,0,NA,SW6_EVENT16,A
699,SW6,SW6A.IMG_0160.MP4,NA, 2024-03-27 04:23:37,FALSE,SW6_EVENT16,SW6_EVENT16_A,A,D,SW6,1,NA,F,SW6-F2,N,0,NA,SW6_EVENT16,A
700,SW6,SW6N.IMG_0162.MP4,NA, 2024-03-27 21:15:44,FALSE,SW6_EVENT17,SW6_EVENT17_W,W,D,SW6,1,NA,F,SW6-F1,pregnant,1,NA,SW6_EVENT17,W
701,SW6,SW6A.IMG_0170.MP4,NA, 2024-03-27 21:15:52,FALSE,SW6_EVENT17,SW6_EVENT17_A,A,D,SW6,1,NA,F,SW6-F1,pregnant,2,NA,SW6_EVENT17,A
702,SW6,SW6A.IMG_0171.MP4,NA, 2024-03-28 05:28:14,FALSE,SW6_EVENT18,SW6_EVENT18_A,A,D,SW6,1,NA,F,SW6-F2,N,1,NA,SW6_EVENT18,A
703,SW6,SW6N.IMG_0164.MP4,NA, 2024-03-28 05:28:54,FALSE,SW6_EVENT18,SW6_EVENT18_W,W,D,SW6,1,NA,F,SW6-F2,N,2,NA,SW6_EVENT18,W
704,SW6,SW6N.IMG_0165.MP4,NA, 2024-03-28 05:29:14,FALSE,SW6_EVENT18,SW6_EVENT18_W,W,D,SW6,1,NA,F,SW6-F2,N,2,NA,SW6_EVENT18,W
705,SW6,SW6A.IMG_0172.MP4,NA, 2024-03-28 08:43:32,FALSE,SW6_EVENT19,SW6_EVENT19_A,A,L,SW6,1,NA,M,SW6-M1,N,1,NA,SW6_EVENT19,A
706,SW6,SW6N.IMG_0166.MP4,NA, 2024-03-28 08:44:06,FALSE,SW6_EVENT19,SW6_EVENT19_W,W,L,SW6,1,NA,M,SW6-M1,N,2,NA,SW6_EVENT19,W
707,SW6,SW6N.IMG_0167.MP4,NA, 2024-03-28 08:44:37,FALSE,SW6_EVENT19,SW6_EVENT19_W,W,L,SW6,1,NA,M,SW6-M1,N,2,NA,SW6_EVENT19,W
708,SW6,SW6N.IMG_0172.MP4,NA, 2024-03-28 14:51:44,FALSE,SW6_EVENT20,SW6_EVENT20_W,W,L,SW6,1,NA,M,SW6-M1,N,2,NA,SW6_EVENT20,W
709,SW6,SW6A.IMG_0209.MP4,NA, 2024-03-28 18:32:14,FALSE,SW6_EVENT21,SW6_EVENT21_A,A,L,SW6,1,NA,M,SW6-M1,N,0,NA,SW6_EVENT21,A
710,SW6,SW6A.IMG_0210.MP4,NA, 2024-03-29 02:52:50,FALSE,SW6_EVENT22,SW6_EVENT22_A,A,D,SW6,1,NA,M,SW6-M1,N,1,NA,SW6_EVENT22,A
711,SW6,SW6N.IMG_0192.MP4,NA, 2024-03-29 02:53:16,FALSE,SW6_EVENT22,SW6_EVENT22_W,W,D,SW6,1,NA,M,SW6-M1,N,2,NA,SW6_EVENT22,W
712,SW6,SW6N.IMG_0193.MP4,NA, 2024-03-29 12:29:16,FALSE,SW6_EVENT23,SW6_EVENT23_W,W,L,SW6,1,NA,F,SW6-F2,N,0,NA,SW6_EVENT23,W
713,SW6,SW6A.IMG_0237.MP4,NA, 2024-03-30 17:29:48,FALSE,SW6_EVENT24,SW6_EVENT24_A,A,L,SW6,1,NA,M,SW6-M1,N,0,NA,SW6_EVENT24,A
714,SW6,SW6A.IMG_0238.MP4,NA, 2024-03-30 17:30:46,FALSE,SW6_EVENT24,SW6_EVENT24_A,A,L,SW6,1,NA,M,SW6-M1,N,0,NA,SW6_EVENT24,A
715,SW6,SW6A.IMG_0239.MP4,NA, 2024-03-30 17:41:46,FALSE,SW6_EVENT24,SW6_EVENT24_A,A,L,SW6,1,NA,M,SW6-M1,N,0,NA,SW6_EVENT24,A
716,SW6,SW6A.IMG_0257.MP4,NA, 2024-04-01 00:09:38,FALSE,SW6_EVENT25,SW6_EVENT25_A,A,D,SW6,1,NA,F,SW6-F2,N,1,NA,SW6_EVENT25,A
717,SW6,SW6N.IMG_0200.MP4,NA, 2024-04-01 00:10:44,FALSE,SW6_EVENT25,SW6_EVENT25_W,W,D,SW6,1,NA,F,SW6-F2,N,2,NA,SW6_EVENT25,W
718,SW6,SW6N.IMG_0201.MP4,NA, 2024-04-01 00:11:04,FALSE,SW6_EVENT25,SW6_EVENT25_W,W,D,SW6,1,NA,F,SW6-F2,N,2,NA,SW6_EVENT25,W
719,SW6,SW6N.IMG_0202.MP4,NA, 2024-04-01 00:11:26,FALSE,SW6_EVENT25,SW6_EVENT25_W,W,D,SW6,1,NA,F,SW6-F2,N,2,NA,SW6_EVENT25,W
720,SW6,SW6N.IMG_0203.MP4,NA, 2024-04-01 00:11:46,FALSE,SW6_EVENT25,SW6_EVENT25_W,W,D,SW6,1,NA,F,SW6-F2,N,2,NA,SW6_EVENT25,W
721,SW6,SW6N.IMG_0215.MP4,NA, 2024-04-01 10:15:36,FALSE,SW6_EVENT26,SW6_EVENT26_W,W,L,SW6,1,NA,M,SW6-M1,N,0,NA,SW6_EVENT26,W
722,SW6,SW6A.IMG_0265.MP4,NA, 2024-04-01 18:10:58,FALSE,SW6_EVENT27,SW6_EVENT27_A,A,L,SW6,1,NA,M,SW6-M1,N,0,NA,SW6_EVENT27,A
723,SW6,SW6A.IMG_0267.MP4,NA, 2024-04-01 23:59:46,FALSE,SW6_EVENT28,SW6_EVENT28_A,A,D,SW6,1,NA,F,SW6-F2,N,1,NA,SW6_EVENT28,A
724,SW6,SW6N.IMG_0235.MP4,NA, 2024-04-02 00:00:18,FALSE,SW6_EVENT28,SW6_EVENT28_W,W,D,SW6,1,NA,F,SW6-F2,N,2,NA,SW6_EVENT28,W
725,SW6,SW6N.IMG_0237.MP4,NA, 2024-04-02 07:24:00,FALSE,SW6_EVENT29,SW6_EVENT29_W,W,L,SW6,1,NA,F,SW6-F2,N,1,NA,SW6_EVENT29,W
726,SW6,SW6A.IMG_0268.MP4,NA, 2024-04-02 07:24:16,FALSE,SW6_EVENT29,SW6_EVENT29_A,A,L,SW6,1,NA,F,SW6-F2,N,2,NA,SW6_EVENT29,A
727,SW7,SW7A.IMG_0008.MP4,NA, 2024-03-13 07:14:11,FALSE,SW7_EVENT1,SW7_EVENT1_A,A,L,SW7,1,NA,SF,SW7_SF1,mangey back and tail,0,NA,SW7_EVENT1,A
728,SW7,SW7A.IMG_0009.MP4,NA, 2024-03-13 07:14:36,FALSE,SW7_EVENT1,SW7_EVENT1_A,A,L,SW7,1,NA,SF,SW7_SF1,mangey back and tail,0,NA,SW7_EVENT1,A
729,SW7,SW7A.IMG_0010.MP4,NA, 2024-03-13 08:35:30,FALSE,SW7_EVENT2,SW7_EVENT2_A,A,L,SW7,1,NA,F,SW7_F1,pregnant,0,NA,SW7_EVENT2,A
730,SW7,SW7A.IMG_0016.MP4,NA, 2024-03-13 18:55:04,FALSE,SW7_EVENT3,SW7_EVENT3_A,A,L,SW7,1,NA,SF,SW7_SF1,mangey back and tail,0,NA,SW7_EVENT3,A
731,SW7,SW7N.IMG_0019.MP4,NA, 2024-03-15 12:50:00,FALSE,SW7_EVENT4,SW7_EVENT4_W,W,L,SW7,1,NA,M,SW7_M1,N,0,NA,SW7_EVENT4,W
732,SW7,SW7A.IMG_0113.MP4,NA, 2024-03-18 05:55:00,FALSE,SW7_EVENT5,SW7_EVENT5_A,A,D,SW7,1,NA,Unk,SW7_U1,N,0,NA,SW7_EVENT5,A
733,SW7,SW7N.IMG_0058.MP4,NA, 2024-03-18 20:21:35,FALSE,SW7_EVENT6,SW7_EVENT6_W,W,D,SW7,1,NA,Unk,SW7_U2,N,0,NA,SW7_EVENT6,W
734,SW7,SW7N.IMG_0066.MP4,NA, 2024-03-22 06:51:00,FALSE,SW7_EVENT7,SW7_EVENT7_W,W,L,SW7,1,NA,M,SW7_M1,N,0,NA,SW7_EVENT7,W
735,SW7,SW7N.IMG_0067.MP4,NA, 2024-03-22 06:51:23,FALSE,SW7_EVENT7,SW7_EVENT7_W,W,L,SW7,1,NA,M,SW7_M1,N,0,NA,SW7_EVENT7,W
736,SW7,SW7N.IMG_0069.MP4,NA, 2024-03-23 13:39:34,FALSE,SW7_EVENT8,SW7_EVENT8_W,W,L,SW7,1,NA,F,SW7_F1,pregnant,0,NA,SW7_EVENT8,W
737,SW7,SW7N.IMG_0149.MP4,NA, 2024-03-27 06:12:24,FALSE,SW7_EVENT9,SW7_EVENT9_W,W,L,SW7,1,NA,SF,SW7_SF1,mangey back and tail,0,NA,SW7_EVENT9,W
738,SW7,SW7N.IMG_0202.MP4,NA, 2024-03-30 18:26:26,FALSE,SW7_EVENT10,SW7_EVENT10_W,W,L,SW7,1,NA,SF,SW7_SF1,mangey back and tail,0,NA,SW7_EVENT10,W
